#    1 | steps_t:     0 | t: 0.012812 | r:  -158.200000 | avg_r:  -158.200000 | e:   1.000000 | Q:        nan | won: False 
#    2 | steps_t:     0 | t: 0.039005 | r:  -163.200000 | avg_r:  -160.700000 | e:   1.000000 | Q:        nan | won: False 
#    3 | steps_t:     0 | t: 0.056496 | r:    86.600000 | avg_r:   -78.266667 | e:   1.000000 | Q:        nan | won: False 
#    4 | steps_t:     0 | t: 0.063063 | r:  -375.000000 | avg_r:  -152.450000 | e:   1.000000 | Q:        nan | won: False 
#    5 | steps_t:     0 | t: 0.063846 | r:    71.000000 | avg_r:  -107.760000 | e:   1.000000 | Q:        nan | won: False 
#    6 | steps_t:     0 | t: 0.083157 | r:  -418.000000 | avg_r:  -159.466667 | e:   1.000000 | Q:        nan | won: False 
#    7 | steps_t:     0 | t: 0.099065 | r:  -130.200000 | avg_r:  -155.285714 | e:   1.000000 | Q:        nan | won: False 
#    8 | steps_t:     0 | t: 0.138208 | r:   -80.600000 | avg_r:  -145.950000 | e:   1.000000 | Q:        nan | won: False 
#    9 | steps_t:     0 | t: 0.153063 | r:    94.400000 | avg_r:  -119.244444 | e:   1.000000 | Q:        nan | won: False 
#   10 | steps_t:     0 | t: 0.184161 | r:   509.600000 | avg_r:   -56.360000 | e:   1.000000 | Q:        nan | won: False 
#   11 | steps_t:     0 | t: 0.222429 | r:  -302.200000 | avg_r:   -78.709091 | e:   1.000000 | Q:        nan | won: False 
#   12 | steps_t:     0 | t: 0.232898 | r:  -416.000000 | avg_r:  -106.816667 | e:   1.000000 | Q:        nan | won: False 
#   13 | steps_t:     0 | t: 0.252566 | r:   143.600000 | avg_r:   -87.553846 | e:   1.000000 | Q:        nan | won: False 
#   14 | steps_t:     0 | t: 0.271733 | r:   726.400000 | avg_r:   -29.414286 | e:   1.000000 | Q:        nan | won: False 
#   15 | steps_t:     0 | t: 0.288626 | r:  -163.200000 | avg_r:   -38.333333 | e:   1.000000 | Q:        nan | won: False 
#   16 | steps_t:     0 | t: 0.325160 | r:    25.000000 | avg_r:   -34.375000 | e:   1.000000 | Q:        nan | won: False 
#   17 | steps_t:     0 | t: 0.348943 | r:    24.400000 | avg_r:   -30.917647 | e:   1.000000 | Q:        nan | won: False 
#   18 | steps_t:     0 | t: 0.356131 | r:  -389.000000 | avg_r:   -50.811111 | e:   1.000000 | Q:        nan | won: False 
#   19 | steps_t:     0 | t: 0.364223 | r:    54.600000 | avg_r:   -45.263158 | e:   1.000000 | Q:        nan | won: False 
#   20 | steps_t:     0 | t: 0.393406 | r:  -156.200000 | avg_r:   -50.810000 | e:   1.000000 | Q:        nan | won: False 
#   21 | steps_t:     4 | t: 0.687096 | r:   907.000000 | avg_r:    -5.200000 | e:   0.999800 | Q:        nan | won: False 
#   22 | steps_t:     7 | t: 0.857169 | r:   387.200000 | avg_r:    12.636364 | e:   0.999650 | Q:        nan | won: False 
#   23 | steps_t:     9 | t: 0.962400 | r:   140.600000 | avg_r:    18.200000 | e:   0.999550 | Q:        nan | won: False 
#   24 | steps_t:    15 | t: 1.282472 | r:    31.400000 | avg_r:    18.750000 | e:   0.999250 | Q:        nan | won: False 
#   25 | steps_t:    18 | t: 1.456791 | r:  -144.000000 | avg_r:    12.240000 | e:   0.999100 | Q:        nan | won: False 
#   26 | steps_t:    20 | t: 1.564536 | r:  -386.000000 | avg_r:    -3.076923 | e:   0.999000 | Q:        nan | won: False 
#   27 | steps_t:    22 | t: 1.679043 | r:    85.800000 | avg_r:     0.214815 | e:   0.998900 | Q:        nan | won: False 
#   28 | steps_t:    25 | t: 1.845722 | r:  -153.000000 | avg_r:    -5.257143 | e:   0.998750 | Q:        nan | won: False 
#   29 | steps_t:    29 | t: 2.065340 | r:    89.000000 | avg_r:    -2.006897 | e:   0.998550 | Q:        nan | won: False 
#   30 | steps_t:    30 | t: 2.123094 | r:   -88.200000 | avg_r:    -4.880000 | e:   0.998500 | Q:        nan | won: False 
#   31 | steps_t:    34 | t: 2.318475 | r:  -272.400000 | avg_r:   -13.509677 | e:   0.998300 | Q:        nan | won: False 
#   32 | steps_t:    37 | t: 2.475878 | r:  -116.000000 | avg_r:   -16.712500 | e:   0.998150 | Q:        nan | won: False 
#   33 | steps_t:    42 | t: 2.722217 | r:  1130.400000 | avg_r:    18.048485 | e:   0.997900 | Q:        nan | won: False 
#   34 | steps_t:    51 | t: 3.182763 | r:  1102.400000 | avg_r:    49.941176 | e:   0.997450 | Q:        nan | won: False 
#   35 | steps_t:    52 | t: 3.247499 | r:  -129.200000 | avg_r:    44.822857 | e:   0.997400 | Q:        nan | won: False 
#   36 | steps_t:    55 | t: 3.390347 | r:    88.600000 | avg_r:    46.038889 | e:   0.997250 | Q:        nan | won: False 
#   37 | steps_t:    58 | t: 3.532482 | r:  -198.000000 | avg_r:    39.443243 | e:   0.997100 | Q:        nan | won: False 
#   38 | steps_t:    61 | t: 3.680236 | r:   140.800000 | avg_r:    42.110526 | e:   0.996950 | Q:        nan | won: False 
#   39 | steps_t:    64 | t: 3.840556 | r:   160.800000 | avg_r:    45.153846 | e:   0.996800 | Q:        nan | won: False 
#   40 | steps_t:    71 | t: 4.194195 | r:   512.800000 | avg_r:    56.845000 | e:   0.996450 | Q:  13.399319 | won: False 
#   41 | steps_t:    74 | t: 4.363593 | r:   190.000000 | avg_r:    60.092683 | e:   0.996300 | Q:  23.310553 | won: False 
#   42 | steps_t:    75 | t: 4.416983 | r:   -95.200000 | avg_r:    56.395238 | e:   0.996250 | Q:        nan | won: False 
#   43 | steps_t:    80 | t: 4.679317 | r:   403.800000 | avg_r:    64.474419 | e:   0.996000 | Q:  26.301340 | won: False 
#   44 | steps_t:    82 | t: 4.789708 | r:    78.000000 | avg_r:    64.781818 | e:   0.995900 | Q:        nan | won: False 
#   45 | steps_t:    86 | t: 4.993299 | r:  -238.800000 | avg_r:    58.035556 | e:   0.995700 | Q:        nan | won: False 
#   46 | steps_t:    89 | t: 5.141846 | r:   211.400000 | avg_r:    61.369565 | e:   0.995550 | Q:        nan | won: False 
#   47 | steps_t:    91 | t: 5.262390 | r:  -350.000000 | avg_r:    52.617021 | e:   0.995450 | Q:        nan | won: False 
#   48 | steps_t:    93 | t: 5.364728 | r:    45.200000 | avg_r:    52.462500 | e:   0.995350 | Q:        nan | won: False 
#   49 | steps_t:    97 | t: 5.584310 | r:    30.800000 | avg_r:    52.020408 | e:   0.995150 | Q:        nan | won: False 
#   50 | steps_t:   102 | t: 5.838711 | r:  -284.800000 | avg_r:    45.284000 | e:   0.994900 | Q:        nan | won: False 
#   51 | steps_t:   107 | t: 6.097695 | r:  -256.000000 | avg_r:    39.376471 | e:   0.994650 | Q:        nan | won: False 
#   52 | steps_t:   109 | t: 6.196968 | r:  -106.000000 | avg_r:    36.580769 | e:   0.994550 | Q:        nan | won: False 
#   53 | steps_t:   112 | t: 6.345558 | r:   173.200000 | avg_r:    39.158491 | e:   0.994400 | Q:        nan | won: False 
#   54 | steps_t:   114 | t: 6.441247 | r:  -399.000000 | avg_r:    31.044444 | e:   0.994300 | Q:        nan | won: False 
#   55 | steps_t:   116 | t: 6.546696 | r:  -150.200000 | avg_r:    27.749091 | e:   0.994200 | Q:        nan | won: False 
#   56 | steps_t:   118 | t: 6.653307 | r:  -159.200000 | avg_r:    24.410714 | e:   0.994100 | Q:        nan | won: False 
#   57 | steps_t:   125 | t: 7.025227 | r:   -28.200000 | avg_r:    23.487719 | e:   0.993750 | Q:        nan | won: False 
#   58 | steps_t:   128 | t: 7.174391 | r:   323.600000 | avg_r:    28.662069 | e:   0.993600 | Q: 316.681946 | won: False 
#   59 | steps_t:   131 | t: 7.325935 | r:  -116.600000 | avg_r:    26.200000 | e:   0.993450 | Q:        nan | won: False 
#   60 | steps_t:   135 | t: 7.519430 | r:  -526.000000 | avg_r:    16.996667 | e:   0.993250 | Q:        nan | won: False 
#   61 | steps_t:   144 | t: 7.971162 | r:   392.000000 | avg_r:    23.144262 | e:   0.992800 | Q:        nan | won: False 
#   62 | steps_t:   146 | t: 8.078074 | r:  -194.600000 | avg_r:    19.632258 | e:   0.992700 | Q:        nan | won: False 
#   63 | steps_t:   147 | t: 8.133561 | r:  -431.000000 | avg_r:    12.479365 | e:   0.992650 | Q:        nan | won: False 
#   64 | steps_t:   149 | t: 8.238903 | r:   192.200000 | avg_r:    15.287500 | e:   0.992550 | Q:        nan | won: False 
#   65 | steps_t:   153 | t: 8.443636 | r:   113.800000 | avg_r:    16.803077 | e:   0.992350 | Q:        nan | won: False 
#   66 | steps_t:   155 | t: 8.545762 | r:   -91.000000 | avg_r:    15.169697 | e:   0.992250 | Q:        nan | won: False 
#   67 | steps_t:   161 | t: 8.860595 | r:   211.800000 | avg_r:    18.104478 | e:   0.991950 | Q:        nan | won: False 
#   68 | steps_t:   171 | t: 9.372818 | r:    36.800000 | avg_r:    18.379412 | e:   0.991450 | Q: 446.170776 | won: False 
#   69 | steps_t:   171 | t: 9.381910 | r:  -353.000000 | avg_r:    12.997101 | e:   0.991450 | Q:        nan | won: False 
#   70 | steps_t:   173 | t: 9.487744 | r:  -144.000000 | avg_r:    10.754286 | e:   0.991350 | Q:        nan | won: False 
#   71 | steps_t:   179 | t: 9.789624 | r:  1252.000000 | avg_r:    28.236620 | e:   0.991050 | Q:        nan | won: False 
#   72 | steps_t:   181 | t: 9.895768 | r:  1368.800000 | avg_r:    46.855556 | e:   0.990950 | Q:        nan | won: False 
#   73 | steps_t:   185 | t: 10.093085 | r:  -232.400000 | avg_r:    43.030137 | e:   0.990750 | Q:        nan | won: False 
#   74 | steps_t:   187 | t: 10.199224 | r:  -130.000000 | avg_r:    40.691892 | e:   0.990650 | Q:        nan | won: False 
#   75 | steps_t:   190 | t: 10.354234 | r:  -258.400000 | avg_r:    36.704000 | e:   0.990500 | Q:        nan | won: False 
#   76 | steps_t:   195 | t: 10.625225 | r:    26.200000 | avg_r:    36.565789 | e:   0.990250 | Q:        nan | won: False 
#   77 | steps_t:   196 | t: 10.682246 | r:  -399.000000 | avg_r:    30.909091 | e:   0.990200 | Q:        nan | won: False 
#   78 | steps_t:   200 | t: 10.889205 | r:   332.000000 | avg_r:    34.769231 | e:   0.990000 | Q:        nan | won: False 
#   79 | steps_t:   203 | t: 11.044247 | r:   122.800000 | avg_r:    35.883544 | e:   0.989850 | Q:        nan | won: False 
#   80 | steps_t:   204 | t: 11.100493 | r:  -378.000000 | avg_r:    30.710000 | e:   0.989800 | Q:        nan | won: False 
#   81 | steps_t:   205 | t: 11.147375 | r:  -377.000000 | avg_r:    25.676543 | e:   0.989750 | Q:        nan | won: False 
#   82 | steps_t:   209 | t: 11.359652 | r:   -61.800000 | avg_r:    24.609756 | e:   0.989550 | Q:        nan | won: False 
#   83 | steps_t:   211 | t: 11.476715 | r:  -210.200000 | avg_r:    21.780723 | e:   0.989450 | Q: 216.817551 | won: False 
#   84 | steps_t:   214 | t: 11.628777 | r:   133.200000 | avg_r:    23.107143 | e:   0.989300 | Q:        nan | won: False 
#   85 | steps_t:   215 | t: 11.676173 | r:  -361.000000 | avg_r:    18.588235 | e:   0.989250 | Q:        nan | won: False 
#   86 | steps_t:   217 | t: 11.780322 | r:  -123.600000 | avg_r:    16.934884 | e:   0.989150 | Q:        nan | won: False 
#   87 | steps_t:   222 | t: 12.034063 | r:   364.200000 | avg_r:    20.926437 | e:   0.988900 | Q:        nan | won: False 
#   88 | steps_t:   229 | t: 12.397644 | r:    58.600000 | avg_r:    21.354545 | e:   0.988550 | Q: 183.766052 | won: False 
#   89 | steps_t:   230 | t: 12.448622 | r:  -420.000000 | avg_r:    16.395506 | e:   0.988500 | Q:        nan | won: False 
#   90 | steps_t:   233 | t: 12.605259 | r:   342.000000 | avg_r:    20.013333 | e:   0.988350 | Q:        nan | won: False 
#   91 | steps_t:   235 | t: 12.702515 | r:   547.600000 | avg_r:    25.810989 | e:   0.988250 | Q:        nan | won: False 
#   92 | steps_t:   239 | t: 12.920551 | r:    42.400000 | avg_r:    25.991304 | e:   0.988050 | Q:        nan | won: False 
#   93 | steps_t:   244 | t: 13.179405 | r:   124.800000 | avg_r:    27.053763 | e:   0.987800 | Q: 164.713089 | won: False 
#   94 | steps_t:   248 | t: 13.394279 | r:  -459.000000 | avg_r:    21.882979 | e:   0.987600 | Q: 160.420074 | won: False 
#   95 | steps_t:   267 | t: 14.365676 | r:   505.800000 | avg_r:    26.976842 | e:   0.986650 | Q: 159.595215 | won: False 
#   96 | steps_t:   272 | t: 14.632220 | r:   160.600000 | avg_r:    28.368750 | e:   0.986400 | Q:        nan | won: False 
#   97 | steps_t:   273 | t: 14.692601 | r:  -365.000000 | avg_r:    24.313402 | e:   0.986350 | Q:        nan | won: False 
#   98 | steps_t:   277 | t: 14.942046 | r:   302.000000 | avg_r:    27.146939 | e:   0.986150 | Q:        nan | won: False 
#   99 | steps_t:   282 | t: 15.214471 | r:   854.400000 | avg_r:    35.503030 | e:   0.985900 | Q: 132.476562 | won: False 
#  100 | steps_t:   284 | t: 15.321824 | r:   152.800000 | avg_r:    36.676000 | e:   0.985800 | Q:        nan | won: False 
#  101 | steps_t:   285 | t: 15.376469 | r:   183.800000 | avg_r:    38.132673 | e:   0.985750 | Q:        nan | won: False 
#  102 | steps_t:   287 | t: 15.485377 | r:   474.400000 | avg_r:    42.409804 | e:   0.985650 | Q: 131.561005 | won: False 
#  103 | steps_t:   290 | t: 15.635180 | r:   647.000000 | avg_r:    48.279612 | e:   0.985500 | Q:        nan | won: False 
#  104 | steps_t:   293 | t: 15.797598 | r:   158.400000 | avg_r:    49.338462 | e:   0.985350 | Q: 127.811340 | won: False 
#  105 | steps_t:   294 | t: 15.856757 | r:  -344.000000 | avg_r:    45.592381 | e:   0.985300 | Q:        nan | won: False 
#  106 | steps_t:   296 | t: 15.962668 | r:   718.000000 | avg_r:    51.935849 | e:   0.985200 | Q:        nan | won: False 
#  107 | steps_t:   302 | t: 16.272778 | r:   911.600000 | avg_r:    59.970093 | e:   0.984900 | Q: 124.060410 | won: False 
#  108 | steps_t:   305 | t: 16.414200 | r:     0.200000 | avg_r:    59.416667 | e:   0.984750 | Q:        nan | won: False 
#  109 | steps_t:   306 | t: 16.484988 | r:   143.800000 | avg_r:    60.190826 | e:   0.984700 | Q:        nan | won: False 
#  110 | steps_t:   314 | t: 16.882555 | r:  1542.800000 | avg_r:    73.669091 | e:   0.984300 | Q: 121.797379 | won: False 
#  111 | steps_t:   323 | t: 17.343594 | r:   139.800000 | avg_r:    74.264865 | e:   0.983850 | Q: 121.135567 | won: False 
#  112 | steps_t:   325 | t: 17.441321 | r:  -127.200000 | avg_r:    72.466071 | e:   0.983750 | Q:        nan | won: False 
#  113 | steps_t:   327 | t: 17.532138 | r:   -30.400000 | avg_r:    71.555752 | e:   0.983650 | Q:        nan | won: False 
#  114 | steps_t:   330 | t: 17.682664 | r:  -200.600000 | avg_r:    69.168421 | e:   0.983500 | Q:        nan | won: False 
#  115 | steps_t:   333 | t: 17.844110 | r:  -125.600000 | avg_r:    67.474783 | e:   0.983350 | Q: 125.359474 | won: False 
#  116 | steps_t:   335 | t: 17.941818 | r:   -93.800000 | avg_r:    66.084483 | e:   0.983250 | Q: 125.762589 | won: False 
#  117 | steps_t:   335 | t: 17.947330 | r:   -50.600000 | avg_r:    65.087179 | e:   0.983250 | Q:        nan | won: False 
#  118 | steps_t:   340 | t: 18.197402 | r:   -33.800000 | avg_r:    64.249153 | e:   0.983000 | Q: 125.946777 | won: False 
#  119 | steps_t:   343 | t: 18.344099 | r:  1049.000000 | avg_r:    72.524370 | e:   0.982850 | Q:        nan | won: False 
#  120 | steps_t:   346 | t: 18.492311 | r:   134.200000 | avg_r:    73.038333 | e:   0.982700 | Q:        nan | won: False 
#  121 | steps_t:   348 | t: 18.610815 | r:  -544.000000 | avg_r:    67.938843 | e:   0.982600 | Q:        nan | won: False 
#  122 | steps_t:   352 | t: 18.816990 | r:   287.000000 | avg_r:    69.734426 | e:   0.982400 | Q: 130.371597 | won: False 
#  123 | steps_t:   353 | t: 18.876605 | r:  -409.000000 | avg_r:    65.842276 | e:   0.982350 | Q:        nan | won: False 
#  124 | steps_t:   354 | t: 18.926841 | r:   139.000000 | avg_r:    66.432258 | e:   0.982300 | Q:        nan | won: False 
#  125 | steps_t:   355 | t: 18.979861 | r:  -100.600000 | avg_r:    65.096000 | e:   0.982250 | Q:        nan | won: False 
#  126 | steps_t:   366 | t: 19.538128 | r:  -481.400000 | avg_r:    60.758730 | e:   0.981700 | Q: 132.659119 | won: False 
#  127 | steps_t:   369 | t: 19.698242 | r:  -282.000000 | avg_r:    58.059843 | e:   0.981550 | Q: 135.824661 | won: False 
#  128 | steps_t:   371 | t: 19.805426 | r:  -386.000000 | avg_r:    54.590625 | e:   0.981450 | Q:        nan | won: False 
#  129 | steps_t:   378 | t: 20.151533 | r:   732.400000 | avg_r:    59.844961 | e:   0.981100 | Q: 137.427399 | won: False 
#  130 | steps_t:   380 | t: 20.256344 | r:   -72.200000 | avg_r:    58.829231 | e:   0.981000 | Q:        nan | won: False 
#  131 | steps_t:   382 | t: 20.361937 | r:   144.800000 | avg_r:    59.485496 | e:   0.980900 | Q:        nan | won: False 
#  132 | steps_t:   384 | t: 20.479033 | r:   194.800000 | avg_r:    60.510606 | e:   0.980800 | Q:        nan | won: False 
#  133 | steps_t:   386 | t: 20.580313 | r:   -81.400000 | avg_r:    59.443609 | e:   0.980700 | Q:        nan | won: False 
#  134 | steps_t:   389 | t: 20.733477 | r:   670.800000 | avg_r:    64.005970 | e:   0.980550 | Q:        nan | won: False 
#  135 | steps_t:   390 | t: 20.788477 | r:  -185.800000 | avg_r:    62.155556 | e:   0.980500 | Q:        nan | won: False 
#  136 | steps_t:   392 | t: 20.895598 | r:  -359.000000 | avg_r:    59.058824 | e:   0.980400 | Q:        nan | won: False 
#  137 | steps_t:   395 | t: 21.054141 | r:  1004.400000 | avg_r:    65.959124 | e:   0.980250 | Q: 142.581207 | won: False 
#  138 | steps_t:   401 | t: 21.389076 | r:   -75.800000 | avg_r:    64.931884 | e:   0.979950 | Q: 144.049606 | won: False 
#  139 | steps_t:   405 | t: 21.595224 | r:  -147.000000 | avg_r:    63.407194 | e:   0.979750 | Q:        nan | won: False 
#  140 | steps_t:   408 | t: 21.747512 | r:   589.400000 | avg_r:    67.164286 | e:   0.979600 | Q: 145.391006 | won: False 
#  141 | steps_t:   415 | t: 22.100451 | r:  -473.400000 | avg_r:    63.330496 | e:   0.979250 | Q: 147.516541 | won: False 
#  142 | steps_t:   417 | t: 22.212012 | r:   154.200000 | avg_r:    63.970423 | e:   0.979150 | Q: 151.309784 | won: False 
#  143 | steps_t:   418 | t: 22.272507 | r:   -97.800000 | avg_r:    62.839161 | e:   0.979100 | Q:        nan | won: False 
#  144 | steps_t:   422 | t: 22.468540 | r:   166.400000 | avg_r:    63.558333 | e:   0.978900 | Q: 152.041824 | won: False 
#  145 | steps_t:   428 | t: 22.780436 | r:  -619.000000 | avg_r:    58.851034 | e:   0.978600 | Q: 152.774918 | won: False 
#  146 | steps_t:   434 | t: 23.100984 | r:  -278.600000 | avg_r:    56.539726 | e:   0.978300 | Q: 154.308670 | won: False 
#  147 | steps_t:   442 | t: 23.586620 | r:  -128.800000 | avg_r:    55.278912 | e:   0.977900 | Q: 154.714447 | won: False 
#  148 | steps_t:   444 | t: 23.692494 | r:   200.200000 | avg_r:    56.258108 | e:   0.977800 | Q: 156.373291 | won: False 
#  149 | steps_t:   453 | t: 24.209105 | r:  -154.000000 | avg_r:    54.846980 | e:   0.977350 | Q: 158.511490 | won: False 
#  150 | steps_t:   455 | t: 24.322073 | r:   156.800000 | avg_r:    55.526667 | e:   0.977250 | Q:        nan | won: False 
#  151 | steps_t:   458 | t: 24.495380 | r:   444.200000 | avg_r:    58.100662 | e:   0.977100 | Q:        nan | won: False 
#  152 | steps_t:   463 | t: 24.779165 | r:    -6.600000 | avg_r:    57.675000 | e:   0.976850 | Q:        nan | won: False 
#  153 | steps_t:   466 | t: 24.956820 | r:   137.600000 | avg_r:    58.197386 | e:   0.976700 | Q:        nan | won: False 
#  154 | steps_t:   468 | t: 25.069852 | r:   244.600000 | avg_r:    59.407792 | e:   0.976600 | Q: 167.665833 | won: False 
#  155 | steps_t:   473 | t: 25.332561 | r:    53.000000 | avg_r:    59.366452 | e:   0.976350 | Q:        nan | won: False 
#  156 | steps_t:   473 | t: 25.338592 | r:  -353.000000 | avg_r:    56.723077 | e:   0.976350 | Q:        nan | won: False 
#  157 | steps_t:   476 | t: 25.492080 | r:  -179.600000 | avg_r:    55.217834 | e:   0.976200 | Q:        nan | won: False 
#  158 | steps_t:   478 | t: 25.597047 | r:  -395.000000 | avg_r:    52.368354 | e:   0.976100 | Q:        nan | won: False 
#  159 | steps_t:   480 | t: 25.696997 | r:  -403.000000 | avg_r:    49.504403 | e:   0.976000 | Q:        nan | won: False 
#  160 | steps_t:   484 | t: 25.912637 | r:    81.800000 | avg_r:    49.706250 | e:   0.975800 | Q: 166.252701 | won: False 
#  161 | steps_t:   486 | t: 26.018282 | r:  -407.000000 | avg_r:    46.869565 | e:   0.975700 | Q:        nan | won: False 
#  162 | steps_t:   487 | t: 26.072861 | r:  -360.000000 | avg_r:    44.358025 | e:   0.975650 | Q:        nan | won: False 
#  163 | steps_t:   488 | t: 26.116033 | r:  -350.000000 | avg_r:    41.938650 | e:   0.975600 | Q:        nan | won: False 
#  164 | steps_t:   490 | t: 26.227131 | r:  -197.600000 | avg_r:    40.478049 | e:   0.975500 | Q:        nan | won: False 
#  165 | steps_t:   493 | t: 26.376768 | r:   450.800000 | avg_r:    42.964848 | e:   0.975350 | Q:        nan | won: False 
#  166 | steps_t:   495 | t: 26.488824 | r:   180.400000 | avg_r:    43.792771 | e:   0.975250 | Q: 157.452393 | won: False 
#  167 | steps_t:   496 | t: 26.540413 | r:   -51.600000 | avg_r:    43.221557 | e:   0.975200 | Q:        nan | won: False 
#  168 | steps_t:   498 | t: 26.648407 | r:  -149.600000 | avg_r:    42.073810 | e:   0.975100 | Q:        nan | won: False 
#  169 | steps_t:   500 | t: 26.759723 | r:  -446.000000 | avg_r:    39.185799 | e:   0.975000 | Q: 151.695740 | won: False 
#  170 | steps_t:   501 | t: 26.840787 | r:   145.800000 | avg_r:    39.812941 | e:   0.974950 | Q: 151.710358 | won: False 
#  171 | steps_t:   505 | t: 27.044862 | r:  -544.000000 | avg_r:    36.398830 | e:   0.974750 | Q: 148.088974 | won: False 
#  172 | steps_t:   513 | t: 27.447322 | r:   -79.400000 | avg_r:    35.725581 | e:   0.974350 | Q: 147.058319 | won: False 
#  173 | steps_t:   515 | t: 27.563639 | r:   147.600000 | avg_r:    36.372254 | e:   0.974250 | Q:        nan | won: False 
#  174 | steps_t:   517 | t: 27.686325 | r:   498.400000 | avg_r:    39.027586 | e:   0.974150 | Q:        nan | won: False 
#  175 | steps_t:   520 | t: 27.860540 | r:  -464.000000 | avg_r:    36.153143 | e:   0.974000 | Q:        nan | won: False 
#  176 | steps_t:   522 | t: 27.987559 | r:   428.400000 | avg_r:    38.381818 | e:   0.973900 | Q:        nan | won: False 
#  177 | steps_t:   525 | t: 28.171035 | r:  -149.000000 | avg_r:    37.323164 | e:   0.973750 | Q:        nan | won: False 
#  178 | steps_t:   527 | t: 28.266968 | r:   125.200000 | avg_r:    37.816854 | e:   0.973650 | Q:        nan | won: False 
#  179 | steps_t:   528 | t: 28.327967 | r:  -108.000000 | avg_r:    37.002235 | e:   0.973600 | Q:        nan | won: False 
#  180 | steps_t:   532 | t: 28.546422 | r:   115.800000 | avg_r:    37.440000 | e:   0.973400 | Q: 129.161804 | won: False 
#  181 | steps_t:   537 | t: 28.849496 | r:   655.800000 | avg_r:    40.856354 | e:   0.973150 | Q:        nan | won: False 
#  182 | steps_t:   541 | t: 29.093337 | r:  -308.400000 | avg_r:    38.937363 | e:   0.972950 | Q:        nan | won: False 
#  183 | steps_t:   542 | t: 29.167713 | r:   294.600000 | avg_r:    40.334426 | e:   0.972900 | Q: 120.754486 | won: False 
#  184 | steps_t:   545 | t: 29.341795 | r:  -181.600000 | avg_r:    39.128261 | e:   0.972750 | Q:        nan | won: False 
#  185 | steps_t:   546 | t: 29.401014 | r:  -410.000000 | avg_r:    36.700541 | e:   0.972700 | Q:        nan | won: False 
#  186 | steps_t:   549 | t: 29.561466 | r:  -479.000000 | avg_r:    33.927957 | e:   0.972550 | Q: 116.304459 | won: False 
#  187 | steps_t:   556 | t: 29.922056 | r:   202.200000 | avg_r:    34.827807 | e:   0.972200 | Q: 115.106514 | won: False 
#  188 | steps_t:   558 | t: 30.028066 | r:  -165.200000 | avg_r:    33.763830 | e:   0.972100 | Q: 111.612778 | won: False 
#  189 | steps_t:   563 | t: 30.295396 | r:   -22.200000 | avg_r:    33.467725 | e:   0.971850 | Q:        nan | won: False 
#  190 | steps_t:   564 | t: 30.354515 | r:  -371.000000 | avg_r:    31.338947 | e:   0.971800 | Q:        nan | won: False 
#  191 | steps_t:   566 | t: 30.470866 | r:  -119.400000 | avg_r:    30.549738 | e:   0.971700 | Q:        nan | won: False 
#  192 | steps_t:   569 | t: 30.626781 | r:   171.600000 | avg_r:    31.284375 | e:   0.971550 | Q:        nan | won: False 
#  193 | steps_t:   575 | t: 30.933329 | r:   809.600000 | avg_r:    35.317098 | e:   0.971250 | Q: 108.421844 | won: False 
#  194 | steps_t:   576 | t: 30.990641 | r:   -83.200000 | avg_r:    34.706186 | e:   0.971200 | Q: 109.863045 | won: False 
#  195 | steps_t:   578 | t: 31.108747 | r:   168.000000 | avg_r:    35.389744 | e:   0.971100 | Q:        nan | won: False 
#  196 | steps_t:   581 | t: 31.278013 | r:   266.400000 | avg_r:    36.568367 | e:   0.970950 | Q:        nan | won: False 
#  197 | steps_t:   582 | t: 31.332283 | r:   -80.000000 | avg_r:    35.976650 | e:   0.970900 | Q:        nan | won: False 
#  198 | steps_t:   585 | t: 31.494846 | r:   549.200000 | avg_r:    38.568687 | e:   0.970750 | Q:        nan | won: False 
#  199 | steps_t:   587 | t: 31.601109 | r:    64.200000 | avg_r:    38.697487 | e:   0.970650 | Q:        nan | won: False 
#  200 | steps_t:   590 | t: 31.764591 | r:  -147.800000 | avg_r:    37.765000 | e:   0.970500 | Q:        nan | won: False 
#  201 | steps_t:   594 | t: 31.982297 | r:   314.800000 | avg_r:    39.143284 | e:   0.970300 | Q:        nan | won: False 
#  202 | steps_t:   602 | t: 32.410771 | r:  1025.800000 | avg_r:    44.027723 | e:   0.969900 | Q:        nan | won: False 
#  203 | steps_t:   605 | t: 32.561615 | r:   241.800000 | avg_r:    45.001970 | e:   0.969750 | Q:        nan | won: False 
#  204 | steps_t:   609 | t: 32.774238 | r:   261.600000 | avg_r:    46.063725 | e:   0.969550 | Q: 131.290115 | won: False 
#  205 | steps_t:   609 | t: 32.778166 | r:  -360.000000 | avg_r:    44.082927 | e:   0.969550 | Q:        nan | won: False 
#  206 | steps_t:   617 | t: 33.178530 | r:   494.200000 | avg_r:    46.267961 | e:   0.969150 | Q: 132.316467 | won: False 
#  207 | steps_t:   622 | t: 33.439514 | r:  1659.800000 | avg_r:    54.062802 | e:   0.968900 | Q: 133.662109 | won: False 
#  208 | steps_t:   626 | t: 33.644648 | r:  -330.000000 | avg_r:    52.216346 | e:   0.968700 | Q:        nan | won: False 
#  209 | steps_t:   632 | t: 33.957691 | r:    -5.800000 | avg_r:    51.938756 | e:   0.968400 | Q: 132.253677 | won: False 
#  210 | steps_t:   634 | t: 34.072080 | r:  -447.000000 | avg_r:    49.562857 | e:   0.968300 | Q:        nan | won: False 
#  211 | steps_t:   635 | t: 34.122638 | r:  -110.000000 | avg_r:    48.806635 | e:   0.968250 | Q:        nan | won: False 
#  212 | steps_t:   641 | t: 34.439182 | r:  -160.400000 | avg_r:    47.819811 | e:   0.967950 | Q: 131.151535 | won: False 
#  213 | steps_t:   642 | t: 34.490345 | r:  -113.000000 | avg_r:    47.064789 | e:   0.967900 | Q:        nan | won: False 
#  214 | steps_t:   651 | t: 34.928411 | r:  -165.600000 | avg_r:    46.071028 | e:   0.967450 | Q: 130.811630 | won: False 
#  215 | steps_t:   657 | t: 35.226985 | r:   878.800000 | avg_r:    49.944186 | e:   0.967150 | Q: 134.556396 | won: False 
#  216 | steps_t:   659 | t: 35.339678 | r:   -88.000000 | avg_r:    49.305556 | e:   0.967050 | Q:        nan | won: False 
#  217 | steps_t:   668 | t: 35.796973 | r:  -125.600000 | avg_r:    48.499539 | e:   0.966600 | Q: 136.639130 | won: False 
#  218 | steps_t:   672 | t: 35.995136 | r:    -4.400000 | avg_r:    48.256881 | e:   0.966400 | Q: 137.201965 | won: False 
#  219 | steps_t:   675 | t: 36.158744 | r:  -144.800000 | avg_r:    47.375342 | e:   0.966250 | Q: 137.007828 | won: False 
#  220 | steps_t:   685 | t: 36.651144 | r:   652.400000 | avg_r:    50.125455 | e:   0.965750 | Q: 136.433273 | won: False 
#  221 | steps_t:   688 | t: 36.813239 | r:    42.800000 | avg_r:    50.092308 | e:   0.965600 | Q: 130.723801 | won: False 
#  222 | steps_t:   691 | t: 36.968909 | r:    94.200000 | avg_r:    50.290991 | e:   0.965450 | Q: 130.396912 | won: False 
#  223 | steps_t:   699 | t: 37.444908 | r:   -21.400000 | avg_r:    49.969507 | e:   0.965050 | Q: 129.046677 | won: False 
#  224 | steps_t:   705 | t: 37.764297 | r:  -229.800000 | avg_r:    48.720536 | e:   0.964750 | Q:        nan | won: False 
#  225 | steps_t:   709 | t: 37.973131 | r:   165.600000 | avg_r:    49.240000 | e:   0.964550 | Q: 124.418335 | won: False 
#  226 | steps_t:   710 | t: 38.026036 | r:  -349.000000 | avg_r:    47.477876 | e:   0.964500 | Q:        nan | won: False 
#  227 | steps_t:   712 | t: 38.119516 | r:  -366.000000 | avg_r:    45.656388 | e:   0.964400 | Q:        nan | won: False 
#  228 | steps_t:   718 | t: 38.445332 | r:   343.600000 | avg_r:    46.963158 | e:   0.964100 | Q: 123.690964 | won: False 
#  229 | steps_t:   720 | t: 38.549751 | r:  -102.600000 | avg_r:    46.310044 | e:   0.964000 | Q:        nan | won: False 
#  230 | steps_t:   722 | t: 38.685624 | r:  -514.000000 | avg_r:    43.873913 | e:   0.963900 | Q:        nan | won: False 
#  231 | steps_t:   726 | t: 38.922912 | r:  -178.400000 | avg_r:    42.911688 | e:   0.963700 | Q: 125.010803 | won: False 
#  232 | steps_t:   737 | t: 39.518227 | r:   875.800000 | avg_r:    46.501724 | e:   0.963150 | Q: 131.991074 | won: False 
#  233 | steps_t:   745 | t: 39.920152 | r:  3030.800000 | avg_r:    59.309871 | e:   0.962750 | Q: 135.449463 | won: True 
#  234 | steps_t:   748 | t: 40.076170 | r:   -83.000000 | avg_r:    58.701709 | e:   0.962600 | Q:        nan | won: False 
#  235 | steps_t:   749 | t: 40.135555 | r:  -446.000000 | avg_r:    56.554043 | e:   0.962550 | Q:        nan | won: False 
#  236 | steps_t:   754 | t: 40.384296 | r:    92.200000 | avg_r:    56.705085 | e:   0.962300 | Q: 138.170349 | won: False 
#  237 | steps_t:   755 | t: 40.454349 | r:   228.000000 | avg_r:    57.427848 | e:   0.962250 | Q: 138.788651 | won: False 
#  238 | steps_t:   757 | t: 40.545316 | r:  -107.200000 | avg_r:    56.736134 | e:   0.962150 | Q:        nan | won: False 
#  239 | steps_t:   758 | t: 40.601577 | r:   144.000000 | avg_r:    57.101255 | e:   0.962100 | Q:        nan | won: False 
#  240 | steps_t:   761 | t: 40.758791 | r:  -180.200000 | avg_r:    56.112500 | e:   0.961950 | Q:        nan | won: False 
#  241 | steps_t:   764 | t: 40.922846 | r:    95.000000 | avg_r:    56.273859 | e:   0.961800 | Q:        nan | won: False 
#  242 | steps_t:   769 | t: 41.170257 | r:  -559.000000 | avg_r:    53.731405 | e:   0.961550 | Q: 141.645828 | won: False 
#  243 | steps_t:   770 | t: 41.228990 | r:  -377.000000 | avg_r:    51.958848 | e:   0.961500 | Q:        nan | won: False 
#  244 | steps_t:   773 | t: 41.375389 | r:   416.400000 | avg_r:    53.452459 | e:   0.961350 | Q: 144.092148 | won: False 
#  245 | steps_t:   777 | t: 41.596730 | r:   302.600000 | avg_r:    54.469388 | e:   0.961150 | Q: 144.562134 | won: False 
#  246 | steps_t:   780 | t: 41.742029 | r:   693.000000 | avg_r:    57.065041 | e:   0.961000 | Q:        nan | won: False 
#  247 | steps_t:   790 | t: 42.373360 | r:   917.800000 | avg_r:    60.549798 | e:   0.960500 | Q: 146.545883 | won: False 
#  248 | steps_t:   792 | t: 42.489332 | r:  -138.800000 | avg_r:    59.745968 | e:   0.960400 | Q: 152.654877 | won: False 
#  249 | steps_t:   795 | t: 42.636387 | r:   450.000000 | avg_r:    61.313253 | e:   0.960250 | Q: 156.278015 | won: False 
#  250 | steps_t:   797 | t: 42.762644 | r:  -182.600000 | avg_r:    60.337600 | e:   0.960150 | Q: 165.137436 | won: False 
#  251 | steps_t:   799 | t: 42.877653 | r:  -243.400000 | avg_r:    59.127490 | e:   0.960050 | Q:        nan | won: False 
#  252 | steps_t:   801 | t: 42.978966 | r:  -406.000000 | avg_r:    57.281746 | e:   0.959950 | Q:        nan | won: False 
#  253 | steps_t:   803 | t: 43.081514 | r:   202.400000 | avg_r:    57.855336 | e:   0.959850 | Q: 179.553925 | won: False 
#  254 | steps_t:   805 | t: 43.190338 | r:   227.400000 | avg_r:    58.522835 | e:   0.959750 | Q:        nan | won: False 
#  255 | steps_t:   806 | t: 43.232235 | r:   -81.600000 | avg_r:    57.973333 | e:   0.959700 | Q:        nan | won: False 
#  256 | steps_t:   810 | t: 43.445394 | r:  1001.600000 | avg_r:    61.659375 | e:   0.959500 | Q: 195.307724 | won: False 
#  257 | steps_t:   811 | t: 43.501384 | r:  -373.000000 | avg_r:    59.968093 | e:   0.959450 | Q:        nan | won: False 
#  258 | steps_t:   814 | t: 43.642140 | r:  -195.600000 | avg_r:    58.977519 | e:   0.959300 | Q: 212.309174 | won: False 
#  259 | steps_t:   826 | t: 44.277966 | r:  -444.600000 | avg_r:    57.033205 | e:   0.958700 | Q:        nan | won: False 
#  260 | steps_t:   831 | t: 44.534802 | r:  1101.600000 | avg_r:    61.050769 | e:   0.958450 | Q: 221.022644 | won: False 
#  261 | steps_t:   832 | t: 44.588061 | r:  -359.000000 | avg_r:    59.441379 | e:   0.958400 | Q:        nan | won: False 
#  262 | steps_t:   836 | t: 44.789759 | r:   413.400000 | avg_r:    60.792366 | e:   0.958200 | Q: 216.322342 | won: False 
#  263 | steps_t:   838 | t: 44.896133 | r:  -408.000000 | avg_r:    59.009886 | e:   0.958100 | Q:        nan | won: False 
#  264 | steps_t:   840 | t: 45.002018 | r:  -106.800000 | avg_r:    58.381818 | e:   0.958000 | Q: 213.276184 | won: False 
#  265 | steps_t:   844 | t: 45.214714 | r:   143.200000 | avg_r:    58.701887 | e:   0.957800 | Q: 211.621490 | won: False 
#  266 | steps_t:   847 | t: 45.373178 | r:  1190.600000 | avg_r:    62.957143 | e:   0.957650 | Q: 211.564056 | won: False 
#  267 | steps_t:   854 | t: 45.735881 | r:  -111.000000 | avg_r:    62.305618 | e:   0.957300 | Q: 212.624634 | won: False 
#  268 | steps_t:   856 | t: 45.853387 | r:  -125.800000 | avg_r:    61.603731 | e:   0.957200 | Q: 210.637604 | won: False 
#  269 | steps_t:   868 | t: 46.470841 | r:  -238.400000 | avg_r:    60.488476 | e:   0.956600 | Q: 205.948975 | won: False 
#  270 | steps_t:   869 | t: 46.525433 | r:  -360.000000 | avg_r:    58.931111 | e:   0.956550 | Q:        nan | won: False 
#  271 | steps_t:   875 | t: 46.823896 | r:   620.200000 | avg_r:    61.002214 | e:   0.956250 | Q: 188.050781 | won: False 
#  272 | steps_t:   879 | t: 47.039047 | r:   101.400000 | avg_r:    61.150735 | e:   0.956050 | Q: 186.459839 | won: False 
#  273 | steps_t:   884 | t: 47.295172 | r:  -284.600000 | avg_r:    59.884249 | e:   0.955800 | Q:        nan | won: False 
#  274 | steps_t:   887 | t: 47.446148 | r:   441.200000 | avg_r:    61.275912 | e:   0.955650 | Q: 182.942566 | won: False 
#  275 | steps_t:   892 | t: 47.703382 | r:   -27.200000 | avg_r:    60.954182 | e:   0.955400 | Q: 187.169418 | won: False 
#  276 | steps_t:   893 | t: 47.763057 | r:   -72.000000 | avg_r:    60.472464 | e:   0.955350 | Q: 189.535217 | won: False 
#  277 | steps_t:   896 | t: 47.908350 | r:  -391.000000 | avg_r:    58.842599 | e:   0.955200 | Q:        nan | won: False 
#  278 | steps_t:   897 | t: 47.967032 | r:  -179.000000 | avg_r:    57.987050 | e:   0.955150 | Q: 192.891052 | won: False 
#  279 | steps_t:   901 | t: 48.176080 | r:    28.200000 | avg_r:    57.880287 | e:   0.954950 | Q: 197.362183 | won: False 
#  280 | steps_t:   902 | t: 48.236404 | r:  -117.200000 | avg_r:    57.255000 | e:   0.954900 | Q:        nan | won: False 
#  281 | steps_t:   906 | t: 48.431662 | r:  -335.000000 | avg_r:    55.859075 | e:   0.954700 | Q:        nan | won: False 
#  282 | steps_t:   909 | t: 48.600678 | r:  -116.000000 | avg_r:    55.249645 | e:   0.954550 | Q:        nan | won: False 
#  283 | steps_t:   912 | t: 48.762708 | r:   133.800000 | avg_r:    55.527208 | e:   0.954400 | Q: 205.267197 | won: False 
#  284 | steps_t:   915 | t: 48.918818 | r:  -163.600000 | avg_r:    54.755634 | e:   0.954250 | Q: 203.803833 | won: False 
#  285 | steps_t:   917 | t: 49.017710 | r:   202.600000 | avg_r:    55.274386 | e:   0.954150 | Q: 203.540176 | won: False 
#  286 | steps_t:   922 | t: 49.257013 | r:   850.600000 | avg_r:    58.055245 | e:   0.953900 | Q:        nan | won: False 
#  287 | steps_t:   924 | t: 49.359899 | r:  -404.000000 | avg_r:    56.445296 | e:   0.953800 | Q: 200.951675 | won: False 
#  288 | steps_t:   925 | t: 49.412936 | r:   173.400000 | avg_r:    56.851389 | e:   0.953750 | Q:        nan | won: False 
#  289 | steps_t:   926 | t: 49.472451 | r:  -397.000000 | avg_r:    55.280969 | e:   0.953700 | Q:        nan | won: False 
#  290 | steps_t:   929 | t: 49.628371 | r:  -187.200000 | avg_r:    54.444828 | e:   0.953550 | Q: 194.756195 | won: False 
#  291 | steps_t:   932 | t: 49.790758 | r:    93.000000 | avg_r:    54.577320 | e:   0.953400 | Q:        nan | won: False 
#  292 | steps_t:   934 | t: 49.893644 | r:  -116.200000 | avg_r:    53.992466 | e:   0.953300 | Q: 194.359177 | won: False 
#  293 | steps_t:   936 | t: 50.009552 | r:    44.400000 | avg_r:    53.959727 | e:   0.953200 | Q: 193.848053 | won: False 
#  294 | steps_t:   941 | t: 50.262017 | r:    82.200000 | avg_r:    54.055782 | e:   0.952950 | Q: 193.863434 | won: False 
#  295 | steps_t:   944 | t: 50.427917 | r:   354.000000 | avg_r:    55.072542 | e:   0.952800 | Q: 189.997147 | won: False 
#  296 | steps_t:   948 | t: 50.638684 | r:   306.600000 | avg_r:    55.922297 | e:   0.952600 | Q: 186.657791 | won: False 
#  297 | steps_t:   953 | t: 50.943956 | r:   588.800000 | avg_r:    57.716498 | e:   0.952350 | Q: 180.124283 | won: False 
#  298 | steps_t:   956 | t: 51.130623 | r:   754.800000 | avg_r:    60.055705 | e:   0.952200 | Q: 174.444473 | won: False 
#  299 | steps_t:   958 | t: 51.233963 | r:   -66.800000 | avg_r:    59.631438 | e:   0.952100 | Q:        nan | won: False 
#  300 | steps_t:   961 | t: 51.410110 | r:   -78.400000 | avg_r:    59.171333 | e:   0.951950 | Q:        nan | won: False 
#  301 | steps_t:   963 | t: 51.557211 | r:  -432.000000 | avg_r:    57.539535 | e:   0.951850 | Q: 163.196075 | won: False 
#  302 | steps_t:   963 | t: 51.574648 | r:  -357.000000 | avg_r:    56.166887 | e:   0.951850 | Q: 161.427551 | won: False 
#  303 | steps_t:   964 | t: 51.642884 | r:   -57.200000 | avg_r:    55.792739 | e:   0.951800 | Q:        nan | won: False 
#  304 | steps_t:   968 | t: 51.886098 | r:  -225.000000 | avg_r:    54.869079 | e:   0.951600 | Q: 155.387497 | won: False 
#  305 | steps_t:   970 | t: 52.001748 | r:  -411.000000 | avg_r:    53.341639 | e:   0.951500 | Q: 153.588120 | won: False 
#  306 | steps_t:   974 | t: 52.221007 | r:    84.200000 | avg_r:    53.442484 | e:   0.951300 | Q: 150.052231 | won: False 
#  307 | steps_t:   977 | t: 52.372992 | r:  -271.400000 | avg_r:    52.384365 | e:   0.951150 | Q: 147.165710 | won: False 
#  308 | steps_t:   978 | t: 52.440841 | r:  -136.200000 | avg_r:    51.772078 | e:   0.951100 | Q:        nan | won: False 
#  309 | steps_t:   980 | t: 52.545806 | r:  -113.000000 | avg_r:    51.238835 | e:   0.951000 | Q: 144.331955 | won: False 
#  310 | steps_t:   981 | t: 52.594914 | r:   -96.000000 | avg_r:    50.763871 | e:   0.950950 | Q: 143.767990 | won: False 
#  311 | steps_t:   985 | t: 52.804922 | r:   -64.000000 | avg_r:    50.394855 | e:   0.950750 | Q: 142.953537 | won: False 
#  312 | steps_t:   987 | t: 52.925352 | r:   212.600000 | avg_r:    50.914744 | e:   0.950650 | Q: 140.575897 | won: False 
#  313 | steps_t:   994 | t: 53.291224 | r:   -52.600000 | avg_r:    50.584026 | e:   0.950300 | Q: 137.338577 | won: False 
#  314 | steps_t:   997 | t: 53.450476 | r:   -19.200000 | avg_r:    50.361783 | e:   0.950150 | Q: 132.879425 | won: False 
#  315 | steps_t:  1005 | t: 53.865044 | r:  -253.600000 | avg_r:    49.396825 | e:   0.949750 | Q: 130.783096 | won: False 
#  316 | steps_t:  1008 | t: 54.059740 | r:    59.000000 | avg_r:    49.427215 | e:   0.949600 | Q: 133.194199 | won: False 
#  317 | steps_t:  1013 | t: 54.317640 | r:  1560.000000 | avg_r:    54.192429 | e:   0.949350 | Q: 137.202362 | won: False 
#  318 | steps_t:  1014 | t: 54.370059 | r:   -87.800000 | avg_r:    53.745912 | e:   0.949300 | Q: 139.231934 | won: False 
#  319 | steps_t:  1015 | t: 54.423919 | r:   478.400000 | avg_r:    55.077116 | e:   0.949250 | Q: 140.334335 | won: False 
#  320 | steps_t:  1017 | t: 54.544044 | r:  -400.000000 | avg_r:    53.655000 | e:   0.949150 | Q:        nan | won: False 
#  321 | steps_t:  1021 | t: 54.762974 | r:  -245.800000 | avg_r:    52.722118 | e:   0.948950 | Q: 148.184311 | won: False 
#  322 | steps_t:  1022 | t: 54.840245 | r:  -144.000000 | avg_r:    52.111180 | e:   0.948900 | Q: 154.645935 | won: False 
#  323 | steps_t:  1024 | t: 54.935350 | r:   -74.200000 | avg_r:    51.720124 | e:   0.948800 | Q:        nan | won: False 
#  324 | steps_t:  1026 | t: 55.047397 | r:   124.200000 | avg_r:    51.943827 | e:   0.948700 | Q:        nan | won: False 
#  325 | steps_t:  1030 | t: 55.274423 | r:    29.800000 | avg_r:    51.875692 | e:   0.948500 | Q: 169.636932 | won: False 
#  326 | steps_t:  1035 | t: 55.528032 | r:   878.000000 | avg_r:    54.409816 | e:   0.948250 | Q: 182.487030 | won: False 
#  327 | steps_t:  1041 | t: 55.815734 | r:    65.600000 | avg_r:    54.444037 | e:   0.947950 | Q: 187.528702 | won: False 
#  328 | steps_t:  1041 | t: 55.831387 | r:    -2.000000 | avg_r:    54.271951 | e:   0.947950 | Q:        nan | won: False 
#  329 | steps_t:  1046 | t: 56.081272 | r:   610.200000 | avg_r:    55.961702 | e:   0.947700 | Q: 210.153198 | won: False 
#  330 | steps_t:  1055 | t: 56.533369 | r:  1236.800000 | avg_r:    59.540000 | e:   0.947250 | Q: 244.073242 | won: False 
#  331 | steps_t:  1061 | t: 56.837079 | r:    89.800000 | avg_r:    59.631420 | e:   0.946950 | Q: 300.618561 | won: False 
#  332 | steps_t:  1062 | t: 56.894971 | r:  -393.000000 | avg_r:    58.268072 | e:   0.946900 | Q:        nan | won: False 
#  333 | steps_t:  1063 | t: 56.944542 | r:   -21.000000 | avg_r:    58.030030 | e:   0.946850 | Q: 346.404663 | won: False 
#  334 | steps_t:  1065 | t: 57.052226 | r:  -418.000000 | avg_r:    56.604790 | e:   0.946750 | Q: 350.620880 | won: False 
#  335 | steps_t:  1066 | t: 57.113183 | r:  -373.000000 | avg_r:    55.322388 | e:   0.946700 | Q: 352.713745 | won: False 
#  336 | steps_t:  1067 | t: 57.188694 | r:   163.200000 | avg_r:    55.643452 | e:   0.946650 | Q:        nan | won: False 
#  337 | steps_t:  1070 | t: 57.361157 | r:  -213.000000 | avg_r:    54.846291 | e:   0.946500 | Q: 347.055267 | won: False 
#  338 | steps_t:  1071 | t: 57.425992 | r:  -380.000000 | avg_r:    53.559763 | e:   0.946450 | Q: 343.881958 | won: False 
#  339 | steps_t:  1073 | t: 57.534143 | r:    -5.600000 | avg_r:    53.385251 | e:   0.946350 | Q:        nan | won: False 
#  340 | steps_t:  1074 | t: 57.594274 | r:  -442.000000 | avg_r:    51.928235 | e:   0.946300 | Q:        nan | won: False 
#  341 | steps_t:  1074 | t: 57.594274 | r:  -353.000000 | avg_r:    50.740762 | e:   0.946300 | Q:        nan | won: False 
#  342 | steps_t:  1076 | t: 57.710823 | r:   149.800000 | avg_r:    51.030409 | e:   0.946200 | Q: 323.850128 | won: False 
#  343 | steps_t:  1079 | t: 57.926551 | r:  -287.600000 | avg_r:    50.043149 | e:   0.946050 | Q:        nan | won: False 
#  344 | steps_t:  1085 | t: 58.337825 | r:   113.000000 | avg_r:    50.226163 | e:   0.945750 | Q: 294.500092 | won: False 
#  345 | steps_t:  1096 | t: 58.998993 | r:  1048.800000 | avg_r:    53.120580 | e:   0.945200 | Q: 260.740753 | won: False 
#  346 | steps_t:  1098 | t: 59.124704 | r:  -132.800000 | avg_r:    52.583237 | e:   0.945100 | Q: 224.291458 | won: False 
#  347 | steps_t:  1102 | t: 59.355944 | r:    85.400000 | avg_r:    52.677810 | e:   0.944900 | Q: 215.473969 | won: False 
#  348 | steps_t:  1106 | t: 59.554205 | r:    50.600000 | avg_r:    52.671839 | e:   0.944700 | Q: 206.105072 | won: False 
#  349 | steps_t:  1107 | t: 59.612952 | r:  -105.000000 | avg_r:    52.220057 | e:   0.944650 | Q:        nan | won: False 
#  350 | steps_t:  1108 | t: 59.669681 | r:  -418.000000 | avg_r:    50.876571 | e:   0.944600 | Q: 193.942673 | won: False 
#  351 | steps_t:  1111 | t: 59.869934 | r:   121.400000 | avg_r:    51.077493 | e:   0.944450 | Q: 192.263763 | won: False 
#  352 | steps_t:  1113 | t: 59.991342 | r:  -126.200000 | avg_r:    50.573864 | e:   0.944350 | Q:        nan | won: False 
#  353 | steps_t:  1114 | t: 60.058431 | r:   -53.200000 | avg_r:    50.279887 | e:   0.944300 | Q: 185.282776 | won: False 
#  354 | steps_t:  1116 | t: 60.163548 | r:   175.400000 | avg_r:    50.633333 | e:   0.944200 | Q: 184.126358 | won: False 
#  355 | steps_t:  1118 | t: 60.277004 | r:   -80.400000 | avg_r:    50.264225 | e:   0.944100 | Q:        nan | won: False 
#  356 | steps_t:  1122 | t: 60.504344 | r:   677.400000 | avg_r:    52.025843 | e:   0.943900 | Q: 182.708496 | won: False 
#  357 | steps_t:  1124 | t: 60.611691 | r:  -140.000000 | avg_r:    51.487955 | e:   0.943800 | Q: 182.585846 | won: False 
#  358 | steps_t:  1125 | t: 60.660643 | r:  -382.000000 | avg_r:    50.277095 | e:   0.943750 | Q: 181.758057 | won: False 
#  359 | steps_t:  1131 | t: 60.966732 | r:   137.200000 | avg_r:    50.519220 | e:   0.943450 | Q: 180.692139 | won: False 
#  360 | steps_t:  1134 | t: 61.114330 | r:   -73.400000 | avg_r:    50.175000 | e:   0.943300 | Q:        nan | won: False 
#  361 | steps_t:  1136 | t: 61.226964 | r:  -222.400000 | avg_r:    49.419945 | e:   0.943200 | Q: 174.177322 | won: False 
#  362 | steps_t:  1137 | t: 61.287529 | r:  -389.000000 | avg_r:    48.208840 | e:   0.943150 | Q: 172.976395 | won: False 
#  363 | steps_t:  1139 | t: 61.394147 | r:  -164.800000 | avg_r:    47.622039 | e:   0.943050 | Q: 171.578583 | won: False 
#  364 | steps_t:  1148 | t: 61.904306 | r:  1042.200000 | avg_r:    50.354396 | e:   0.942600 | Q: 164.942123 | won: False 
#  365 | steps_t:  1151 | t: 62.087413 | r:   -68.400000 | avg_r:    50.029041 | e:   0.942450 | Q: 160.228821 | won: False 
#  366 | steps_t:  1156 | t: 62.352219 | r:   199.400000 | avg_r:    50.437158 | e:   0.942200 | Q: 164.141357 | won: False 
#  367 | steps_t:  1158 | t: 62.444342 | r:   -94.600000 | avg_r:    50.041962 | e:   0.942100 | Q:        nan | won: False 
#  368 | steps_t:  1160 | t: 62.546983 | r:   -57.200000 | avg_r:    49.750543 | e:   0.942000 | Q:        nan | won: False 
#  369 | steps_t:  1161 | t: 62.602797 | r:  -357.000000 | avg_r:    48.648238 | e:   0.941950 | Q:        nan | won: False 
#  370 | steps_t:  1163 | t: 62.699725 | r:   166.400000 | avg_r:    48.966486 | e:   0.941850 | Q:        nan | won: False 
#  371 | steps_t:  1165 | t: 62.811113 | r:  -142.400000 | avg_r:    48.450674 | e:   0.941750 | Q: 165.378021 | won: False 
#  372 | steps_t:  1166 | t: 62.870023 | r:   195.000000 | avg_r:    48.844624 | e:   0.941700 | Q: 164.519943 | won: False 
#  373 | steps_t:  1168 | t: 62.989320 | r:  -315.000000 | avg_r:    47.869169 | e:   0.941600 | Q: 163.651749 | won: False 
#  374 | steps_t:  1169 | t: 63.043971 | r:   -88.600000 | avg_r:    47.504278 | e:   0.941550 | Q: 161.374680 | won: False 
#  375 | steps_t:  1169 | t: 63.043971 | r:    -1.000000 | avg_r:    47.374933 | e:   0.941550 | Q:        nan | won: False 
#  376 | steps_t:  1173 | t: 63.246466 | r:    91.600000 | avg_r:    47.492553 | e:   0.941350 | Q: 157.490952 | won: False 
#  377 | steps_t:  1175 | t: 63.343648 | r:  -427.000000 | avg_r:    46.233952 | e:   0.941250 | Q:        nan | won: False 
#  378 | steps_t:  1177 | t: 63.444372 | r:  -377.000000 | avg_r:    45.114286 | e:   0.941150 | Q:        nan | won: False 
#  379 | steps_t:  1180 | t: 63.606490 | r:   442.000000 | avg_r:    46.161478 | e:   0.941000 | Q: 149.655304 | won: False 
#  380 | steps_t:  1182 | t: 63.715773 | r:   -38.200000 | avg_r:    45.939474 | e:   0.940900 | Q: 148.731598 | won: False 
#  381 | steps_t:  1187 | t: 63.994198 | r:  -276.800000 | avg_r:    45.092388 | e:   0.940650 | Q: 149.635132 | won: False 
#  382 | steps_t:  1188 | t: 64.046960 | r:  -437.000000 | avg_r:    43.830366 | e:   0.940600 | Q:        nan | won: False 
#  383 | steps_t:  1190 | t: 64.143549 | r:  -166.000000 | avg_r:    43.282507 | e:   0.940500 | Q:        nan | won: False 
#  384 | steps_t:  1191 | t: 64.201112 | r:  -388.000000 | avg_r:    42.159375 | e:   0.940450 | Q:        nan | won: False 
#  385 | steps_t:  1200 | t: 64.649537 | r:    62.800000 | avg_r:    42.212987 | e:   0.940000 | Q: 146.357941 | won: False 
#  386 | steps_t:  1212 | t: 65.293959 | r:   816.600000 | avg_r:    44.219171 | e:   0.939400 | Q: 143.592255 | won: False 
#  387 | steps_t:  1214 | t: 65.399944 | r:  -123.800000 | avg_r:    43.785013 | e:   0.939300 | Q: 140.110382 | won: False 
#  388 | steps_t:  1220 | t: 65.740520 | r:  -287.600000 | avg_r:    42.930928 | e:   0.939000 | Q: 139.749023 | won: False 
#  389 | steps_t:  1223 | t: 65.900682 | r:    50.800000 | avg_r:    42.951157 | e:   0.938850 | Q: 140.080856 | won: False 
#  390 | steps_t:  1224 | t: 65.949254 | r:   -45.800000 | avg_r:    42.723590 | e:   0.938800 | Q:        nan | won: False 
#  391 | steps_t:  1231 | t: 66.321545 | r:  1391.000000 | avg_r:    46.171867 | e:   0.938450 | Q: 148.296555 | won: False 
#  392 | steps_t:  1235 | t: 66.524790 | r:  -330.200000 | avg_r:    45.211735 | e:   0.938250 | Q: 152.220093 | won: False 
#  393 | steps_t:  1236 | t: 66.580167 | r:  -395.000000 | avg_r:    44.091603 | e:   0.938200 | Q: 155.634552 | won: False 
#  394 | steps_t:  1239 | t: 66.728682 | r:   173.200000 | avg_r:    44.419289 | e:   0.938050 | Q: 163.505081 | won: False 
#  395 | steps_t:  1243 | t: 66.936522 | r:   140.200000 | avg_r:    44.661772 | e:   0.937850 | Q: 171.400787 | won: False 
#  396 | steps_t:  1247 | t: 67.156958 | r:   473.400000 | avg_r:    45.744444 | e:   0.937650 | Q: 172.335815 | won: False 
#  397 | steps_t:  1248 | t: 67.212231 | r:  -470.000000 | avg_r:    44.445340 | e:   0.937600 | Q:        nan | won: False 
#  398 | steps_t:  1250 | t: 67.317898 | r:  -477.000000 | avg_r:    43.135176 | e:   0.937500 | Q: 178.676376 | won: False 
#  399 | steps_t:  1253 | t: 67.473238 | r:   956.600000 | avg_r:    45.424561 | e:   0.937350 | Q: 180.634064 | won: False 
#  400 | steps_t:  1257 | t: 67.756894 | r:   106.800000 | avg_r:    45.578000 | e:   0.937150 | Q: 188.222504 | won: False 
#  401 | steps_t:  1258 | t: 67.814392 | r:  -377.000000 | avg_r:    44.524190 | e:   0.937100 | Q:        nan | won: False 
#  402 | steps_t:  1261 | t: 67.973321 | r:  -188.200000 | avg_r:    43.945274 | e:   0.936950 | Q: 190.472504 | won: False 
#  403 | steps_t:  1263 | t: 68.078012 | r:   201.400000 | avg_r:    44.335980 | e:   0.936850 | Q: 188.844818 | won: False 
#  404 | steps_t:  1271 | t: 68.515361 | r:  -167.000000 | avg_r:    43.812871 | e:   0.936450 | Q: 186.465073 | won: False 
#  405 | steps_t:  1275 | t: 68.727724 | r:   275.800000 | avg_r:    44.385679 | e:   0.936250 | Q: 176.550949 | won: False 
#  406 | steps_t:  1290 | t: 69.529260 | r:  -389.600000 | avg_r:    43.316749 | e:   0.935500 | Q: 166.977432 | won: False 
#  407 | steps_t:  1294 | t: 69.741224 | r:    37.800000 | avg_r:    43.303194 | e:   0.935300 | Q: 138.283081 | won: False 
#  408 | steps_t:  1301 | t: 70.093670 | r:   759.200000 | avg_r:    45.057843 | e:   0.934950 | Q: 131.961136 | won: False 
#  409 | steps_t:  1302 | t: 70.154816 | r:   -83.200000 | avg_r:    44.744254 | e:   0.934900 | Q: 125.842499 | won: False 
#  410 | steps_t:  1309 | t: 70.508630 | r:   800.000000 | avg_r:    46.586341 | e:   0.934550 | Q: 123.862747 | won: False 
#  411 | steps_t:  1311 | t: 70.626840 | r:  -160.800000 | avg_r:    46.081752 | e:   0.934450 | Q:        nan | won: False 
#  412 | steps_t:  1312 | t: 70.682824 | r:  -364.000000 | avg_r:    45.086408 | e:   0.934400 | Q:        nan | won: False 
#  413 | steps_t:  1316 | t: 70.898007 | r:  -182.000000 | avg_r:    44.536562 | e:   0.934200 | Q: 118.963570 | won: False 
#  414 | steps_t:  1320 | t: 71.092938 | r:   336.600000 | avg_r:    45.242029 | e:   0.934000 | Q: 116.857971 | won: False 
#  415 | steps_t:  1321 | t: 71.143331 | r:   -73.000000 | avg_r:    44.957108 | e:   0.933950 | Q: 115.974541 | won: False 
#  416 | steps_t:  1323 | t: 71.259479 | r:  -118.400000 | avg_r:    44.564423 | e:   0.933850 | Q:        nan | won: False 
#  417 | steps_t:  1327 | t: 71.471528 | r:    30.800000 | avg_r:    44.531415 | e:   0.933650 | Q: 116.793144 | won: False 
#  418 | steps_t:  1330 | t: 71.620295 | r:   792.800000 | avg_r:    46.321531 | e:   0.933500 | Q: 118.793762 | won: False 
#  419 | steps_t:  1332 | t: 71.727101 | r:  -182.800000 | avg_r:    45.774702 | e:   0.933400 | Q: 118.459244 | won: False 
#  420 | steps_t:  1337 | t: 71.982763 | r:    85.600000 | avg_r:    45.869524 | e:   0.933150 | Q: 122.230186 | won: False 
#  421 | steps_t:  1343 | t: 72.302651 | r:   579.400000 | avg_r:    47.136817 | e:   0.932850 | Q: 124.500214 | won: False 
#  422 | steps_t:  1346 | t: 72.452224 | r:   354.400000 | avg_r:    47.864929 | e:   0.932700 | Q:        nan | won: False 
#  423 | steps_t:  1348 | t: 72.542667 | r:  -172.800000 | avg_r:    47.343262 | e:   0.932600 | Q:        nan | won: False 
#  424 | steps_t:  1350 | t: 72.655233 | r:  -225.400000 | avg_r:    46.700000 | e:   0.932500 | Q:        nan | won: False 
#  425 | steps_t:  1359 | t: 73.136641 | r:   -17.000000 | avg_r:    46.550118 | e:   0.932050 | Q: 134.950424 | won: False 
#  426 | steps_t:  1365 | t: 73.427735 | r:   560.600000 | avg_r:    47.756808 | e:   0.931750 | Q: 137.488052 | won: False 
#  427 | steps_t:  1371 | t: 73.727332 | r:   822.800000 | avg_r:    49.571897 | e:   0.931450 | Q: 145.381454 | won: False 
#  428 | steps_t:  1373 | t: 73.827606 | r:  -124.600000 | avg_r:    49.164953 | e:   0.931350 | Q: 148.974716 | won: False 
#  429 | steps_t:  1386 | t: 74.495527 | r:  1268.200000 | avg_r:    52.006527 | e:   0.930700 | Q: 164.247757 | won: False 
#  430 | steps_t:  1388 | t: 74.593187 | r:   -57.200000 | avg_r:    51.752558 | e:   0.930600 | Q:        nan | won: False 
#  431 | steps_t:  1392 | t: 74.809693 | r:    23.800000 | avg_r:    51.687703 | e:   0.930400 | Q: 168.021637 | won: False 
#  432 | steps_t:  1396 | t: 75.013978 | r:   170.200000 | avg_r:    51.962037 | e:   0.930200 | Q:        nan | won: False 
#  433 | steps_t:  1397 | t: 75.068225 | r:   -78.600000 | avg_r:    51.660508 | e:   0.930150 | Q: 173.194458 | won: False 
#  434 | steps_t:  1399 | t: 75.157730 | r:  -489.000000 | avg_r:    50.414747 | e:   0.930050 | Q: 175.316895 | won: False 
#  435 | steps_t:  1405 | t: 75.486720 | r:   904.200000 | avg_r:    52.377471 | e:   0.929750 | Q: 178.341721 | won: False 
#  436 | steps_t:  1408 | t: 75.641920 | r:  -147.600000 | avg_r:    51.918807 | e:   0.929600 | Q: 182.755096 | won: False 
#  437 | steps_t:  1419 | t: 76.214170 | r:    70.200000 | avg_r:    51.960641 | e:   0.929050 | Q: 183.045074 | won: False 
#  438 | steps_t:  1423 | t: 76.417462 | r:   133.600000 | avg_r:    52.147032 | e:   0.928850 | Q: 176.430954 | won: False 
#  439 | steps_t:  1424 | t: 76.467216 | r:   -82.400000 | avg_r:    51.840547 | e:   0.928800 | Q:        nan | won: False 
#  440 | steps_t:  1427 | t: 76.632420 | r:   398.800000 | avg_r:    52.629091 | e:   0.928650 | Q: 176.689590 | won: False 
#  441 | steps_t:  1429 | t: 76.734510 | r:   174.000000 | avg_r:    52.904308 | e:   0.928550 | Q: 175.773727 | won: False 
#  442 | steps_t:  1430 | t: 76.786331 | r:  -404.000000 | avg_r:    51.870588 | e:   0.928500 | Q:        nan | won: False 
#  443 | steps_t:  1435 | t: 77.043666 | r:   597.800000 | avg_r:    53.102935 | e:   0.928250 | Q: 178.922577 | won: False 
#  444 | steps_t:  1437 | t: 77.145546 | r:  -105.600000 | avg_r:    52.745495 | e:   0.928150 | Q: 176.759689 | won: False 
#  445 | steps_t:  1440 | t: 77.295517 | r:   372.200000 | avg_r:    53.463371 | e:   0.928000 | Q: 176.194809 | won: False 
#  446 | steps_t:  1441 | t: 77.366652 | r:   199.800000 | avg_r:    53.791480 | e:   0.927950 | Q:        nan | won: False 
#  447 | steps_t:  1443 | t: 77.461153 | r:  -103.400000 | avg_r:    53.439821 | e:   0.927850 | Q: 175.303650 | won: False 
#  448 | steps_t:  1447 | t: 77.674887 | r:   556.400000 | avg_r:    54.562500 | e:   0.927650 | Q: 175.442368 | won: False 
#  449 | steps_t:  1451 | t: 77.880756 | r:  -179.000000 | avg_r:    54.042316 | e:   0.927450 | Q: 179.465515 | won: False 
#  450 | steps_t:  1457 | t: 78.204688 | r:   356.400000 | avg_r:    54.714222 | e:   0.927150 | Q: 179.018463 | won: False 
#  451 | steps_t:  1469 | t: 78.831730 | r:  2617.600000 | avg_r:    60.396896 | e:   0.926550 | Q: 178.602768 | won: True 
#  452 | steps_t:  1473 | t: 79.043374 | r:    63.200000 | avg_r:    60.403097 | e:   0.926350 | Q: 179.655487 | won: False 
#  453 | steps_t:  1477 | t: 79.247844 | r:  -231.400000 | avg_r:    59.758940 | e:   0.926150 | Q: 179.394867 | won: False 
#  454 | steps_t:  1479 | t: 79.347848 | r:   759.000000 | avg_r:    61.299119 | e:   0.926050 | Q: 175.545654 | won: False 
#  455 | steps_t:  1480 | t: 79.398461 | r:  -462.000000 | avg_r:    60.149011 | e:   0.926000 | Q: 173.900894 | won: False 
#  456 | steps_t:  1482 | t: 79.509707 | r:    88.200000 | avg_r:    60.210526 | e:   0.925900 | Q: 172.552597 | won: False 
#  457 | steps_t:  1485 | t: 79.665246 | r:  -446.000000 | avg_r:    59.102845 | e:   0.925750 | Q: 168.531403 | won: False 
#  458 | steps_t:  1490 | t: 79.938873 | r:  -217.400000 | avg_r:    58.499127 | e:   0.925500 | Q: 166.901047 | won: False 
#  459 | steps_t:  1490 | t: 79.940886 | r:  -374.000000 | avg_r:    57.556863 | e:   0.925500 | Q:        nan | won: False 
#  460 | steps_t:  1492 | t: 80.060870 | r:   107.400000 | avg_r:    57.665217 | e:   0.925400 | Q: 160.924530 | won: False 
#  461 | steps_t:  1502 | t: 80.578563 | r:  1467.800000 | avg_r:    60.724078 | e:   0.924900 | Q: 162.960495 | won: False 
#  462 | steps_t:  1507 | t: 80.821240 | r:   463.200000 | avg_r:    61.595238 | e:   0.924650 | Q: 166.456375 | won: False 
#  463 | steps_t:  1509 | t: 80.943442 | r:  -228.800000 | avg_r:    60.968035 | e:   0.924550 | Q: 166.297089 | won: False 
#  464 | steps_t:  1512 | t: 81.103002 | r:   139.800000 | avg_r:    61.137931 | e:   0.924400 | Q: 167.863831 | won: False 
#  465 | steps_t:  1515 | t: 81.243614 | r:   699.600000 | avg_r:    62.510968 | e:   0.924250 | Q: 170.650391 | won: False 
#  466 | steps_t:  1519 | t: 81.456298 | r:   328.000000 | avg_r:    63.080687 | e:   0.924050 | Q: 169.561172 | won: False 
#  467 | steps_t:  1522 | t: 81.610329 | r:   151.000000 | avg_r:    63.268951 | e:   0.923900 | Q: 171.392532 | won: False 
#  468 | steps_t:  1525 | t: 81.775964 | r:  -350.200000 | avg_r:    62.385470 | e:   0.923750 | Q: 172.748550 | won: False 
#  469 | steps_t:  1526 | t: 81.849872 | r:   -98.200000 | avg_r:    62.043070 | e:   0.923700 | Q: 175.376984 | won: False 
#  470 | steps_t:  1533 | t: 82.203928 | r:  -345.400000 | avg_r:    61.176170 | e:   0.923350 | Q: 178.403580 | won: False 
#  471 | steps_t:  1535 | t: 82.310763 | r:  -476.000000 | avg_r:    60.035669 | e:   0.923250 | Q: 178.603287 | won: False 
#  472 | steps_t:  1541 | t: 82.628769 | r:   978.000000 | avg_r:    61.980508 | e:   0.922950 | Q: 179.470993 | won: False 
#  473 | steps_t:  1543 | t: 82.740981 | r:   168.000000 | avg_r:    62.204651 | e:   0.922850 | Q: 179.243256 | won: False 
#  474 | steps_t:  1545 | t: 82.837673 | r:   212.200000 | avg_r:    62.521097 | e:   0.922750 | Q:        nan | won: False 
#  475 | steps_t:  1548 | t: 82.994425 | r:  -422.000000 | avg_r:    61.501053 | e:   0.922600 | Q: 176.420395 | won: False 
#  476 | steps_t:  1562 | t: 83.727067 | r:  2712.600000 | avg_r:    67.070588 | e:   0.921900 | Q: 175.287613 | won: True 
#  477 | steps_t:  1563 | t: 83.780397 | r:   177.400000 | avg_r:    67.301887 | e:   0.921850 | Q: 157.124542 | won: False 
#  478 | steps_t:  1569 | t: 84.097185 | r:   -30.800000 | avg_r:    67.096653 | e:   0.921550 | Q: 155.570206 | won: False 
#  479 | steps_t:  1572 | t: 84.250972 | r:   446.600000 | avg_r:    67.888935 | e:   0.921400 | Q: 147.972534 | won: False 
#  480 | steps_t:  1573 | t: 84.301707 | r:  -351.000000 | avg_r:    67.016250 | e:   0.921350 | Q:        nan | won: False 
#  481 | steps_t:  1578 | t: 84.571511 | r:    69.400000 | avg_r:    67.021206 | e:   0.921100 | Q: 143.885696 | won: False 
#  482 | steps_t:  1582 | t: 84.793920 | r:   127.400000 | avg_r:    67.146473 | e:   0.920900 | Q: 142.509155 | won: False 
#  483 | steps_t:  1588 | t: 85.109481 | r:   -55.200000 | avg_r:    66.893168 | e:   0.920600 | Q: 141.376877 | won: False 
#  484 | steps_t:  1590 | t: 85.210636 | r:   -76.000000 | avg_r:    66.597934 | e:   0.920500 | Q: 138.366287 | won: False 
#  485 | steps_t:  1593 | t: 85.380326 | r:  -186.400000 | avg_r:    66.076289 | e:   0.920350 | Q: 137.589432 | won: False 
#  486 | steps_t:  1596 | t: 85.534684 | r:   115.000000 | avg_r:    66.176955 | e:   0.920200 | Q:        nan | won: False 
#  487 | steps_t:  1599 | t: 85.692997 | r:  1028.800000 | avg_r:    68.153593 | e:   0.920050 | Q: 134.762543 | won: False 
#  488 | steps_t:  1603 | t: 85.898358 | r:    88.200000 | avg_r:    68.194672 | e:   0.919850 | Q: 134.261520 | won: False 
#  489 | steps_t:  1603 | t: 85.904390 | r:  -368.000000 | avg_r:    67.302658 | e:   0.919850 | Q:        nan | won: False 
#  490 | steps_t:  1608 | t: 86.175403 | r:    12.400000 | avg_r:    67.190612 | e:   0.919600 | Q: 133.670639 | won: False 
#  491 | steps_t:  1614 | t: 86.475850 | r:  -268.600000 | avg_r:    66.506721 | e:   0.919300 | Q: 132.134460 | won: False 
#  492 | steps_t:  1616 | t: 86.582039 | r:  -464.000000 | avg_r:    65.428455 | e:   0.919200 | Q: 128.668884 | won: False 
#  493 | steps_t:  1617 | t: 86.632188 | r:  -145.800000 | avg_r:    65.000000 | e:   0.919150 | Q: 126.683899 | won: False 
#  494 | steps_t:  1620 | t: 86.787379 | r:  -117.400000 | avg_r:    64.630769 | e:   0.919000 | Q: 125.516251 | won: False 
#  495 | steps_t:  1624 | t: 87.019096 | r:  -249.200000 | avg_r:    63.996768 | e:   0.918800 | Q: 124.694954 | won: False 
#  496 | steps_t:  1630 | t: 87.326519 | r:   855.600000 | avg_r:    65.592742 | e:   0.918500 | Q: 124.247993 | won: False 
#  497 | steps_t:  1632 | t: 87.441127 | r:   217.800000 | avg_r:    65.898994 | e:   0.918400 | Q: 123.667671 | won: False 
#  498 | steps_t:  1636 | t: 87.658029 | r:   692.000000 | avg_r:    67.156225 | e:   0.918200 | Q: 129.389252 | won: False 
#  499 | steps_t:  1642 | t: 87.954170 | r:   102.400000 | avg_r:    67.226854 | e:   0.917900 | Q: 133.833282 | won: False 
#  500 | steps_t:  1653 | t: 88.530579 | r:   634.200000 | avg_r:    68.360800 | e:   0.917350 | Q: 148.189514 | won: False 
#  501 | steps_t:  1659 | t: 88.849068 | r:   124.800000 | avg_r:    68.473453 | e:   0.917050 | Q: 155.741608 | won: False 
#  502 | steps_t:  1662 | t: 88.990817 | r:   140.800000 | avg_r:    68.617530 | e:   0.916900 | Q: 161.928375 | won: False 
#  503 | steps_t:  1663 | t: 89.053488 | r:  -104.200000 | avg_r:    68.273956 | e:   0.916850 | Q:        nan | won: False 
#  504 | steps_t:  1667 | t: 89.259291 | r:   -63.600000 | avg_r:    68.012302 | e:   0.916650 | Q: 168.080811 | won: False 
#  505 | steps_t:  1672 | t: 89.511694 | r:   285.000000 | avg_r:    68.441980 | e:   0.916400 | Q: 178.792908 | won: False 
#  506 | steps_t:  1677 | t: 89.769964 | r:   234.800000 | avg_r:    68.770751 | e:   0.916150 | Q: 190.036926 | won: False 
#  507 | steps_t:  1679 | t: 89.865673 | r:   -93.800000 | avg_r:    68.450099 | e:   0.916050 | Q: 190.455627 | won: False 
#  508 | steps_t:  1681 | t: 89.983452 | r:  -104.200000 | avg_r:    68.110236 | e:   0.915950 | Q: 191.021454 | won: False 
#  509 | steps_t:  1686 | t: 90.253155 | r:   439.400000 | avg_r:    68.839686 | e:   0.915700 | Q: 191.540604 | won: False 
#  510 | steps_t:  1688 | t: 90.361273 | r:   154.400000 | avg_r:    69.007451 | e:   0.915600 | Q: 191.411667 | won: False 
#  511 | steps_t:  1693 | t: 90.618695 | r:   273.000000 | avg_r:    69.406654 | e:   0.915350 | Q: 192.739059 | won: False 
#  512 | steps_t:  1704 | t: 91.168674 | r:  -101.000000 | avg_r:    69.073828 | e:   0.914800 | Q: 189.637497 | won: False 
#  513 | steps_t:  1709 | t: 91.408704 | r:   -38.000000 | avg_r:    68.865107 | e:   0.914550 | Q: 184.971710 | won: False 
#  514 | steps_t:  1712 | t: 91.559252 | r:  -174.200000 | avg_r:    68.392218 | e:   0.914400 | Q: 179.368378 | won: False 
#  515 | steps_t:  1715 | t: 91.723190 | r:   181.600000 | avg_r:    68.612039 | e:   0.914250 | Q: 178.191696 | won: False 
#  516 | steps_t:  1718 | t: 91.888991 | r:  -185.600000 | avg_r:    68.119380 | e:   0.914100 | Q: 177.631165 | won: False 
#  517 | steps_t:  1721 | t: 92.048409 | r:   153.800000 | avg_r:    68.285106 | e:   0.913950 | Q: 177.902176 | won: False 
#  518 | steps_t:  1724 | t: 92.206967 | r:   -55.400000 | avg_r:    68.046332 | e:   0.913800 | Q: 179.142944 | won: False 
#  519 | steps_t:  1728 | t: 92.404427 | r:   450.400000 | avg_r:    68.783044 | e:   0.913600 | Q: 180.519470 | won: False 
#  520 | steps_t:  1735 | t: 92.761905 | r:   472.800000 | avg_r:    69.560000 | e:   0.913250 | Q: 185.406967 | won: False 
#  521 | steps_t:  1742 | t: 93.129553 | r:    18.600000 | avg_r:    69.462188 | e:   0.912900 | Q: 184.028000 | won: False 
#  522 | steps_t:  1746 | t: 93.326257 | r:   181.000000 | avg_r:    69.675862 | e:   0.912700 | Q: 180.084488 | won: False 
#  523 | steps_t:  1751 | t: 93.599050 | r:    92.200000 | avg_r:    69.718929 | e:   0.912450 | Q: 178.073486 | won: False 
#  524 | steps_t:  1752 | t: 93.670112 | r:   -43.600000 | avg_r:    69.502672 | e:   0.912400 | Q: 172.535538 | won: False 
#  525 | steps_t:  1761 | t: 94.161805 | r:  1166.800000 | avg_r:    71.592762 | e:   0.911950 | Q: 170.901962 | won: False 
#  526 | steps_t:  1765 | t: 94.378151 | r:  -271.200000 | avg_r:    70.941065 | e:   0.911750 | Q: 154.723297 | won: False 
#  527 | steps_t:  1767 | t: 94.479242 | r:  -152.400000 | avg_r:    70.517268 | e:   0.911650 | Q:        nan | won: False 
#  528 | steps_t:  1772 | t: 94.743149 | r:  -322.000000 | avg_r:    69.773864 | e:   0.911400 | Q: 152.522125 | won: False 
#  529 | steps_t:  1774 | t: 94.850589 | r:   -75.600000 | avg_r:    69.499055 | e:   0.911300 | Q:        nan | won: False 
#  530 | steps_t:  1775 | t: 94.902029 | r:  -403.000000 | avg_r:    68.607547 | e:   0.911250 | Q:        nan | won: False 
#  531 | steps_t:  1776 | t: 94.968055 | r:  -343.000000 | avg_r:    67.832392 | e:   0.911200 | Q: 147.545380 | won: False 
#  532 | steps_t:  1777 | t: 95.020013 | r:   -86.600000 | avg_r:    67.542105 | e:   0.911150 | Q: 145.068130 | won: False 
#  533 | steps_t:  1779 | t: 95.125439 | r:  -418.000000 | avg_r:    66.631144 | e:   0.911050 | Q: 144.606094 | won: False 
#  534 | steps_t:  1785 | t: 95.430390 | r:  -581.000000 | avg_r:    65.418352 | e:   0.910750 | Q: 142.978302 | won: False 
#  535 | steps_t:  1793 | t: 95.815707 | r:    -4.200000 | avg_r:    65.288224 | e:   0.910350 | Q: 137.225067 | won: False 
#  536 | steps_t:  1799 | t: 96.148103 | r:   -32.400000 | avg_r:    65.105970 | e:   0.910050 | Q: 130.362518 | won: False 
#  537 | steps_t:  1804 | t: 96.390486 | r:   250.600000 | avg_r:    65.451397 | e:   0.909800 | Q: 126.655968 | won: False 
#  538 | steps_t:  1811 | t: 96.732408 | r:   -22.800000 | avg_r:    65.287361 | e:   0.909450 | Q: 123.814056 | won: False 
#  539 | steps_t:  1821 | t: 97.239190 | r:  -140.600000 | avg_r:    64.905380 | e:   0.908950 | Q: 130.199493 | won: False 
#  540 | steps_t:  1822 | t: 97.308601 | r:   -95.400000 | avg_r:    64.608519 | e:   0.908900 | Q: 129.966873 | won: False 
#  541 | steps_t:  1824 | t: 97.402140 | r:  -448.000000 | avg_r:    63.660998 | e:   0.908800 | Q:        nan | won: False 
#  542 | steps_t:  1826 | t: 97.524050 | r:  -464.000000 | avg_r:    62.687454 | e:   0.908700 | Q: 132.030212 | won: False 
#  543 | steps_t:  1831 | t: 97.788175 | r:  -298.400000 | avg_r:    62.022468 | e:   0.908450 | Q: 137.390182 | won: False 
#  544 | steps_t:  1840 | t: 98.250283 | r:   525.800000 | avg_r:    62.875000 | e:   0.908000 | Q: 138.528976 | won: False 
#  545 | steps_t:  1841 | t: 98.301164 | r:  -386.000000 | avg_r:    62.051376 | e:   0.907950 | Q: 143.846069 | won: False 
#  546 | steps_t:  1856 | t: 99.062838 | r:  -250.400000 | avg_r:    61.479121 | e:   0.907200 | Q: 148.661484 | won: False 
#  547 | steps_t:  1859 | t: 99.229156 | r:  -217.600000 | avg_r:    60.968921 | e:   0.907050 | Q: 148.331696 | won: False 
#  548 | steps_t:  1861 | t: 99.326339 | r:  -397.000000 | avg_r:    60.133212 | e:   0.906950 | Q:        nan | won: False 
#  549 | steps_t:  1865 | t: 99.552620 | r:  -164.800000 | avg_r:    59.723497 | e:   0.906750 | Q: 150.722458 | won: False 
#  550 | steps_t:  1871 | t: 99.862692 | r:   106.000000 | avg_r:    59.807636 | e:   0.906450 | Q: 153.586197 | won: False 
#  551 | steps_t:  1874 | t: 100.014887 | r:   141.400000 | avg_r:    59.955717 | e:   0.906300 | Q: 161.966019 | won: False 
#  552 | steps_t:  1880 | t: 100.329371 | r:  -160.200000 | avg_r:    59.556884 | e:   0.906000 | Q: 166.755142 | won: False 
#  553 | steps_t:  1884 | t: 100.529648 | r:    95.400000 | avg_r:    59.621700 | e:   0.905800 | Q: 169.271408 | won: False 
#  554 | steps_t:  1886 | t: 100.642052 | r:   166.800000 | avg_r:    59.815162 | e:   0.905700 | Q: 172.304413 | won: False 
#  555 | steps_t:  1888 | t: 100.742599 | r:   -97.400000 | avg_r:    59.531892 | e:   0.905600 | Q:        nan | won: False 
#  556 | steps_t:  1889 | t: 100.795282 | r:   -90.800000 | avg_r:    59.261511 | e:   0.905550 | Q: 172.212402 | won: False 
#  557 | steps_t:  1899 | t: 101.303621 | r:   948.800000 | avg_r:    60.858528 | e:   0.905050 | Q: 184.980606 | won: False 
#  558 | steps_t:  1909 | t: 101.812997 | r:   374.200000 | avg_r:    61.420072 | e:   0.904550 | Q: 176.554840 | won: False 
#  559 | steps_t:  1913 | t: 102.028431 | r:  -162.600000 | avg_r:    61.019320 | e:   0.904350 | Q: 170.438110 | won: False 
#  560 | steps_t:  1918 | t: 102.293455 | r:   142.800000 | avg_r:    61.165357 | e:   0.904100 | Q: 173.840393 | won: False 
#  561 | steps_t:  1919 | t: 102.346560 | r:   120.200000 | avg_r:    61.270588 | e:   0.904050 | Q:        nan | won: False 
#  562 | steps_t:  1922 | t: 102.514298 | r:  -219.000000 | avg_r:    60.771886 | e:   0.903900 | Q: 170.745880 | won: False 
#  563 | steps_t:  1933 | t: 103.092815 | r:     0.800000 | avg_r:    60.665364 | e:   0.903350 | Q: 166.618118 | won: False 
#  564 | steps_t:  1939 | t: 103.401250 | r:   -24.200000 | avg_r:    60.514894 | e:   0.903050 | Q: 152.816208 | won: False 
#  565 | steps_t:  1946 | t: 103.865235 | r:   -68.000000 | avg_r:    60.287434 | e:   0.902700 | Q: 145.984390 | won: False 
#  566 | steps_t:  1949 | t: 104.021715 | r:  -220.600000 | avg_r:    59.791166 | e:   0.902550 | Q:        nan | won: False 
#  567 | steps_t:  1957 | t: 104.457457 | r:  1124.600000 | avg_r:    61.669136 | e:   0.902150 | Q: 150.848145 | won: False 
#  568 | steps_t:  1962 | t: 104.707251 | r:    89.600000 | avg_r:    61.718310 | e:   0.901900 | Q: 143.941086 | won: False 
#  569 | steps_t:  1969 | t: 105.075171 | r:    46.800000 | avg_r:    61.692091 | e:   0.901550 | Q: 145.903931 | won: False 
#  570 | steps_t:  1971 | t: 105.183277 | r:  -164.800000 | avg_r:    61.294737 | e:   0.901450 | Q:        nan | won: False 
#  571 | steps_t:  1973 | t: 105.307819 | r:  -123.000000 | avg_r:    60.971979 | e:   0.901350 | Q:        nan | won: False 
#  572 | steps_t:  1977 | t: 105.512741 | r:  -519.000000 | avg_r:    59.958042 | e:   0.901150 | Q: 141.273422 | won: False 
#  573 | steps_t:  1981 | t: 105.722466 | r:  -200.200000 | avg_r:    59.504014 | e:   0.900950 | Q: 137.783463 | won: False 
#  574 | steps_t:  1994 | t: 106.414898 | r:   842.800000 | avg_r:    60.868641 | e:   0.900300 | Q: 135.631958 | won: False 
#  575 | steps_t:  2001 | t: 106.776466 | r:  -320.200000 | avg_r:    60.205913 | e:   0.899950 | Q: 130.394745 | won: False 
#  576 | steps_t:  2003 | t: 106.892819 | r:  -443.000000 | avg_r:    59.332292 | e:   0.899850 | Q: 129.121094 | won: False 
#  577 | steps_t:  2006 | t: 107.041713 | r:     2.400000 | avg_r:    59.233622 | e:   0.899700 | Q: 129.741623 | won: False 
#  578 | steps_t:  2013 | t: 107.408086 | r:  2950.400000 | avg_r:    64.235640 | e:   0.899350 | Q: 142.958328 | won: True 
#  579 | steps_t:  2015 | t: 107.528752 | r:   -94.200000 | avg_r:    63.962003 | e:   0.899250 | Q: 138.355377 | won: False 
#  580 | steps_t:  2025 | t: 108.042106 | r:  -623.800000 | avg_r:    62.776207 | e:   0.898750 | Q: 151.863998 | won: False 
#  581 | steps_t:  2036 | t: 108.609051 | r:  -158.400000 | avg_r:    62.395525 | e:   0.898200 | Q: 165.713120 | won: False 
#  582 | steps_t:  2038 | t: 108.713671 | r:   221.200000 | avg_r:    62.668385 | e:   0.898100 | Q: 166.091766 | won: False 
#  583 | steps_t:  2041 | t: 108.881503 | r:   700.000000 | avg_r:    63.761578 | e:   0.897950 | Q: 169.511459 | won: False 
#  584 | steps_t:  2046 | t: 109.142314 | r:  1019.200000 | avg_r:    65.397603 | e:   0.897700 | Q: 186.062698 | won: False 
#  585 | steps_t:  2049 | t: 109.314073 | r:  -195.200000 | avg_r:    64.952137 | e:   0.897550 | Q: 177.973755 | won: False 
#  586 | steps_t:  2051 | t: 109.421188 | r:   199.000000 | avg_r:    65.180887 | e:   0.897450 | Q: 183.149323 | won: False 
#  587 | steps_t:  2053 | t: 109.522615 | r:   -72.800000 | avg_r:    64.945826 | e:   0.897350 | Q:        nan | won: False 
#  588 | steps_t:  2056 | t: 109.678927 | r:    42.400000 | avg_r:    64.907483 | e:   0.897200 | Q: 185.036636 | won: False 
#  589 | steps_t:  2058 | t: 109.785698 | r:  -450.000000 | avg_r:    64.033277 | e:   0.897100 | Q:        nan | won: False 
#  590 | steps_t:  2064 | t: 110.094348 | r:  1110.400000 | avg_r:    65.806780 | e:   0.896800 | Q: 204.018219 | won: False 
#  591 | steps_t:  2072 | t: 110.521133 | r:   840.200000 | avg_r:    67.117090 | e:   0.896400 | Q: 215.892761 | won: False 
#  592 | steps_t:  2080 | t: 110.929629 | r:    89.000000 | avg_r:    67.154054 | e:   0.896000 | Q: 231.288376 | won: False 
#  593 | steps_t:  2081 | t: 110.992338 | r:  -109.000000 | avg_r:    66.856998 | e:   0.895950 | Q:        nan | won: False 
#  594 | steps_t:  2085 | t: 111.204574 | r:  -528.000000 | avg_r:    65.855556 | e:   0.895750 | Q: 234.101974 | won: False 
#  595 | steps_t:  2088 | t: 111.366252 | r:  -120.800000 | avg_r:    65.541849 | e:   0.895600 | Q:        nan | won: False 
#  596 | steps_t:  2090 | t: 111.466417 | r:  -138.800000 | avg_r:    65.198993 | e:   0.895500 | Q: 235.453857 | won: False 
#  597 | steps_t:  2101 | t: 112.070027 | r:  -198.000000 | avg_r:    64.758124 | e:   0.894950 | Q: 237.230637 | won: False 
#  598 | steps_t:  2103 | t: 112.164566 | r:   178.000000 | avg_r:    64.947492 | e:   0.894850 | Q: 227.294952 | won: False 
#  599 | steps_t:  2105 | t: 112.283115 | r:   182.200000 | avg_r:    65.143239 | e:   0.894750 | Q: 227.829651 | won: False 
#  600 | steps_t:  2109 | t: 112.486837 | r:    -9.800000 | avg_r:    65.018333 | e:   0.894550 | Q: 227.032272 | won: False 
#  601 | steps_t:  2115 | t: 112.810101 | r:   931.600000 | avg_r:    66.460233 | e:   0.894250 | Q: 223.148193 | won: False 
#  602 | steps_t:  2116 | t: 112.869771 | r:  -102.400000 | avg_r:    66.179734 | e:   0.894200 | Q: 206.674652 | won: False 
#  603 | steps_t:  2126 | t: 113.397360 | r:   -33.200000 | avg_r:    66.014925 | e:   0.893700 | Q: 195.935715 | won: False 
#  604 | steps_t:  2127 | t: 113.445366 | r:  -123.200000 | avg_r:    65.701656 | e:   0.893650 | Q: 179.874054 | won: False 
#  605 | steps_t:  2128 | t: 113.521907 | r:  -437.000000 | avg_r:    64.870744 | e:   0.893600 | Q: 178.925690 | won: False 
#  606 | steps_t:  2135 | t: 113.880944 | r:    48.000000 | avg_r:    64.842904 | e:   0.893250 | Q: 178.610382 | won: False 
#  607 | steps_t:  2137 | t: 113.995864 | r:   472.400000 | avg_r:    65.514333 | e:   0.893150 | Q: 171.669800 | won: False 
#  608 | steps_t:  2143 | t: 114.320092 | r:   933.800000 | avg_r:    66.942434 | e:   0.892850 | Q: 170.200043 | won: False 
#  609 | steps_t:  2147 | t: 114.527814 | r:  -238.800000 | avg_r:    66.440394 | e:   0.892650 | Q: 163.123520 | won: False 
#  610 | steps_t:  2152 | t: 114.804736 | r:  1146.600000 | avg_r:    68.211148 | e:   0.892400 | Q: 168.646194 | won: False 
#  611 | steps_t:  2158 | t: 115.128518 | r:   877.000000 | avg_r:    69.534861 | e:   0.892100 | Q: 163.971512 | won: False 
#  612 | steps_t:  2167 | t: 115.575393 | r:   -84.800000 | avg_r:    69.282680 | e:   0.891650 | Q: 160.095337 | won: False 
#  613 | steps_t:  2175 | t: 115.979347 | r:   305.400000 | avg_r:    69.667863 | e:   0.891250 | Q: 153.580551 | won: False 
#  614 | steps_t:  2178 | t: 116.151204 | r:  -211.000000 | avg_r:    69.210749 | e:   0.891100 | Q: 148.320465 | won: False 
#  615 | steps_t:  2180 | t: 116.258408 | r:  -112.200000 | avg_r:    68.915772 | e:   0.891000 | Q: 147.143982 | won: False 
#  616 | steps_t:  2182 | t: 116.376837 | r:  -130.000000 | avg_r:    68.592857 | e:   0.890900 | Q: 145.959473 | won: False 
#  617 | steps_t:  2188 | t: 116.675409 | r:   864.600000 | avg_r:    69.882982 | e:   0.890600 | Q: 147.300186 | won: False 
#  618 | steps_t:  2190 | t: 116.789444 | r:  -132.600000 | avg_r:    69.555340 | e:   0.890500 | Q: 152.977066 | won: False 
#  619 | steps_t:  2191 | t: 116.838223 | r:   -28.800000 | avg_r:    69.396446 | e:   0.890450 | Q: 151.648514 | won: False 
#  620 | steps_t:  2192 | t: 116.895550 | r:  -161.000000 | avg_r:    69.024839 | e:   0.890400 | Q:        nan | won: False 
#  621 | steps_t:  2193 | t: 116.950805 | r:  -345.000000 | avg_r:    68.358132 | e:   0.890350 | Q:        nan | won: False 
#  622 | steps_t:  2199 | t: 117.265885 | r:   138.400000 | avg_r:    68.470740 | e:   0.890050 | Q: 158.184174 | won: False 
#  623 | steps_t:  2200 | t: 117.308293 | r:  -374.000000 | avg_r:    67.760514 | e:   0.890000 | Q:        nan | won: False 
#  624 | steps_t:  2201 | t: 117.378101 | r:   -49.200000 | avg_r:    67.573077 | e:   0.889950 | Q: 161.764297 | won: False 
#  625 | steps_t:  2208 | t: 117.739156 | r:   -86.400000 | avg_r:    67.326720 | e:   0.889600 | Q: 169.974060 | won: False 
#  626 | steps_t:  2212 | t: 117.929204 | r:  -304.000000 | avg_r:    66.733546 | e:   0.889400 | Q: 170.195374 | won: False 
#  627 | steps_t:  2213 | t: 117.995391 | r:   192.800000 | avg_r:    66.934609 | e:   0.889350 | Q: 174.833633 | won: False 
#  628 | steps_t:  2216 | t: 118.154701 | r:   153.200000 | avg_r:    67.071975 | e:   0.889200 | Q: 178.523239 | won: False 
#  629 | steps_t:  2218 | t: 118.258683 | r:   430.000000 | avg_r:    67.648967 | e:   0.889100 | Q: 190.210281 | won: False 
#  630 | steps_t:  2219 | t: 118.324940 | r:   220.600000 | avg_r:    67.891746 | e:   0.889050 | Q: 190.032867 | won: False 
#  631 | steps_t:  2221 | t: 118.426306 | r:   -77.200000 | avg_r:    67.661807 | e:   0.888950 | Q: 189.400101 | won: False 
#  632 | steps_t:  2223 | t: 118.530234 | r:   139.400000 | avg_r:    67.775316 | e:   0.888850 | Q:        nan | won: False 
#  633 | steps_t:  2227 | t: 118.734288 | r:   -45.800000 | avg_r:    67.595893 | e:   0.888650 | Q: 200.517090 | won: False 
#  634 | steps_t:  2236 | t: 119.181157 | r:   -42.800000 | avg_r:    67.421767 | e:   0.888200 | Q: 209.508392 | won: False 
#  635 | steps_t:  2237 | t: 119.243899 | r:   146.000000 | avg_r:    67.545512 | e:   0.888150 | Q: 209.727417 | won: False 
#  636 | steps_t:  2240 | t: 119.391021 | r:  -120.600000 | avg_r:    67.249686 | e:   0.888000 | Q: 207.689606 | won: False 
#  637 | steps_t:  2241 | t: 119.450379 | r:   -69.200000 | avg_r:    67.035479 | e:   0.887950 | Q: 205.903198 | won: False 
#  638 | steps_t:  2242 | t: 119.500786 | r:   171.000000 | avg_r:    67.198433 | e:   0.887900 | Q: 204.497437 | won: False 
#  639 | steps_t:  2244 | t: 119.597909 | r:  -105.000000 | avg_r:    66.928951 | e:   0.887800 | Q: 202.943314 | won: False 
#  640 | steps_t:  2247 | t: 119.776216 | r:  -141.000000 | avg_r:    66.604062 | e:   0.887650 | Q: 201.062851 | won: False 
#  641 | steps_t:  2266 | t: 120.741846 | r:  -372.200000 | avg_r:    65.919501 | e:   0.886700 | Q: 198.687592 | won: False 
#  642 | steps_t:  2272 | t: 121.064443 | r:  -156.600000 | avg_r:    65.572897 | e:   0.886400 | Q: 163.352798 | won: False 
#  643 | steps_t:  2276 | t: 121.278048 | r:    -7.200000 | avg_r:    65.459720 | e:   0.886200 | Q: 149.708313 | won: False 
#  644 | steps_t:  2279 | t: 121.434544 | r:  -491.000000 | avg_r:    64.595652 | e:   0.886050 | Q: 144.946869 | won: False 
#  645 | steps_t:  2290 | t: 121.975381 | r:   -65.800000 | avg_r:    64.393488 | e:   0.885500 | Q: 140.600845 | won: False 
#  646 | steps_t:  2293 | t: 122.137595 | r:  -201.600000 | avg_r:    63.981734 | e:   0.885350 | Q: 133.872879 | won: False 
#  647 | steps_t:  2296 | t: 122.294677 | r:  -310.600000 | avg_r:    63.402782 | e:   0.885200 | Q: 129.662262 | won: False 
#  648 | steps_t:  2302 | t: 122.651226 | r:   190.400000 | avg_r:    63.598765 | e:   0.884900 | Q: 133.643066 | won: False 
#  649 | steps_t:  2304 | t: 122.761414 | r:   146.200000 | avg_r:    63.726040 | e:   0.884800 | Q: 133.493774 | won: False 
#  650 | steps_t:  2306 | t: 122.863212 | r:   126.400000 | avg_r:    63.822462 | e:   0.884700 | Q: 134.843216 | won: False 
#  651 | steps_t:  2310 | t: 123.081046 | r:  -208.800000 | avg_r:    63.403687 | e:   0.884500 | Q: 137.958298 | won: False 
#  652 | steps_t:  2313 | t: 123.248897 | r:    41.200000 | avg_r:    63.369632 | e:   0.884350 | Q: 144.030106 | won: False 
#  653 | steps_t:  2314 | t: 123.308433 | r:  -110.800000 | avg_r:    63.102910 | e:   0.884300 | Q: 138.220703 | won: False 
#  654 | steps_t:  2316 | t: 123.413225 | r:   236.400000 | avg_r:    63.367890 | e:   0.884200 | Q: 139.708450 | won: False 
#  655 | steps_t:  2320 | t: 123.625037 | r:   373.600000 | avg_r:    63.841527 | e:   0.884000 | Q: 145.034470 | won: False 
#  656 | steps_t:  2321 | t: 123.675272 | r:   209.800000 | avg_r:    64.064024 | e:   0.883950 | Q: 150.610977 | won: False 
#  657 | steps_t:  2324 | t: 123.827470 | r:   223.200000 | avg_r:    64.306240 | e:   0.883800 | Q:        nan | won: False 
#  658 | steps_t:  2328 | t: 124.026216 | r:   130.400000 | avg_r:    64.406687 | e:   0.883600 | Q: 156.668655 | won: False 
#  659 | steps_t:  2331 | t: 124.181340 | r:    76.600000 | avg_r:    64.425190 | e:   0.883450 | Q: 155.909058 | won: False 
#  660 | steps_t:  2335 | t: 124.382067 | r:  3189.800000 | avg_r:    69.160606 | e:   0.883250 | Q: 173.740021 | won: True 
#  661 | steps_t:  2343 | t: 124.791861 | r:   282.200000 | avg_r:    69.482905 | e:   0.882850 | Q: 172.921295 | won: False 
#  662 | steps_t:  2349 | t: 125.091729 | r:     9.800000 | avg_r:    69.392749 | e:   0.882550 | Q: 176.730560 | won: False 
#  663 | steps_t:  2351 | t: 125.193767 | r:   130.000000 | avg_r:    69.484163 | e:   0.882450 | Q: 176.644302 | won: False 
#  664 | steps_t:  2352 | t: 125.241771 | r:   -78.000000 | avg_r:    69.262048 | e:   0.882400 | Q: 177.937973 | won: False 
#  665 | steps_t:  2355 | t: 125.397821 | r:   455.800000 | avg_r:    69.843308 | e:   0.882250 | Q: 183.631226 | won: False 
#  666 | steps_t:  2358 | t: 125.552831 | r:    11.200000 | avg_r:    69.755255 | e:   0.882100 | Q: 181.725098 | won: False 
#  667 | steps_t:  2360 | t: 125.660033 | r:   163.000000 | avg_r:    69.895052 | e:   0.882000 | Q: 181.525314 | won: False 
#  668 | steps_t:  2362 | t: 125.772444 | r:  -409.000000 | avg_r:    69.178144 | e:   0.881900 | Q:        nan | won: False 
#  669 | steps_t:  2364 | t: 125.881629 | r:   113.600000 | avg_r:    69.244544 | e:   0.881800 | Q: 189.087662 | won: False 
#  670 | steps_t:  2366 | t: 125.981865 | r:   -98.400000 | avg_r:    68.994328 | e:   0.881700 | Q: 186.293884 | won: False 
#  671 | steps_t:  2369 | t: 126.131538 | r:    65.200000 | avg_r:    68.988674 | e:   0.881550 | Q: 190.200974 | won: False 
#  672 | steps_t:  2373 | t: 126.331218 | r:  1304.800000 | avg_r:    70.827679 | e:   0.881350 | Q: 201.616501 | won: False 
#  673 | steps_t:  2374 | t: 126.397666 | r:  -118.200000 | avg_r:    70.546805 | e:   0.881300 | Q: 197.847534 | won: False 
#  674 | steps_t:  2375 | t: 126.451662 | r:   -83.800000 | avg_r:    70.317804 | e:   0.881250 | Q: 201.674088 | won: False 
#  675 | steps_t:  2378 | t: 126.609117 | r:    64.200000 | avg_r:    70.308741 | e:   0.881100 | Q: 207.033752 | won: False 
#  676 | steps_t:  2379 | t: 126.678284 | r:  -396.000000 | avg_r:    69.618935 | e:   0.881050 | Q: 204.713699 | won: False 
#  677 | steps_t:  2381 | t: 126.789977 | r:  -142.600000 | avg_r:    69.305465 | e:   0.880950 | Q: 206.934402 | won: False 
#  678 | steps_t:  2385 | t: 126.989903 | r:    75.400000 | avg_r:    69.314454 | e:   0.880750 | Q: 212.923584 | won: False 
#  679 | steps_t:  2386 | t: 127.042324 | r:   -68.400000 | avg_r:    69.111635 | e:   0.880700 | Q:        nan | won: False 
#  680 | steps_t:  2390 | t: 127.247780 | r:   -79.800000 | avg_r:    68.892647 | e:   0.880500 | Q: 211.767075 | won: False 
#  681 | steps_t:  2392 | t: 127.347432 | r:  -130.400000 | avg_r:    68.600000 | e:   0.880400 | Q: 210.684921 | won: False 
#  682 | steps_t:  2394 | t: 127.476795 | r:   184.200000 | avg_r:    68.769501 | e:   0.880300 | Q: 213.682938 | won: False 
#  683 | steps_t:  2403 | t: 127.941382 | r:  2796.800000 | avg_r:    72.763690 | e:   0.879850 | Q: 228.466965 | won: True 
#  684 | steps_t:  2417 | t: 128.684102 | r:   935.200000 | avg_r:    74.024561 | e:   0.879150 | Q: 207.467163 | won: False 
#  685 | steps_t:  2419 | t: 128.801139 | r:  -250.800000 | avg_r:    73.550365 | e:   0.879050 | Q: 188.752411 | won: False 
#  686 | steps_t:  2420 | t: 128.848788 | r:  -396.000000 | avg_r:    72.865889 | e:   0.879000 | Q: 185.471619 | won: False 
#  687 | steps_t:  2421 | t: 128.895719 | r:   -35.800000 | avg_r:    72.707715 | e:   0.878950 | Q: 185.026215 | won: False 
#  688 | steps_t:  2423 | t: 129.008266 | r:  -115.400000 | avg_r:    72.434302 | e:   0.878850 | Q: 182.891876 | won: False 
#  689 | steps_t:  2426 | t: 129.175544 | r:  -132.000000 | avg_r:    72.137591 | e:   0.878700 | Q: 181.496872 | won: False 
#  690 | steps_t:  2427 | t: 129.225914 | r:  -128.000000 | avg_r:    71.847536 | e:   0.878650 | Q: 179.946594 | won: False 
#  691 | steps_t:  2431 | t: 129.441562 | r:  1178.400000 | avg_r:    73.448915 | e:   0.878450 | Q: 183.268402 | won: False 
#  692 | steps_t:  2433 | t: 129.541660 | r:   241.200000 | avg_r:    73.691329 | e:   0.878350 | Q: 177.587814 | won: False 
#  693 | steps_t:  2434 | t: 129.591177 | r:   -85.200000 | avg_r:    73.462049 | e:   0.878300 | Q: 177.140549 | won: False 
#  694 | steps_t:  2437 | t: 129.741846 | r:   168.600000 | avg_r:    73.599135 | e:   0.878150 | Q: 180.450546 | won: False 
#  695 | steps_t:  2441 | t: 129.961442 | r:   424.800000 | avg_r:    74.104460 | e:   0.877950 | Q: 182.782745 | won: False 
#  696 | steps_t:  2442 | t: 130.019446 | r:  -399.000000 | avg_r:    73.424713 | e:   0.877900 | Q: 174.302673 | won: False 
#  697 | steps_t:  2446 | t: 130.224893 | r:   152.600000 | avg_r:    73.538307 | e:   0.877700 | Q: 173.382874 | won: False 
#  698 | steps_t:  2448 | t: 130.326614 | r:   201.400000 | avg_r:    73.721490 | e:   0.877600 | Q: 170.194855 | won: False 
#  699 | steps_t:  2455 | t: 130.691189 | r:   143.400000 | avg_r:    73.821173 | e:   0.877250 | Q: 167.908829 | won: False 
#  700 | steps_t:  2462 | t: 131.049715 | r:   292.000000 | avg_r:    74.132857 | e:   0.876900 | Q: 166.197067 | won: False 
#  701 | steps_t:  2466 | t: 131.265918 | r:   334.800000 | avg_r:    74.504708 | e:   0.876700 | Q: 160.557693 | won: False 
#  702 | steps_t:  2470 | t: 131.461371 | r:   159.800000 | avg_r:    74.626211 | e:   0.876500 | Q: 156.219025 | won: False 
#  703 | steps_t:  2476 | t: 131.791604 | r:  -119.400000 | avg_r:    74.350213 | e:   0.876200 | Q: 163.866562 | won: False 
#  704 | steps_t:  2480 | t: 131.996584 | r:  -158.200000 | avg_r:    74.019886 | e:   0.876000 | Q: 172.311615 | won: False 
#  705 | steps_t:  2488 | t: 132.427635 | r:  -799.000000 | avg_r:    72.781560 | e:   0.875600 | Q: 180.199478 | won: False 
#  706 | steps_t:  2498 | t: 132.961243 | r:  -298.000000 | avg_r:    72.256374 | e:   0.875100 | Q: 193.001816 | won: False 
#  707 | steps_t:  2501 | t: 133.130800 | r:  -194.200000 | avg_r:    71.879491 | e:   0.874950 | Q: 193.190506 | won: False 
#  708 | steps_t:  2507 | t: 133.459872 | r:   -96.400000 | avg_r:    71.641808 | e:   0.874650 | Q: 201.652435 | won: False 
#  709 | steps_t:  2508 | t: 133.515333 | r:  -422.000000 | avg_r:    70.945557 | e:   0.874600 | Q: 203.287704 | won: False 
#  710 | steps_t:  2519 | t: 134.075407 | r:  -149.400000 | avg_r:    70.635211 | e:   0.874050 | Q: 222.025833 | won: False 
#  711 | steps_t:  2526 | t: 134.451693 | r:    22.800000 | avg_r:    70.567932 | e:   0.873700 | Q: 235.685867 | won: False 
#  712 | steps_t:  2531 | t: 134.724860 | r:   -38.200000 | avg_r:    70.415169 | e:   0.873450 | Q: 238.066162 | won: False 
#  713 | steps_t:  2533 | t: 134.826462 | r:  -499.000000 | avg_r:    69.616550 | e:   0.873350 | Q:        nan | won: False 
#  714 | steps_t:  2534 | t: 134.875486 | r:  -370.000000 | avg_r:    69.000840 | e:   0.873300 | Q:        nan | won: False 
#  715 | steps_t:  2536 | t: 134.989740 | r:   144.200000 | avg_r:    69.106014 | e:   0.873200 | Q: 233.838364 | won: False 
#  716 | steps_t:  2543 | t: 135.371299 | r:   577.600000 | avg_r:    69.816201 | e:   0.872850 | Q: 235.442596 | won: False 
#  717 | steps_t:  2546 | t: 135.518224 | r:    47.000000 | avg_r:    69.784379 | e:   0.872700 | Q: 222.876312 | won: False 
#  718 | steps_t:  2550 | t: 135.731864 | r:  1283.000000 | avg_r:    71.474095 | e:   0.872500 | Q: 228.849625 | won: False 
#  719 | steps_t:  2553 | t: 135.880064 | r:    82.800000 | avg_r:    71.489847 | e:   0.872350 | Q: 201.029190 | won: False 
#  720 | steps_t:  2556 | t: 136.030961 | r:  -277.000000 | avg_r:    71.005833 | e:   0.872200 | Q: 193.755219 | won: False 
#  721 | steps_t:  2558 | t: 136.140896 | r:  -112.600000 | avg_r:    70.751179 | e:   0.872100 | Q: 185.348984 | won: False 
#  722 | steps_t:  2561 | t: 136.299279 | r:   549.600000 | avg_r:    71.414404 | e:   0.871950 | Q: 186.253326 | won: False 
#  723 | steps_t:  2562 | t: 136.345360 | r:  -406.000000 | avg_r:    70.754080 | e:   0.871900 | Q: 182.507599 | won: False 
#  724 | steps_t:  2564 | t: 136.445888 | r:   178.800000 | avg_r:    70.903315 | e:   0.871800 | Q: 184.880371 | won: False 
#  725 | steps_t:  2572 | t: 136.841937 | r:  3065.600000 | avg_r:    75.033931 | e:   0.871400 | Q: 215.043030 | won: True 
#  726 | steps_t:  2587 | t: 137.591281 | r:   847.600000 | avg_r:    76.098072 | e:   0.870650 | Q: 228.397537 | won: False 
#  727 | steps_t:  2588 | t: 137.644778 | r:  -395.000000 | avg_r:    75.450069 | e:   0.870600 | Q:        nan | won: False 
#  728 | steps_t:  2589 | t: 137.692151 | r:   -99.000000 | avg_r:    75.210440 | e:   0.870550 | Q:        nan | won: False 
#  729 | steps_t:  2591 | t: 137.795702 | r:   183.600000 | avg_r:    75.359122 | e:   0.870450 | Q: 205.450287 | won: False 
#  730 | steps_t:  2594 | t: 137.943254 | r:  -197.200000 | avg_r:    74.985753 | e:   0.870300 | Q: 200.161652 | won: False 
#  731 | steps_t:  2595 | t: 137.993428 | r:   -72.800000 | avg_r:    74.783584 | e:   0.870250 | Q: 198.169907 | won: False 
#  732 | steps_t:  2596 | t: 138.043289 | r:   248.000000 | avg_r:    75.020219 | e:   0.870200 | Q: 198.457443 | won: False 
#  733 | steps_t:  2599 | t: 138.193306 | r:   164.000000 | avg_r:    75.141610 | e:   0.870050 | Q: 196.308121 | won: False 
#  734 | steps_t:  2600 | t: 138.244485 | r:   179.800000 | avg_r:    75.284196 | e:   0.870000 | Q: 195.346756 | won: False 
#  735 | steps_t:  2602 | t: 138.360710 | r:  -151.600000 | avg_r:    74.975510 | e:   0.869900 | Q: 195.390488 | won: False 
#  736 | steps_t:  2603 | t: 138.426334 | r:   -23.800000 | avg_r:    74.841304 | e:   0.869850 | Q: 193.446899 | won: False 
#  737 | steps_t:  2605 | t: 138.536846 | r:  -103.200000 | avg_r:    74.599729 | e:   0.869750 | Q: 189.703690 | won: False 
#  738 | steps_t:  2614 | t: 139.063522 | r:  -208.200000 | avg_r:    74.216531 | e:   0.869300 | Q: 191.031677 | won: False 
#  739 | steps_t:  2621 | t: 139.460134 | r:  -193.200000 | avg_r:    73.854668 | e:   0.868950 | Q: 186.678024 | won: False 
#  740 | steps_t:  2623 | t: 139.564552 | r:  -423.000000 | avg_r:    73.183243 | e:   0.868850 | Q: 177.227127 | won: False 
#  741 | steps_t:  2625 | t: 139.657844 | r:  -373.000000 | avg_r:    72.581107 | e:   0.868750 | Q: 177.554642 | won: False 
#  742 | steps_t:  2644 | t: 140.647258 | r:   387.000000 | avg_r:    73.004852 | e:   0.867800 | Q: 197.167023 | won: False 
#  743 | steps_t:  2650 | t: 140.971882 | r:   -77.800000 | avg_r:    72.801884 | e:   0.867500 | Q: 168.458572 | won: False 
#  744 | steps_t:  2659 | t: 141.446530 | r:   123.400000 | avg_r:    72.869892 | e:   0.867050 | Q: 165.031250 | won: False 
#  745 | steps_t:  2662 | t: 141.607858 | r:   228.000000 | avg_r:    73.078121 | e:   0.866900 | Q: 154.056931 | won: False 
#  746 | steps_t:  2672 | t: 142.151535 | r:   719.800000 | avg_r:    73.945040 | e:   0.866400 | Q: 159.484894 | won: False 
#  747 | steps_t:  2680 | t: 142.575280 | r:   193.400000 | avg_r:    74.104953 | e:   0.866000 | Q: 164.091843 | won: False 
#  748 | steps_t:  2692 | t: 143.208379 | r:  -256.400000 | avg_r:    73.663102 | e:   0.865400 | Q: 151.582809 | won: False 
#  749 | steps_t:  2695 | t: 143.359317 | r:    12.200000 | avg_r:    73.581041 | e:   0.865250 | Q: 147.832794 | won: False 
#  750 | steps_t:  2701 | t: 143.685464 | r:   774.800000 | avg_r:    74.516000 | e:   0.864950 | Q: 157.030411 | won: False 
#  751 | steps_t:  2703 | t: 143.788358 | r:  -114.200000 | avg_r:    74.264714 | e:   0.864850 | Q: 148.111572 | won: False 
#  752 | steps_t:  2708 | t: 144.078482 | r:  -178.800000 | avg_r:    73.928191 | e:   0.864600 | Q: 149.426346 | won: False 
#  753 | steps_t:  2711 | t: 144.276592 | r:   121.200000 | avg_r:    73.990969 | e:   0.864450 | Q: 146.664978 | won: False 
#  754 | steps_t:  2715 | t: 144.490642 | r:  -326.800000 | avg_r:    73.459416 | e:   0.864250 | Q: 145.572876 | won: False 
#  755 | steps_t:  2717 | t: 144.600939 | r:   -66.400000 | avg_r:    73.274172 | e:   0.864150 | Q: 143.649887 | won: False 
#  756 | steps_t:  2719 | t: 144.722856 | r:  -368.000000 | avg_r:    72.690476 | e:   0.864050 | Q:        nan | won: False 
#  757 | steps_t:  2733 | t: 145.441376 | r:   801.000000 | avg_r:    73.652576 | e:   0.863350 | Q: 182.219696 | won: False 
#  758 | steps_t:  2735 | t: 145.553889 | r:  -132.800000 | avg_r:    73.380211 | e:   0.863250 | Q: 156.826782 | won: False 
#  759 | steps_t:  2740 | t: 145.813405 | r:   925.600000 | avg_r:    74.503030 | e:   0.863000 | Q: 178.260269 | won: False 
#  760 | steps_t:  2743 | t: 145.990667 | r:    84.400000 | avg_r:    74.516053 | e:   0.862850 | Q: 162.410080 | won: False 
#  761 | steps_t:  2744 | t: 146.041994 | r:  -132.800000 | avg_r:    74.243627 | e:   0.862800 | Q: 157.961716 | won: False 
#  762 | steps_t:  2745 | t: 146.106595 | r:   -60.000000 | avg_r:    74.067454 | e:   0.862750 | Q: 158.980515 | won: False 
#  763 | steps_t:  2760 | t: 146.941068 | r:  -117.200000 | avg_r:    73.816776 | e:   0.862000 | Q: 177.113968 | won: False 
#  764 | steps_t:  2763 | t: 147.130274 | r:  -150.800000 | avg_r:    73.522775 | e:   0.861850 | Q: 164.765076 | won: False 
#  765 | steps_t:  2764 | t: 147.192241 | r:  -367.000000 | avg_r:    72.946928 | e:   0.861800 | Q: 161.610336 | won: False 
#  766 | steps_t:  2767 | t: 147.357768 | r:   383.600000 | avg_r:    73.352480 | e:   0.861650 | Q: 160.796127 | won: False 
#  767 | steps_t:  2771 | t: 147.574360 | r:    32.200000 | avg_r:    73.298827 | e:   0.861450 | Q: 164.409805 | won: False 
#  768 | steps_t:  2774 | t: 147.746747 | r:    26.800000 | avg_r:    73.238281 | e:   0.861300 | Q: 171.333389 | won: False 
#  769 | steps_t:  2777 | t: 147.908195 | r:    77.800000 | avg_r:    73.244213 | e:   0.861150 | Q: 159.156830 | won: False 
#  770 | steps_t:  2779 | t: 148.013819 | r:  -126.400000 | avg_r:    72.984935 | e:   0.861050 | Q: 163.556793 | won: False 
#  771 | steps_t:  2781 | t: 148.128499 | r:   216.200000 | avg_r:    73.170687 | e:   0.860950 | Q: 166.479172 | won: False 
#  772 | steps_t:  2785 | t: 148.341923 | r:  -165.400000 | avg_r:    72.861658 | e:   0.860750 | Q: 166.574493 | won: False 
#  773 | steps_t:  2787 | t: 148.457232 | r:    85.600000 | avg_r:    72.878137 | e:   0.860650 | Q: 167.677505 | won: False 
#  774 | steps_t:  2789 | t: 148.573918 | r:  -164.000000 | avg_r:    72.572093 | e:   0.860550 | Q: 174.701935 | won: False 
#  775 | steps_t:  2795 | t: 148.898876 | r:  -282.200000 | avg_r:    72.114323 | e:   0.860250 | Q: 172.580597 | won: False 
#  776 | steps_t:  2799 | t: 149.120878 | r:  -468.000000 | avg_r:    71.418299 | e:   0.860050 | Q: 168.435898 | won: False 
#  777 | steps_t:  2804 | t: 149.396452 | r:    -5.400000 | avg_r:    71.319434 | e:   0.859800 | Q: 165.039978 | won: False 
#  778 | steps_t:  2809 | t: 149.677122 | r:   337.400000 | avg_r:    71.661440 | e:   0.859550 | Q: 158.558029 | won: False 
#  779 | steps_t:  2816 | t: 150.145057 | r:    22.200000 | avg_r:    71.597946 | e:   0.859200 | Q: 145.226624 | won: False 
#  780 | steps_t:  2823 | t: 150.528416 | r:   609.200000 | avg_r:    72.287179 | e:   0.858850 | Q: 137.919662 | won: False 
#  781 | steps_t:  2829 | t: 150.873842 | r:   -84.800000 | avg_r:    72.086044 | e:   0.858550 | Q: 137.478500 | won: False 
#  782 | steps_t:  2836 | t: 151.261493 | r:   480.600000 | avg_r:    72.608440 | e:   0.858200 | Q: 158.079529 | won: False 
#  783 | steps_t:  2840 | t: 151.495948 | r:   335.200000 | avg_r:    72.943806 | e:   0.858000 | Q: 162.944061 | won: False 
#  784 | steps_t:  2850 | t: 152.047782 | r:   -71.000000 | avg_r:    72.760204 | e:   0.857500 | Q: 167.157715 | won: False 
#  785 | steps_t:  2854 | t: 152.274362 | r:  -122.800000 | avg_r:    72.511083 | e:   0.857300 | Q: 175.986191 | won: False 
#  786 | steps_t:  2861 | t: 152.673729 | r:    41.000000 | avg_r:    72.470992 | e:   0.856950 | Q: 190.706909 | won: False 
#  787 | steps_t:  2864 | t: 152.843346 | r:   116.000000 | avg_r:    72.526302 | e:   0.856800 | Q: 195.091431 | won: False 
#  788 | steps_t:  2867 | t: 153.011787 | r:   509.000000 | avg_r:    73.080203 | e:   0.856650 | Q: 201.564529 | won: False 
#  789 | steps_t:  2870 | t: 153.191185 | r:    72.400000 | avg_r:    73.079341 | e:   0.856500 | Q: 214.217880 | won: False 
#  790 | steps_t:  2872 | t: 153.307668 | r:   132.400000 | avg_r:    73.154430 | e:   0.856400 | Q: 235.924362 | won: False 
#  791 | steps_t:  2875 | t: 153.474297 | r:   211.600000 | avg_r:    73.329456 | e:   0.856250 | Q: 238.444839 | won: False 
#  792 | steps_t:  2878 | t: 153.640791 | r:   708.800000 | avg_r:    74.131818 | e:   0.856100 | Q: 243.467712 | won: False 
#  793 | steps_t:  2880 | t: 153.757740 | r:   168.600000 | avg_r:    74.250946 | e:   0.856000 | Q: 260.487793 | won: False 
#  794 | steps_t:  2881 | t: 153.824437 | r:  -400.000000 | avg_r:    73.653652 | e:   0.855950 | Q: 244.028793 | won: False 
#  795 | steps_t:  2884 | t: 153.980417 | r:  -425.000000 | avg_r:    73.026415 | e:   0.855800 | Q: 245.908936 | won: False 
#  796 | steps_t:  2885 | t: 154.041752 | r:  -406.000000 | avg_r:    72.424623 | e:   0.855750 | Q: 242.391510 | won: False 
#  797 | steps_t:  2896 | t: 154.640664 | r:   583.000000 | avg_r:    73.065245 | e:   0.855200 | Q: 285.818878 | won: False 
#  798 | steps_t:  2898 | t: 154.757396 | r:  -110.600000 | avg_r:    72.835088 | e:   0.855100 | Q: 249.278122 | won: False 
#  799 | steps_t:  2903 | t: 155.044235 | r:    27.000000 | avg_r:    72.777722 | e:   0.854850 | Q: 255.813980 | won: False 
#  800 | steps_t:  2905 | t: 155.157363 | r:  -105.600000 | avg_r:    72.554750 | e:   0.854750 | Q: 241.258179 | won: False 
#  801 | steps_t:  2907 | t: 155.260568 | r:  -113.400000 | avg_r:    72.322597 | e:   0.854650 | Q: 231.034134 | won: False 
#  802 | steps_t:  2909 | t: 155.373599 | r:  -127.000000 | avg_r:    72.074065 | e:   0.854550 | Q: 231.498642 | won: False 
#  803 | steps_t:  2913 | t: 155.579974 | r:  -486.000000 | avg_r:    71.379078 | e:   0.854350 | Q: 230.081497 | won: False 
#  804 | steps_t:  2918 | t: 155.846282 | r:   344.800000 | avg_r:    71.719154 | e:   0.854100 | Q: 234.099915 | won: False 
#  805 | steps_t:  2924 | t: 156.209330 | r:   976.200000 | avg_r:    72.842733 | e:   0.853800 | Q: 218.292679 | won: False 
#  806 | steps_t:  2930 | t: 156.547456 | r:   -51.400000 | avg_r:    72.688586 | e:   0.853500 | Q: 207.445251 | won: False 
#  807 | steps_t:  2933 | t: 156.743619 | r:   341.200000 | avg_r:    73.021314 | e:   0.853350 | Q: 219.635849 | won: False 
#  808 | steps_t:  2934 | t: 156.813080 | r:   208.200000 | avg_r:    73.188614 | e:   0.853300 | Q: 188.680054 | won: False 
#  809 | steps_t:  2937 | t: 156.977159 | r:   172.600000 | avg_r:    73.311496 | e:   0.853150 | Q: 177.216919 | won: False 
#  810 | steps_t:  2943 | t: 157.325241 | r:   760.200000 | avg_r:    74.159506 | e:   0.852850 | Q: 197.308945 | won: False 
#  811 | steps_t:  2944 | t: 157.380151 | r:  -397.000000 | avg_r:    73.578545 | e:   0.852800 | Q: 161.520172 | won: False 
#  812 | steps_t:  2948 | t: 157.602453 | r:   127.600000 | avg_r:    73.645074 | e:   0.852600 | Q: 159.142990 | won: False 
#  813 | steps_t:  2955 | t: 157.991599 | r:   146.200000 | avg_r:    73.734317 | e:   0.852250 | Q: 155.980240 | won: False 
#  814 | steps_t:  2957 | t: 158.096879 | r:   151.600000 | avg_r:    73.829975 | e:   0.852150 | Q: 139.265533 | won: False 
#  815 | steps_t:  2962 | t: 158.391897 | r:  -267.800000 | avg_r:    73.410798 | e:   0.851900 | Q: 140.733063 | won: False 
#  816 | steps_t:  2965 | t: 158.561980 | r:   102.200000 | avg_r:    73.446078 | e:   0.851750 | Q: 128.289307 | won: False 
#  817 | steps_t:  2967 | t: 158.674158 | r:  -112.400000 | avg_r:    73.218605 | e:   0.851650 | Q: 130.877930 | won: False 
#  818 | steps_t:  2968 | t: 158.723898 | r:  -105.000000 | avg_r:    73.000733 | e:   0.851600 | Q:        nan | won: False 
#  819 | steps_t:  2970 | t: 158.843417 | r:   127.600000 | avg_r:    73.067399 | e:   0.851500 | Q: 121.047089 | won: False 
#  820 | steps_t:  2972 | t: 158.957323 | r:   -95.400000 | avg_r:    72.861951 | e:   0.851400 | Q: 121.150009 | won: False 
#  821 | steps_t:  2977 | t: 159.231362 | r:   646.800000 | avg_r:    73.561023 | e:   0.851150 | Q: 138.835648 | won: False 
#  822 | steps_t:  2978 | t: 159.290569 | r:  -372.000000 | avg_r:    73.018978 | e:   0.851100 | Q: 116.897720 | won: False 
#  823 | steps_t:  2980 | t: 159.394665 | r:   488.200000 | avg_r:    73.523451 | e:   0.851000 | Q: 116.751450 | won: False 
#  824 | steps_t:  2982 | t: 159.507566 | r:  -198.200000 | avg_r:    73.193689 | e:   0.850900 | Q: 115.780518 | won: False 
#  825 | steps_t:  2984 | t: 159.623777 | r:  -129.000000 | avg_r:    72.948606 | e:   0.850800 | Q: 116.330139 | won: False 
#  826 | steps_t:  2985 | t: 159.690087 | r:   172.200000 | avg_r:    73.068765 | e:   0.850750 | Q: 115.988014 | won: False 
#  827 | steps_t:  2988 | t: 159.847394 | r:  -263.400000 | avg_r:    72.661911 | e:   0.850600 | Q: 114.213219 | won: False 
#  828 | steps_t:  2990 | t: 159.957157 | r:   -85.800000 | avg_r:    72.470531 | e:   0.850500 | Q: 116.042641 | won: False 
#  829 | steps_t:  2994 | t: 160.178858 | r:   107.800000 | avg_r:    72.513148 | e:   0.850300 | Q: 115.081688 | won: False 
#  830 | steps_t:  2996 | t: 160.296845 | r:  -184.600000 | avg_r:    72.203373 | e:   0.850200 | Q:        nan | won: False 
#  831 | steps_t:  2998 | t: 160.417024 | r:  -134.000000 | avg_r:    71.955235 | e:   0.850100 | Q: 128.201096 | won: False 
#  832 | steps_t:  2999 | t: 160.499826 | r:  -100.200000 | avg_r:    71.748317 | e:   0.850050 | Q: 115.505669 | won: False 
#  833 | steps_t:  3001 | t: 160.607750 | r:  -143.800000 | avg_r:    71.489556 | e:   0.849950 | Q: 116.402390 | won: False 
#  834 | steps_t:  3003 | t: 160.726843 | r:   163.800000 | avg_r:    71.600240 | e:   0.849850 | Q: 120.872322 | won: False 
#  835 | steps_t:  3005 | t: 160.857020 | r:  -176.000000 | avg_r:    71.303713 | e:   0.849750 | Q: 111.236900 | won: False 
#  836 | steps_t:  3011 | t: 161.193788 | r:  -317.200000 | avg_r:    70.838995 | e:   0.849450 | Q: 116.220428 | won: False 
#  837 | steps_t:  3012 | t: 161.257111 | r:   -48.800000 | avg_r:    70.696057 | e:   0.849400 | Q: 112.920609 | won: False 
#  838 | steps_t:  3013 | t: 161.307107 | r:   -95.600000 | avg_r:    70.497613 | e:   0.849350 | Q:        nan | won: False 
#  839 | steps_t:  3016 | t: 161.490713 | r:    99.400000 | avg_r:    70.532062 | e:   0.849200 | Q: 130.729263 | won: False 
#  840 | steps_t:  3019 | t: 161.659318 | r:   139.600000 | avg_r:    70.614286 | e:   0.849050 | Q: 125.127983 | won: False 
#  841 | steps_t:  3022 | t: 161.842744 | r:   163.200000 | avg_r:    70.724376 | e:   0.848900 | Q: 118.854942 | won: False 
#  842 | steps_t:  3026 | t: 162.057102 | r:   124.400000 | avg_r:    70.788124 | e:   0.848700 | Q: 123.179260 | won: False 
#  843 | steps_t:  3028 | t: 162.162115 | r:   171.600000 | avg_r:    70.907711 | e:   0.848600 | Q: 130.756531 | won: False 
#  844 | steps_t:  3031 | t: 162.342021 | r:   784.800000 | avg_r:    71.753555 | e:   0.848450 | Q: 144.013474 | won: False 
#  845 | steps_t:  3034 | t: 162.524125 | r:  -155.000000 | avg_r:    71.485207 | e:   0.848300 | Q: 131.636673 | won: False 
#  846 | steps_t:  3039 | t: 162.800823 | r:    37.400000 | avg_r:    71.444917 | e:   0.848050 | Q: 141.332565 | won: False 
#  847 | steps_t:  3043 | t: 163.024797 | r:    24.400000 | avg_r:    71.389374 | e:   0.847850 | Q: 141.769684 | won: False 
#  848 | steps_t:  3045 | t: 163.144120 | r:   -80.800000 | avg_r:    71.209906 | e:   0.847750 | Q: 145.211960 | won: False 
#  849 | steps_t:  3056 | t: 163.764730 | r:   884.600000 | avg_r:    72.167962 | e:   0.847200 | Q: 208.596054 | won: False 
#  850 | steps_t:  3064 | t: 164.257645 | r:   -52.800000 | avg_r:    72.020941 | e:   0.846800 | Q: 216.585312 | won: False 
#  851 | steps_t:  3066 | t: 164.378853 | r:  -473.000000 | avg_r:    71.380494 | e:   0.846700 | Q: 206.886261 | won: False 
#  852 | steps_t:  3068 | t: 164.507135 | r:  -144.800000 | avg_r:    71.126761 | e:   0.846600 | Q: 211.785889 | won: False 
#  853 | steps_t:  3070 | t: 164.633215 | r:  -177.000000 | avg_r:    70.835873 | e:   0.846500 | Q: 222.446182 | won: False 
#  854 | steps_t:  3073 | t: 164.831059 | r:  -140.000000 | avg_r:    70.588993 | e:   0.846350 | Q: 237.202713 | won: False 
#  855 | steps_t:  3083 | t: 165.429699 | r:  1027.400000 | avg_r:    71.708070 | e:   0.845850 | Q: 317.247009 | won: False 
#  856 | steps_t:  3090 | t: 165.843012 | r:  -216.600000 | avg_r:    71.371262 | e:   0.845500 | Q: 256.048462 | won: False 
#  857 | steps_t:  3092 | t: 165.958311 | r:  -166.400000 | avg_r:    71.093816 | e:   0.845400 | Q:        nan | won: False 
#  858 | steps_t:  3093 | t: 166.024575 | r:  -153.400000 | avg_r:    70.832168 | e:   0.845350 | Q: 225.588028 | won: False 
#  859 | steps_t:  3094 | t: 166.089954 | r:  -392.000000 | avg_r:    70.293364 | e:   0.845300 | Q: 217.414825 | won: False 
#  860 | steps_t:  3099 | t: 166.395588 | r:     3.200000 | avg_r:    70.215349 | e:   0.845050 | Q: 213.807602 | won: False 
#  861 | steps_t:  3103 | t: 166.640855 | r:   411.400000 | avg_r:    70.611614 | e:   0.844850 | Q: 190.773590 | won: False 
#  862 | steps_t:  3117 | t: 167.487265 | r:  -424.400000 | avg_r:    70.037355 | e:   0.844150 | Q: 185.316513 | won: False 
#  863 | steps_t:  3117 | t: 167.487265 | r:  -382.000000 | avg_r:    69.513557 | e:   0.844150 | Q: 168.990204 | won: False 
#  864 | steps_t:  3119 | t: 167.604392 | r:   198.800000 | avg_r:    69.663194 | e:   0.844050 | Q: 170.226349 | won: False 
#  865 | steps_t:  3122 | t: 167.786525 | r:   479.400000 | avg_r:    70.136879 | e:   0.843900 | Q: 183.536972 | won: False 
#  866 | steps_t:  3124 | t: 167.910817 | r:   147.400000 | avg_r:    70.226097 | e:   0.843800 | Q: 174.743011 | won: False 
#  867 | steps_t:  3141 | t: 168.909110 | r:  2672.200000 | avg_r:    73.227220 | e:   0.842950 | Q: 270.532898 | won: True 
#  868 | steps_t:  3146 | t: 169.158772 | r:  -306.600000 | avg_r:    72.789631 | e:   0.842700 | Q: 180.569641 | won: False 
#  869 | steps_t:  3155 | t: 169.641937 | r:   382.800000 | avg_r:    73.146375 | e:   0.842250 | Q: 210.595505 | won: False 
#  870 | steps_t:  3157 | t: 169.757788 | r:  -500.000000 | avg_r:    72.487586 | e:   0.842150 | Q: 190.917206 | won: False 
#  871 | steps_t:  3164 | t: 170.123456 | r:    22.400000 | avg_r:    72.430080 | e:   0.841800 | Q: 201.229080 | won: False 
#  872 | steps_t:  3166 | t: 170.229115 | r:  -166.600000 | avg_r:    72.155963 | e:   0.841700 | Q: 214.825577 | won: False 
#  873 | steps_t:  3171 | t: 170.498811 | r:   -42.800000 | avg_r:    72.024284 | e:   0.841450 | Q: 215.414413 | won: False 
#  874 | steps_t:  3174 | t: 170.651041 | r:   149.600000 | avg_r:    72.113043 | e:   0.841300 | Q: 212.262650 | won: False 
#  875 | steps_t:  3176 | t: 170.756682 | r:  -133.000000 | avg_r:    71.878629 | e:   0.841200 | Q: 196.585602 | won: False 
#  876 | steps_t:  3186 | t: 171.294616 | r:   666.000000 | avg_r:    72.556849 | e:   0.840700 | Q: 240.615158 | won: False 
#  877 | steps_t:  3188 | t: 171.410454 | r:   231.600000 | avg_r:    72.738198 | e:   0.840600 | Q: 193.981522 | won: False 
#  878 | steps_t:  3189 | t: 171.465978 | r:  -137.200000 | avg_r:    72.499089 | e:   0.840550 | Q: 185.437408 | won: False 
#  879 | steps_t:  3192 | t: 171.629788 | r:   397.600000 | avg_r:    72.868942 | e:   0.840400 | Q: 245.719604 | won: False 
#  880 | steps_t:  3194 | t: 171.746950 | r:  -138.000000 | avg_r:    72.629318 | e:   0.840300 | Q:        nan | won: False 
#  881 | steps_t:  3196 | t: 171.857603 | r:  -359.000000 | avg_r:    72.139387 | e:   0.840200 | Q: 177.907150 | won: False 
#  882 | steps_t:  3199 | t: 172.011754 | r:    48.000000 | avg_r:    72.112018 | e:   0.840050 | Q: 180.653778 | won: False 
#  883 | steps_t:  3201 | t: 172.126067 | r:   105.600000 | avg_r:    72.149943 | e:   0.839950 | Q: 206.550949 | won: False 
#  884 | steps_t:  3206 | t: 172.404058 | r:   564.400000 | avg_r:    72.706787 | e:   0.839700 | Q: 243.883957 | won: False 
#  885 | steps_t:  3207 | t: 172.475019 | r:  -426.000000 | avg_r:    72.143277 | e:   0.839650 | Q: 187.206985 | won: False 
#  886 | steps_t:  3212 | t: 172.759686 | r:   -15.800000 | avg_r:    72.044018 | e:   0.839400 | Q: 206.995117 | won: False 
#  887 | steps_t:  3217 | t: 173.039988 | r:     4.600000 | avg_r:    71.967982 | e:   0.839150 | Q: 230.059769 | won: False 
#  888 | steps_t:  3224 | t: 173.439653 | r:   575.200000 | avg_r:    72.534685 | e:   0.838800 | Q: 236.877014 | won: False 
#  889 | steps_t:  3228 | t: 173.655772 | r:   143.600000 | avg_r:    72.614623 | e:   0.838600 | Q: 251.226288 | won: False 
#  890 | steps_t:  3232 | t: 173.858648 | r:    56.800000 | avg_r:    72.596854 | e:   0.838400 | Q: 237.190659 | won: False 
#  891 | steps_t:  3233 | t: 173.918156 | r:   288.000000 | avg_r:    72.838608 | e:   0.838350 | Q:        nan | won: False 
#  892 | steps_t:  3239 | t: 174.258692 | r:   413.000000 | avg_r:    73.219955 | e:   0.838050 | Q: 261.558868 | won: False 
#  893 | steps_t:  3240 | t: 174.329245 | r:  -416.000000 | avg_r:    72.672116 | e:   0.838000 | Q: 212.366776 | won: False 
#  894 | steps_t:  3244 | t: 174.550697 | r:  -484.000000 | avg_r:    72.049441 | e:   0.837800 | Q: 208.090393 | won: False 
#  895 | steps_t:  3247 | t: 174.709004 | r:  -248.000000 | avg_r:    71.691844 | e:   0.837650 | Q: 192.205124 | won: False 
#  896 | steps_t:  3252 | t: 174.961609 | r:   301.200000 | avg_r:    71.947991 | e:   0.837400 | Q: 244.846802 | won: False 
#  897 | steps_t:  3259 | t: 175.361455 | r:  -280.200000 | avg_r:    71.555407 | e:   0.837050 | Q: 193.070175 | won: False 
#  898 | steps_t:  3260 | t: 175.415223 | r:  -413.000000 | avg_r:    71.015813 | e:   0.837000 | Q: 181.244278 | won: False 
#  899 | steps_t:  3264 | t: 175.611853 | r:   113.000000 | avg_r:    71.062514 | e:   0.836800 | Q: 184.761185 | won: False 
#  900 | steps_t:  3266 | t: 175.705807 | r:  -115.600000 | avg_r:    70.855111 | e:   0.836700 | Q: 188.209015 | won: False 
#  901 | steps_t:  3268 | t: 175.821854 | r:  -153.800000 | avg_r:    70.605771 | e:   0.836600 | Q: 191.459091 | won: False 
#  902 | steps_t:  3274 | t: 176.141206 | r:   416.200000 | avg_r:    70.988914 | e:   0.836300 | Q: 256.358734 | won: False 
#  903 | steps_t:  3275 | t: 176.207737 | r:  -137.000000 | avg_r:    70.758583 | e:   0.836250 | Q: 202.449173 | won: False 
#  904 | steps_t:  3280 | t: 176.478637 | r:   770.000000 | avg_r:    71.532080 | e:   0.836000 | Q: 242.162216 | won: False 
#  905 | steps_t:  3281 | t: 176.533052 | r:  -367.000000 | avg_r:    71.047514 | e:   0.835950 | Q: 193.616013 | won: False 
#  906 | steps_t:  3285 | t: 176.735607 | r:   616.200000 | avg_r:    71.649227 | e:   0.835750 | Q: 227.047501 | won: False 
#  907 | steps_t:  3294 | t: 177.208363 | r:  1399.800000 | avg_r:    73.113561 | e:   0.835300 | Q: 271.729736 | won: False 
#  908 | steps_t:  3298 | t: 177.415294 | r:   363.400000 | avg_r:    73.433260 | e:   0.835100 | Q: 245.904510 | won: False 
#  909 | steps_t:  3302 | t: 177.613923 | r:    97.200000 | avg_r:    73.459406 | e:   0.834900 | Q: 226.142883 | won: False 
#  910 | steps_t:  3305 | t: 177.756967 | r:   988.800000 | avg_r:    74.465275 | e:   0.834750 | Q: 297.589813 | won: False 
#  911 | steps_t:  3311 | t: 178.113126 | r:  -279.000000 | avg_r:    74.077278 | e:   0.834450 | Q: 180.251205 | won: False 
#  912 | steps_t:  3312 | t: 178.169762 | r:  -103.000000 | avg_r:    73.883114 | e:   0.834400 | Q:        nan | won: False 
#  913 | steps_t:  3317 | t: 178.439940 | r:    41.000000 | avg_r:    73.847097 | e:   0.834150 | Q: 172.469131 | won: False 
#  914 | steps_t:  3318 | t: 178.493757 | r:  -133.000000 | avg_r:    73.620788 | e:   0.834100 | Q: 159.667114 | won: False 
#  915 | steps_t:  3322 | t: 178.691532 | r:   173.200000 | avg_r:    73.729617 | e:   0.833900 | Q: 184.272141 | won: False 
#  916 | steps_t:  3324 | t: 178.808166 | r:   482.000000 | avg_r:    74.175328 | e:   0.833800 | Q: 147.237549 | won: False 
#  917 | steps_t:  3330 | t: 179.143682 | r:   813.000000 | avg_r:    74.981025 | e:   0.833500 | Q: 242.624878 | won: False 
#  918 | steps_t:  3334 | t: 179.365093 | r:  -205.400000 | avg_r:    74.675599 | e:   0.833300 | Q: 138.769257 | won: False 
#  919 | steps_t:  3339 | t: 179.640322 | r:   508.000000 | avg_r:    75.147116 | e:   0.833050 | Q: 223.957489 | won: False 
#  920 | steps_t:  3341 | t: 179.753028 | r:  -136.200000 | avg_r:    74.917391 | e:   0.832950 | Q: 141.495972 | won: False 
#  921 | steps_t:  3347 | t: 180.080715 | r:   739.600000 | avg_r:    75.639088 | e:   0.832650 | Q: 304.628479 | won: False 
#  922 | steps_t:  3349 | t: 180.189443 | r:    33.400000 | avg_r:    75.593275 | e:   0.832550 | Q: 160.721802 | won: False 
#  923 | steps_t:  3361 | t: 180.838594 | r:  1287.600000 | avg_r:    76.906392 | e:   0.831950 | Q: 339.161102 | won: False 
#  924 | steps_t:  3363 | t: 180.956053 | r:   110.000000 | avg_r:    76.942208 | e:   0.831850 | Q: 182.007614 | won: False 
#  925 | steps_t:  3369 | t: 181.290254 | r:  -333.800000 | avg_r:    76.498162 | e:   0.831550 | Q: 178.179657 | won: False 
#  926 | steps_t:  3377 | t: 181.730454 | r:   656.400000 | avg_r:    77.124406 | e:   0.831150 | Q: 243.045212 | won: False 
#  927 | steps_t:  3378 | t: 181.792884 | r:  -382.000000 | avg_r:    76.629126 | e:   0.831100 | Q: 172.164368 | won: False 
#  928 | steps_t:  3380 | t: 181.906529 | r:   124.800000 | avg_r:    76.681034 | e:   0.831000 | Q: 161.939377 | won: False 
#  929 | steps_t:  3382 | t: 182.023687 | r:  -131.000000 | avg_r:    76.457481 | e:   0.830900 | Q: 159.301086 | won: False 
#  930 | steps_t:  3386 | t: 182.276684 | r:    68.200000 | avg_r:    76.448602 | e:   0.830700 | Q: 148.828033 | won: False 
#  931 | steps_t:  3389 | t: 182.457590 | r:   405.000000 | avg_r:    76.801504 | e:   0.830550 | Q: 203.716782 | won: False 
#  932 | steps_t:  3397 | t: 182.922796 | r:   632.800000 | avg_r:    77.398069 | e:   0.830150 | Q: 250.886261 | won: False 
#  933 | steps_t:  3398 | t: 182.973276 | r:   194.600000 | avg_r:    77.523687 | e:   0.830100 | Q: 114.891174 | won: False 
#  934 | steps_t:  3401 | t: 183.155995 | r:   152.600000 | avg_r:    77.604069 | e:   0.829950 | Q: 145.631943 | won: False 
#  935 | steps_t:  3402 | t: 183.210437 | r:   -96.800000 | avg_r:    77.417540 | e:   0.829900 | Q: 113.639832 | won: False 
#  936 | steps_t:  3403 | t: 183.272991 | r:  -452.000000 | avg_r:    76.851923 | e:   0.829850 | Q:  92.314194 | won: False 
#  937 | steps_t:  3405 | t: 183.374287 | r:  -102.800000 | avg_r:    76.660192 | e:   0.829750 | Q: 104.751816 | won: False 
#  938 | steps_t:  3409 | t: 183.596950 | r:   310.000000 | avg_r:    76.908955 | e:   0.829550 | Q: 170.644989 | won: False 
#  939 | steps_t:  3413 | t: 183.793768 | r:    -3.200000 | avg_r:    76.823642 | e:   0.829350 | Q: 139.965912 | won: False 
#  940 | steps_t:  3415 | t: 183.892662 | r:   102.400000 | avg_r:    76.850851 | e:   0.829250 | Q: 134.165466 | won: False 
#  941 | steps_t:  3417 | t: 183.991101 | r:   121.400000 | avg_r:    76.898193 | e:   0.829150 | Q: 143.603973 | won: False 
#  942 | steps_t:  3428 | t: 184.576802 | r:  -295.200000 | avg_r:    76.503185 | e:   0.828600 | Q: 234.083160 | won: False 
#  943 | steps_t:  3430 | t: 184.689326 | r:  -166.000000 | avg_r:    76.246023 | e:   0.828500 | Q: 200.607666 | won: False 
#  944 | steps_t:  3436 | t: 185.006264 | r:   577.200000 | avg_r:    76.776695 | e:   0.828200 | Q: 321.194855 | won: False 
#  945 | steps_t:  3441 | t: 185.281259 | r:   955.400000 | avg_r:    77.706455 | e:   0.827950 | Q: 294.554199 | won: False 
#  946 | steps_t:  3443 | t: 185.382230 | r:  -109.800000 | avg_r:    77.508245 | e:   0.827850 | Q: 159.941055 | won: False 
#  947 | steps_t:  3444 | t: 185.438215 | r:   183.000000 | avg_r:    77.619641 | e:   0.827800 | Q: 193.472610 | won: False 
#  948 | steps_t:  3446 | t: 185.544819 | r:   212.200000 | avg_r:    77.761603 | e:   0.827700 | Q:        nan | won: False 
#  949 | steps_t:  3447 | t: 185.597806 | r:  -107.400000 | avg_r:    77.566491 | e:   0.827650 | Q: 177.082840 | won: False 
#  950 | steps_t:  3455 | t: 186.018704 | r:   173.800000 | avg_r:    77.667789 | e:   0.827250 | Q: 246.788559 | won: False 
#  951 | steps_t:  3462 | t: 186.366241 | r:   835.600000 | avg_r:    78.464774 | e:   0.826900 | Q: 224.052368 | won: False 
#  952 | steps_t:  3463 | t: 186.423573 | r:   270.000000 | avg_r:    78.665966 | e:   0.826850 | Q: 149.049988 | won: False 
#  953 | steps_t:  3465 | t: 186.540009 | r:  -448.000000 | avg_r:    78.113326 | e:   0.826750 | Q: 115.904419 | won: False 
#  954 | steps_t:  3468 | t: 186.706308 | r:  -243.000000 | avg_r:    77.776730 | e:   0.826600 | Q: 182.948242 | won: False 
#  955 | steps_t:  3471 | t: 186.873612 | r:    80.400000 | avg_r:    77.779476 | e:   0.826450 | Q: 162.748474 | won: False 
#  956 | steps_t:  3472 | t: 186.933447 | r:   -90.800000 | avg_r:    77.603138 | e:   0.826400 | Q: 139.252869 | won: False 
#  957 | steps_t:  3474 | t: 187.040124 | r:   468.600000 | avg_r:    78.011703 | e:   0.826300 | Q: 298.286438 | won: False 
#  958 | steps_t:  3475 | t: 187.090734 | r:  -122.800000 | avg_r:    77.802088 | e:   0.826250 | Q: 160.723770 | won: False 
#  959 | steps_t:  3480 | t: 187.360530 | r:  -178.000000 | avg_r:    77.535349 | e:   0.826000 | Q: 163.250092 | won: False 
#  960 | steps_t:  3487 | t: 187.739125 | r:   -50.400000 | avg_r:    77.402083 | e:   0.825650 | Q: 185.628693 | won: False 
#  961 | steps_t:  3488 | t: 187.807370 | r:  -113.400000 | avg_r:    77.203538 | e:   0.825600 | Q: 144.132828 | won: False 
#  962 | steps_t:  3490 | t: 187.919135 | r:  -128.200000 | avg_r:    76.990021 | e:   0.825500 | Q: 159.018814 | won: False 
#  963 | steps_t:  3496 | t: 188.236111 | r:    35.600000 | avg_r:    76.947040 | e:   0.825200 | Q: 188.172516 | won: False 
#  964 | steps_t:  3497 | t: 188.288803 | r:   -95.000000 | avg_r:    76.768672 | e:   0.825150 | Q: 164.857147 | won: False 
#  965 | steps_t:  3499 | t: 188.393090 | r:  -139.400000 | avg_r:    76.544663 | e:   0.825050 | Q: 147.852112 | won: False 
#  966 | steps_t:  3501 | t: 188.512061 | r:  -146.600000 | avg_r:    76.313665 | e:   0.824950 | Q: 159.636261 | won: False 
#  967 | steps_t:  3503 | t: 188.607892 | r:  -105.200000 | avg_r:    76.125957 | e:   0.824850 | Q: 154.273590 | won: False 
#  968 | steps_t:  3505 | t: 188.719875 | r:  -145.400000 | avg_r:    75.897107 | e:   0.824750 | Q: 167.631210 | won: False 
#  969 | steps_t:  3511 | t: 189.033395 | r:  1206.400000 | avg_r:    77.063777 | e:   0.824450 | Q: 416.467407 | won: False 
#  970 | steps_t:  3512 | t: 189.089167 | r:   246.600000 | avg_r:    77.238557 | e:   0.824400 | Q: 159.122437 | won: False 
#  971 | steps_t:  3513 | t: 189.144790 | r:   -90.800000 | avg_r:    77.065499 | e:   0.824350 | Q: 162.027161 | won: False 
#  972 | steps_t:  3516 | t: 189.288398 | r:   218.800000 | avg_r:    77.211317 | e:   0.824200 | Q: 163.887573 | won: False 
#  973 | steps_t:  3520 | t: 189.505713 | r:  1103.200000 | avg_r:    78.265776 | e:   0.824000 | Q: 461.573364 | won: False 
#  974 | steps_t:  3524 | t: 189.725209 | r:   845.200000 | avg_r:    79.053183 | e:   0.823800 | Q: 316.091675 | won: False 
#  975 | steps_t:  3527 | t: 189.891345 | r:   135.400000 | avg_r:    79.110974 | e:   0.823650 | Q: 218.045059 | won: False 
#  976 | steps_t:  3530 | t: 190.064459 | r:   390.600000 | avg_r:    79.430123 | e:   0.823500 | Q: 236.969543 | won: False 
#  977 | steps_t:  3534 | t: 190.285401 | r:   124.600000 | avg_r:    79.476356 | e:   0.823300 | Q: 191.093521 | won: False 
#  978 | steps_t:  3541 | t: 190.644985 | r:   912.400000 | avg_r:    80.328016 | e:   0.822950 | Q: 424.639618 | won: False 
#  979 | steps_t:  3546 | t: 190.900303 | r:   326.800000 | avg_r:    80.579775 | e:   0.822700 | Q: 221.738968 | won: False 
#  980 | steps_t:  3549 | t: 191.046726 | r:   675.600000 | avg_r:    81.186939 | e:   0.822550 | Q: 353.809998 | won: False 
#  981 | steps_t:  3551 | t: 191.163262 | r:   158.000000 | avg_r:    81.265240 | e:   0.822450 | Q: 189.289841 | won: False 
#  982 | steps_t:  3553 | t: 191.268335 | r:  -129.800000 | avg_r:    81.050305 | e:   0.822350 | Q: 192.111328 | won: False 
#  983 | steps_t:  3555 | t: 191.389283 | r:   189.000000 | avg_r:    81.160122 | e:   0.822250 | Q: 206.066788 | won: False 
#  984 | steps_t:  3560 | t: 191.647670 | r:   605.200000 | avg_r:    81.692683 | e:   0.822000 | Q: 502.122345 | won: False 
#  985 | steps_t:  3561 | t: 191.703064 | r:   -89.000000 | avg_r:    81.519391 | e:   0.821950 | Q: 118.069336 | won: False 
#  986 | steps_t:  3563 | t: 191.792340 | r:  -124.800000 | avg_r:    81.310142 | e:   0.821850 | Q: 180.547043 | won: False 
#  987 | steps_t:  3568 | t: 192.084670 | r:   642.400000 | avg_r:    81.878622 | e:   0.821600 | Q: 204.678360 | won: False 
#  988 | steps_t:  3569 | t: 192.137669 | r:   184.400000 | avg_r:    81.982389 | e:   0.821550 | Q: 165.937408 | won: False 
#  989 | steps_t:  3575 | t: 192.440220 | r:   468.400000 | avg_r:    82.373104 | e:   0.821250 | Q: 181.130447 | won: False 
#  990 | steps_t:  3577 | t: 192.556462 | r:  -426.000000 | avg_r:    81.859596 | e:   0.821150 | Q: 163.871780 | won: False 
#  991 | steps_t:  3583 | t: 192.872623 | r:   790.600000 | avg_r:    82.574773 | e:   0.820850 | Q: 254.021927 | won: False 
#  992 | steps_t:  3585 | t: 192.989410 | r:  -176.600000 | avg_r:    82.313508 | e:   0.820750 | Q: 172.594604 | won: False 
#  993 | steps_t:  3586 | t: 193.045233 | r:  -353.000000 | avg_r:    81.875126 | e:   0.820700 | Q: 197.137207 | won: False 
#  994 | steps_t:  3587 | t: 193.110090 | r:  -107.000000 | avg_r:    81.685111 | e:   0.820650 | Q: 203.151566 | won: False 
#  995 | steps_t:  3589 | t: 193.234427 | r:  -433.000000 | avg_r:    81.167839 | e:   0.820550 | Q: 207.271301 | won: False 
#  996 | steps_t:  3592 | t: 193.409671 | r:   740.000000 | avg_r:    81.829317 | e:   0.820400 | Q: 564.735718 | won: False 
#  997 | steps_t:  3594 | t: 193.532554 | r:    59.400000 | avg_r:    81.806820 | e:   0.820300 | Q: 231.165405 | won: False 
#  998 | steps_t:  3595 | t: 193.580096 | r:    -5.200000 | avg_r:    81.719639 | e:   0.820250 | Q:        nan | won: False 
#  999 | steps_t:  3600 | t: 193.864243 | r:   819.800000 | avg_r:    82.458458 | e:   0.820000 | Q: 538.942627 | won: False 
# 1000 | steps_t:  3602 | t: 193.972512 | r:   148.200000 | avg_r:    82.524200 | e:   0.819900 | Q: 429.933563 | won: False 
# 1001 | steps_t:  3603 | t: 194.022199 | r:   -46.400000 | avg_r:    82.395405 | e:   0.819850 | Q: 142.500595 | won: False 
# 1002 | steps_t:  3604 | t: 194.077750 | r:   154.400000 | avg_r:    82.467265 | e:   0.819800 | Q: 263.206787 | won: False 
# 1003 | steps_t:  3605 | t: 194.123148 | r:  -343.000000 | avg_r:    82.043071 | e:   0.819750 | Q:        nan | won: False 
# 1004 | steps_t:  3610 | t: 194.377743 | r:     9.600000 | avg_r:    81.970916 | e:   0.819500 | Q: 193.573395 | won: False 
# 1005 | steps_t:  3624 | t: 195.105930 | r:  -144.000000 | avg_r:    81.746070 | e:   0.818800 | Q: 242.796738 | won: False 
# 1006 | steps_t:  3625 | t: 195.163142 | r:  -378.000000 | avg_r:    81.289066 | e:   0.818750 | Q:        nan | won: False 
# 1007 | steps_t:  3629 | t: 195.365562 | r:   465.600000 | avg_r:    81.670705 | e:   0.818550 | Q: 203.825928 | won: False 
# 1008 | steps_t:  3636 | t: 195.728571 | r:  1204.600000 | avg_r:    82.784722 | e:   0.818200 | Q: 517.214172 | won: False 
# 1009 | steps_t:  3637 | t: 195.781256 | r:  -434.000000 | avg_r:    82.272547 | e:   0.818150 | Q:        nan | won: False 
# 1010 | steps_t:  3644 | t: 196.115687 | r:   311.600000 | avg_r:    82.499604 | e:   0.817800 | Q: 188.411514 | won: False 
# 1011 | steps_t:  3646 | t: 196.227878 | r:   785.200000 | avg_r:    83.194659 | e:   0.817700 | Q: 440.451935 | won: False 
# 1012 | steps_t:  3647 | t: 196.287421 | r:   256.400000 | avg_r:    83.365810 | e:   0.817650 | Q: 304.288818 | won: False 
# 1013 | steps_t:  3649 | t: 196.379461 | r:  -124.600000 | avg_r:    83.160513 | e:   0.817550 | Q: 290.892761 | won: False 
# 1014 | steps_t:  3650 | t: 196.446595 | r:   -75.200000 | avg_r:    83.004339 | e:   0.817500 | Q: 271.157349 | won: False 
# 1015 | steps_t:  3653 | t: 196.586210 | r:  -195.400000 | avg_r:    82.730049 | e:   0.817350 | Q: 312.254303 | won: False 
# 1016 | steps_t:  3654 | t: 196.639328 | r:   168.400000 | avg_r:    82.814370 | e:   0.817300 | Q: 379.559692 | won: False 
# 1017 | steps_t:  3655 | t: 196.692250 | r:   238.000000 | avg_r:    82.966962 | e:   0.817250 | Q: 333.307526 | won: False 
# 1018 | steps_t:  3657 | t: 196.794833 | r:   249.800000 | avg_r:    83.130845 | e:   0.817150 | Q: 345.525482 | won: False 
# 1019 | steps_t:  3661 | t: 197.008395 | r:   695.800000 | avg_r:    83.732090 | e:   0.816950 | Q: 801.947998 | won: False 
# 1020 | steps_t:  3669 | t: 197.405813 | r:   -12.200000 | avg_r:    83.638039 | e:   0.816550 | Q: 480.987701 | won: False 
# 1021 | steps_t:  3671 | t: 197.508351 | r:   240.800000 | avg_r:    83.791969 | e:   0.816450 | Q: 258.763519 | won: False 
# 1022 | steps_t:  3674 | t: 197.658364 | r:   515.800000 | avg_r:    84.214677 | e:   0.816300 | Q: 481.083893 | won: False 
# 1023 | steps_t:  3683 | t: 198.105752 | r:  1060.000000 | avg_r:    85.168524 | e:   0.815850 | Q: 653.615112 | won: False 
# 1024 | steps_t:  3693 | t: 198.608635 | r:   887.200000 | avg_r:    85.951758 | e:   0.815350 | Q: 612.538818 | won: False 
# 1025 | steps_t:  3696 | t: 198.755727 | r:  -198.400000 | avg_r:    85.674341 | e:   0.815200 | Q: 275.084503 | won: False 
# 1026 | steps_t:  3697 | t: 198.809400 | r:  -370.000000 | avg_r:    85.230214 | e:   0.815150 | Q: 270.382477 | won: False 
# 1027 | steps_t:  3699 | t: 198.909040 | r:  -453.000000 | avg_r:    84.706134 | e:   0.815050 | Q: 257.969543 | won: False 
# 1028 | steps_t:  3702 | t: 199.055787 | r:   773.800000 | avg_r:    85.376459 | e:   0.814900 | Q: 600.515137 | won: False 
# 1029 | steps_t:  3703 | t: 199.105803 | r:  -107.000000 | avg_r:    85.189504 | e:   0.814850 | Q: 396.022034 | won: False 
# 1030 | steps_t:  3705 | t: 199.205742 | r:   449.000000 | avg_r:    85.542718 | e:   0.814750 | Q: 921.063782 | won: False 
# 1031 | steps_t:  3708 | t: 199.357969 | r:   713.800000 | avg_r:    86.152085 | e:   0.814600 | Q: 1013.553406 | won: False 
# 1032 | steps_t:  3715 | t: 199.705699 | r:   806.600000 | avg_r:    86.850194 | e:   0.814250 | Q: 1118.920410 | won: False 
# 1033 | steps_t:  3716 | t: 199.755677 | r:   -56.800000 | avg_r:    86.711133 | e:   0.814200 | Q: 453.010895 | won: False 
# 1034 | steps_t:  3719 | t: 199.905647 | r:   121.200000 | avg_r:    86.744487 | e:   0.814050 | Q: 416.832214 | won: False 
# 1035 | steps_t:  3721 | t: 200.005442 | r:  -462.000000 | avg_r:    86.214300 | e:   0.813950 | Q: 163.445770 | won: False 
# 1036 | steps_t:  3723 | t: 200.105317 | r:   178.200000 | avg_r:    86.303089 | e:   0.813850 | Q: 350.466675 | won: False 
# 1037 | steps_t:  3725 | t: 200.210546 | r:  -472.000000 | avg_r:    85.764706 | e:   0.813750 | Q: 230.459518 | won: False 
# 1038 | steps_t:  3728 | t: 200.360204 | r:   176.600000 | avg_r:    85.852216 | e:   0.813600 | Q: 286.563446 | won: False 
# 1039 | steps_t:  3731 | t: 200.514272 | r:   229.800000 | avg_r:    85.990760 | e:   0.813450 | Q: 277.723877 | won: False 
# 1040 | steps_t:  3736 | t: 200.776362 | r:  1518.400000 | avg_r:    87.368077 | e:   0.813200 | Q: 764.082581 | won: False 
# 1041 | steps_t:  3738 | t: 200.888913 | r:   122.800000 | avg_r:    87.402113 | e:   0.813100 | Q: 142.090073 | won: False 
# 1042 | steps_t:  3740 | t: 201.005273 | r:   460.800000 | avg_r:    87.760461 | e:   0.813000 | Q: 611.539856 | won: False 
# 1043 | steps_t:  3751 | t: 201.556896 | r:  1136.200000 | avg_r:    88.765676 | e:   0.812450 | Q: 966.797485 | won: False 
# 1044 | steps_t:  3754 | t: 201.710505 | r:    54.600000 | avg_r:    88.732950 | e:   0.812300 | Q: 764.835327 | won: False 
# 1045 | steps_t:  3755 | t: 201.760575 | r:   -53.200000 | avg_r:    88.597129 | e:   0.812250 | Q: 267.548370 | won: False 
# 1046 | steps_t:  3758 | t: 201.928463 | r:  -178.800000 | avg_r:    88.341491 | e:   0.812100 | Q: 735.226318 | won: False 
# 1047 | steps_t:  3762 | t: 202.126568 | r:  -256.800000 | avg_r:    88.011843 | e:   0.811900 | Q: 561.522461 | won: False 
# 1048 | steps_t:  3763 | t: 202.191108 | r:  -168.000000 | avg_r:    87.767557 | e:   0.811850 | Q: 547.264404 | won: False 
# 1049 | steps_t:  3767 | t: 202.427018 | r:   279.400000 | avg_r:    87.950238 | e:   0.811650 | Q: 1347.259766 | won: False 
# 1050 | steps_t:  3768 | t: 202.488482 | r:   599.000000 | avg_r:    88.436952 | e:   0.811600 | Q: 1008.205750 | won: False 
# 1051 | steps_t:  3772 | t: 202.729748 | r:  -525.000000 | avg_r:    87.853283 | e:   0.811400 | Q: 721.770874 | won: False 
# 1052 | steps_t:  3782 | t: 203.310230 | r:   852.600000 | avg_r:    88.580228 | e:   0.810900 | Q: 828.828064 | won: False 
# 1053 | steps_t:  3784 | t: 203.432003 | r:   132.600000 | avg_r:    88.622032 | e:   0.810800 | Q: 273.873322 | won: False 
# 1054 | steps_t:  3785 | t: 203.471882 | r:  -362.000000 | avg_r:    88.194497 | e:   0.810750 | Q:        nan | won: False 
# 1055 | steps_t:  3788 | t: 203.644960 | r:   711.200000 | avg_r:    88.785024 | e:   0.810600 | Q: 559.910889 | won: False 
# 1056 | steps_t:  3790 | t: 203.756273 | r:   794.000000 | avg_r:    89.452841 | e:   0.810500 | Q: 724.252197 | won: False 
# 1057 | steps_t:  3791 | t: 203.805540 | r:  -416.000000 | avg_r:    88.974645 | e:   0.810450 | Q: 137.460785 | won: False 
# 1058 | steps_t:  3798 | t: 204.179112 | r:  1211.000000 | avg_r:    90.035161 | e:   0.810100 | Q: 484.021423 | won: False 
# 1059 | steps_t:  3799 | t: 204.226971 | r:   -38.000000 | avg_r:    89.914259 | e:   0.810050 | Q: 114.573441 | won: False 
# 1060 | steps_t:  3801 | t: 204.327964 | r:  -417.000000 | avg_r:    89.436038 | e:   0.809950 | Q: 116.918884 | won: False 
# 1061 | steps_t:  3804 | t: 204.501485 | r:   -39.200000 | avg_r:    89.314797 | e:   0.809800 | Q: 242.140457 | won: False 
# 1062 | steps_t:  3807 | t: 204.672186 | r:  1040.400000 | avg_r:    90.210358 | e:   0.809650 | Q: 245.109711 | won: False 
# 1063 | steps_t:  3808 | t: 204.722085 | r:  -365.000000 | avg_r:    89.782126 | e:   0.809600 | Q: 133.169098 | won: False 
# 1064 | steps_t:  3818 | t: 205.239429 | r:  1102.400000 | avg_r:    90.733835 | e:   0.809100 | Q: 1139.541870 | won: False 
# 1065 | steps_t:  3823 | t: 205.488840 | r:    59.200000 | avg_r:    90.704225 | e:   0.808850 | Q: 677.783997 | won: False 
# 1066 | steps_t:  3829 | t: 205.792188 | r:   268.200000 | avg_r:    90.870732 | e:   0.808550 | Q: 750.425110 | won: False 
# 1067 | steps_t:  3832 | t: 205.941601 | r:   574.600000 | avg_r:    91.324086 | e:   0.808400 | Q: 979.126465 | won: False 
# 1068 | steps_t:  3834 | t: 206.039754 | r:   100.200000 | avg_r:    91.332397 | e:   0.808300 | Q: 1133.256226 | won: False 
# 1069 | steps_t:  3837 | t: 206.196519 | r:   723.200000 | avg_r:    91.923480 | e:   0.808150 | Q: 705.147095 | won: False 
# 1070 | steps_t:  3840 | t: 206.355093 | r:   458.400000 | avg_r:    92.265981 | e:   0.808000 | Q: 600.517456 | won: False 
# 1071 | steps_t:  3842 | t: 206.457920 | r:   113.200000 | avg_r:    92.285528 | e:   0.807900 | Q: 468.558258 | won: False 
# 1072 | steps_t:  3842 | t: 206.471802 | r:  -350.000000 | avg_r:    91.872948 | e:   0.807900 | Q:        nan | won: False 
# 1073 | steps_t:  3843 | t: 206.522817 | r:   246.600000 | avg_r:    92.017148 | e:   0.807850 | Q: 518.537415 | won: False 
# 1074 | steps_t:  3846 | t: 206.681926 | r:   177.200000 | avg_r:    92.096462 | e:   0.807700 | Q: 765.651001 | won: False 
# 1075 | steps_t:  3847 | t: 206.738810 | r:  -153.000000 | avg_r:    91.868465 | e:   0.807650 | Q: 327.368408 | won: False 
# 1076 | steps_t:  3848 | t: 206.805437 | r:   215.200000 | avg_r:    91.983086 | e:   0.807600 | Q: 805.379700 | won: False 
# 1077 | steps_t:  3850 | t: 206.905435 | r:   141.800000 | avg_r:    92.029341 | e:   0.807500 | Q: 631.598389 | won: False 
# 1078 | steps_t:  3858 | t: 207.337873 | r:   960.000000 | avg_r:    92.834508 | e:   0.807100 | Q: 1043.608521 | won: False 
# 1079 | steps_t:  3864 | t: 207.655409 | r:  1123.200000 | avg_r:    93.789435 | e:   0.806800 | Q: 1053.140503 | won: False 
# 1080 | steps_t:  3877 | t: 208.307927 | r:   907.000000 | avg_r:    94.542407 | e:   0.806150 | Q: 1151.214966 | won: False 
# 1081 | steps_t:  3878 | t: 208.359939 | r:   174.200000 | avg_r:    94.616096 | e:   0.806100 | Q: 461.676056 | won: False 
# 1082 | steps_t:  3879 | t: 208.422154 | r:   -37.200000 | avg_r:    94.494270 | e:   0.806050 | Q: 767.027710 | won: False 
# 1083 | steps_t:  3895 | t: 209.278023 | r:   758.800000 | avg_r:    95.107664 | e:   0.805250 | Q: 1464.397705 | won: False 
# 1084 | steps_t:  3897 | t: 209.405399 | r:  -205.000000 | avg_r:    94.830812 | e:   0.805150 | Q: 745.778442 | won: False 
# 1085 | steps_t:  3899 | t: 209.522069 | r:   772.400000 | avg_r:    95.455300 | e:   0.805050 | Q: 633.790833 | won: False 
# 1086 | steps_t:  3903 | t: 209.755392 | r:   113.000000 | avg_r:    95.471455 | e:   0.804850 | Q: 541.646667 | won: False 
# 1087 | steps_t:  3905 | t: 209.884693 | r:   -85.000000 | avg_r:    95.305428 | e:   0.804750 | Q:        nan | won: False 
# 1088 | steps_t:  3909 | t: 210.111576 | r:     0.200000 | avg_r:    95.218015 | e:   0.804550 | Q: 1180.723145 | won: False 
# 1089 | steps_t:  3914 | t: 210.381985 | r:   520.200000 | avg_r:    95.608264 | e:   0.804300 | Q: 960.300842 | won: False 
# 1090 | steps_t:  3915 | t: 210.428597 | r:   -61.800000 | avg_r:    95.463853 | e:   0.804250 | Q: 329.717926 | won: False 
# 1091 | steps_t:  3917 | t: 210.541046 | r:   145.600000 | avg_r:    95.509808 | e:   0.804150 | Q: 386.140778 | won: False 
# 1092 | steps_t:  3920 | t: 210.718558 | r:   355.000000 | avg_r:    95.747436 | e:   0.804000 | Q: 746.550415 | won: False 
# 1093 | steps_t:  3926 | t: 211.032682 | r:     2.800000 | avg_r:    95.662397 | e:   0.803700 | Q: 297.655518 | won: False 
# 1094 | steps_t:  3927 | t: 211.086923 | r:   299.800000 | avg_r:    95.848995 | e:   0.803650 | Q: 267.882996 | won: False 
# 1095 | steps_t:  3929 | t: 211.193599 | r:   966.600000 | avg_r:    96.644201 | e:   0.803550 | Q: 1025.173462 | won: False 
# 1096 | steps_t:  3932 | t: 211.355384 | r:  -114.200000 | avg_r:    96.451825 | e:   0.803400 | Q: 327.590912 | won: False 
# 1097 | steps_t:  3934 | t: 211.457324 | r:  -146.000000 | avg_r:    96.230811 | e:   0.803300 | Q: 642.133972 | won: False 
# 1098 | steps_t:  3936 | t: 211.559449 | r:  -192.000000 | avg_r:    95.968306 | e:   0.803200 | Q: 735.744690 | won: False 
# 1099 | steps_t:  3937 | t: 211.610593 | r:   204.400000 | avg_r:    96.066970 | e:   0.803150 | Q: 423.163391 | won: False 
# 1100 | steps_t:  3940 | t: 211.761412 | r:   478.400000 | avg_r:    96.414545 | e:   0.803000 | Q: 349.232208 | won: False 
# 1101 | steps_t:  3943 | t: 211.938713 | r:   746.600000 | avg_r:    97.005086 | e:   0.802850 | Q: 926.451172 | won: False 
# 1102 | steps_t:  3948 | t: 212.192722 | r:   324.600000 | avg_r:    97.211615 | e:   0.802600 | Q: 577.439209 | won: False 
# 1103 | steps_t:  3950 | t: 212.294972 | r:  -450.000000 | avg_r:    96.715503 | e:   0.802500 | Q: 603.496155 | won: False 
# 1104 | steps_t:  3952 | t: 212.394815 | r:  -106.800000 | avg_r:    96.531159 | e:   0.802400 | Q: 437.359558 | won: False 
# 1105 | steps_t:  3954 | t: 212.491452 | r:   -86.600000 | avg_r:    96.365430 | e:   0.802300 | Q:        nan | won: False 
# 1106 | steps_t:  3955 | t: 212.543075 | r:   153.000000 | avg_r:    96.416637 | e:   0.802250 | Q: 534.987122 | won: False 
# 1107 | steps_t:  3957 | t: 212.641551 | r:  -439.000000 | avg_r:    95.932972 | e:   0.802150 | Q: 501.892578 | won: False 
# 1108 | steps_t:  3960 | t: 212.792094 | r:   438.600000 | avg_r:    96.242238 | e:   0.802000 | Q: 1223.517944 | won: False 
# 1109 | steps_t:  3962 | t: 212.893876 | r:  -171.200000 | avg_r:    96.001082 | e:   0.801900 | Q: 545.963623 | won: False 
# 1110 | steps_t:  3964 | t: 213.010517 | r:   374.800000 | avg_r:    96.252252 | e:   0.801800 | Q: 1383.486572 | won: False 
# 1111 | steps_t:  3967 | t: 213.176848 | r:   343.800000 | avg_r:    96.475068 | e:   0.801650 | Q: 1271.251587 | won: False 
# 1112 | steps_t:  3973 | t: 213.488738 | r:   834.000000 | avg_r:    97.138309 | e:   0.801350 | Q: 791.972778 | won: False 
# 1113 | steps_t:  3979 | t: 213.939055 | r:   865.400000 | avg_r:    97.828571 | e:   0.801050 | Q: 1033.215332 | won: False 
# 1114 | steps_t:  3983 | t: 214.155338 | r:   642.600000 | avg_r:    98.317594 | e:   0.800850 | Q: 1078.023926 | won: False 
# 1115 | steps_t:  3986 | t: 214.305135 | r:   329.000000 | avg_r:    98.524484 | e:   0.800700 | Q: 713.728455 | won: False 
# 1116 | steps_t:  3989 | t: 214.461240 | r:  1022.400000 | avg_r:    99.352330 | e:   0.800550 | Q: 1006.663086 | won: False 
# 1117 | steps_t:  3991 | t: 214.562080 | r:  -133.600000 | avg_r:    99.143778 | e:   0.800450 | Q: 653.019165 | won: False 
# 1118 | steps_t:  3993 | t: 214.663064 | r:   552.800000 | avg_r:    99.549553 | e:   0.800350 | Q: 658.458130 | won: False 
# 1119 | steps_t:  3998 | t: 214.907183 | r:   935.200000 | avg_r:   100.296336 | e:   0.800100 | Q: 1119.812744 | won: False 
# 1120 | steps_t:  4000 | t: 215.007161 | r:   147.000000 | avg_r:   100.338036 | e:   0.800000 | Q: 486.144348 | won: False 
# 1121 | steps_t:  4002 | t: 215.105121 | r:   748.600000 | avg_r:   100.916325 | e:   0.799900 | Q:        nan | won: False 
# 1122 | steps_t:  4003 | t: 215.159444 | r:   -31.000000 | avg_r:   100.798752 | e:   0.799850 | Q: 246.834015 | won: False 
# 1123 | steps_t:  4005 | t: 215.255160 | r:  -156.800000 | avg_r:   100.569368 | e:   0.799750 | Q:  73.978653 | won: False 
# 1124 | steps_t:  4008 | t: 215.406238 | r:   109.800000 | avg_r:   100.577580 | e:   0.799600 | Q: 795.642456 | won: False 
# 1125 | steps_t:  4009 | t: 215.471421 | r:  -199.400000 | avg_r:   100.310933 | e:   0.799550 | Q: 328.254639 | won: False 
# 1126 | steps_t:  4011 | t: 215.580951 | r:  -458.000000 | avg_r:    99.815098 | e:   0.799450 | Q: 532.133362 | won: False 
# 1127 | steps_t:  4014 | t: 215.721756 | r:  -217.000000 | avg_r:    99.533984 | e:   0.799300 | Q: 641.669983 | won: False 
# 1128 | steps_t:  4015 | t: 215.777487 | r:  -129.800000 | avg_r:    99.330674 | e:   0.799250 | Q: 126.943115 | won: False 
# 1129 | steps_t:  4016 | t: 215.821900 | r:   204.400000 | avg_r:    99.423738 | e:   0.799200 | Q:        nan | won: False 
# 1130 | steps_t:  4017 | t: 215.893906 | r:  -104.000000 | avg_r:    99.243717 | e:   0.799150 | Q: 399.160553 | won: False 
# 1131 | steps_t:  4020 | t: 216.053805 | r:   283.800000 | avg_r:    99.406897 | e:   0.799000 | Q: 832.505798 | won: False 
# 1132 | steps_t:  4021 | t: 216.112669 | r:   -52.600000 | avg_r:    99.272615 | e:   0.798950 | Q: 690.589905 | won: False 
# 1133 | steps_t:  4030 | t: 216.566352 | r:  1062.200000 | avg_r:   100.122507 | e:   0.798500 | Q: 1520.291870 | won: False 
# 1134 | steps_t:  4030 | t: 216.573828 | r:   -46.000000 | avg_r:    99.993651 | e:   0.798500 | Q: 454.481171 | won: False 
# 1135 | steps_t:  4031 | t: 216.638011 | r:   148.800000 | avg_r:   100.036652 | e:   0.798450 | Q: 1317.320312 | won: False 
# 1136 | steps_t:  4033 | t: 216.741157 | r:   732.800000 | avg_r:   100.593662 | e:   0.798350 | Q: 1038.930298 | won: False 
# 1137 | steps_t:  4035 | t: 216.855683 | r:  -133.600000 | avg_r:   100.387687 | e:   0.798250 | Q: 591.914856 | won: False 
# 1138 | steps_t:  4041 | t: 217.176066 | r:   661.800000 | avg_r:   100.881019 | e:   0.797950 | Q: 1286.958008 | won: False 
# 1139 | steps_t:  4045 | t: 217.388972 | r:   266.600000 | avg_r:   101.026514 | e:   0.797750 | Q: 1312.509155 | won: False 
# 1140 | steps_t:  4046 | t: 217.438000 | r:    -0.800000 | avg_r:   100.937193 | e:   0.797700 | Q: 616.595398 | won: False 
# 1141 | steps_t:  4049 | t: 217.606547 | r:  -112.200000 | avg_r:   100.750394 | e:   0.797550 | Q: 666.896057 | won: False 
# 1142 | steps_t:  4057 | t: 218.013292 | r:  1231.600000 | avg_r:   101.740630 | e:   0.797150 | Q: 1121.811768 | won: False 
# 1143 | steps_t:  4058 | t: 218.076769 | r:   -76.600000 | avg_r:   101.584602 | e:   0.797100 | Q: 601.623901 | won: False 
# 1144 | steps_t:  4060 | t: 218.179132 | r:   555.800000 | avg_r:   101.981643 | e:   0.797000 | Q: 1273.656494 | won: False 
# 1145 | steps_t:  4063 | t: 218.342668 | r:    21.600000 | avg_r:   101.911441 | e:   0.796850 | Q: 976.257996 | won: False 
# 1146 | steps_t:  4064 | t: 218.388532 | r:  -387.000000 | avg_r:   101.484817 | e:   0.796800 | Q: 489.571716 | won: False 
# 1147 | steps_t:  4065 | t: 218.454989 | r:  -113.000000 | avg_r:   101.297820 | e:   0.796750 | Q: 750.430481 | won: False 
# 1148 | steps_t:  4067 | t: 218.555275 | r:   -87.800000 | avg_r:   101.133101 | e:   0.796650 | Q: 456.422363 | won: False 
# 1149 | steps_t:  4068 | t: 218.604987 | r:  -385.000000 | avg_r:   100.710009 | e:   0.796600 | Q: 419.001099 | won: False 
# 1150 | steps_t:  4070 | t: 218.705378 | r:  -468.000000 | avg_r:   100.215478 | e:   0.796500 | Q: 242.595459 | won: False 
# 1151 | steps_t:  4071 | t: 218.754987 | r:   190.400000 | avg_r:   100.293831 | e:   0.796450 | Q: 414.441254 | won: False 
# 1152 | steps_t:  4073 | t: 218.888043 | r:   446.600000 | avg_r:   100.594444 | e:   0.796350 | Q: 1013.034241 | won: False 
# 1153 | steps_t:  4074 | t: 218.940327 | r:   204.400000 | avg_r:   100.684475 | e:   0.796300 | Q: 809.709656 | won: False 
# 1154 | steps_t:  4077 | t: 219.096784 | r:  1061.000000 | avg_r:   101.516638 | e:   0.796150 | Q: 664.315796 | won: False 
# 1155 | steps_t:  4081 | t: 219.298297 | r:   999.600000 | avg_r:   102.294199 | e:   0.795950 | Q: 1303.437744 | won: False 
# 1156 | steps_t:  4083 | t: 219.404948 | r:  -156.800000 | avg_r:   102.070069 | e:   0.795850 | Q: 948.432861 | won: False 
# 1157 | steps_t:  4086 | t: 219.559216 | r:   686.400000 | avg_r:   102.575108 | e:   0.795700 | Q: 979.136780 | won: False 
# 1158 | steps_t:  4087 | t: 219.621247 | r:   -21.600000 | avg_r:   102.467876 | e:   0.795650 | Q: 939.698730 | won: False 
# 1159 | steps_t:  4090 | t: 219.771721 | r:   173.600000 | avg_r:   102.529249 | e:   0.795500 | Q: 658.988647 | won: False 
# 1160 | steps_t:  4099 | t: 220.240590 | r:   763.600000 | avg_r:   103.099138 | e:   0.795050 | Q: 1555.457275 | won: False 
# 1161 | steps_t:  4107 | t: 220.638282 | r:   575.800000 | avg_r:   103.506288 | e:   0.794650 | Q: 1318.621948 | won: False 
# 1162 | steps_t:  4110 | t: 220.788233 | r:  -166.800000 | avg_r:   103.273666 | e:   0.794500 | Q: 822.581299 | won: False 
# 1163 | steps_t:  4112 | t: 220.888429 | r:   264.800000 | avg_r:   103.412554 | e:   0.794400 | Q: 323.447754 | won: False 
# 1164 | steps_t:  4113 | t: 220.937868 | r:  -391.000000 | avg_r:   102.987801 | e:   0.794350 | Q: 244.847565 | won: False 
# 1165 | steps_t:  4114 | t: 220.988346 | r:  -362.000000 | avg_r:   102.588670 | e:   0.794300 | Q: 244.445145 | won: False 
# 1166 | steps_t:  4115 | t: 221.038305 | r:   -96.000000 | avg_r:   102.418353 | e:   0.794250 | Q: 279.278870 | won: False 
# 1167 | steps_t:  4117 | t: 221.147251 | r:  -407.000000 | avg_r:   101.981834 | e:   0.794150 | Q: 307.188263 | won: False 
# 1168 | steps_t:  4118 | t: 221.190677 | r:  -376.000000 | avg_r:   101.572603 | e:   0.794100 | Q: 164.927612 | won: False 
# 1169 | steps_t:  4119 | t: 221.249535 | r:  -366.000000 | avg_r:   101.172626 | e:   0.794050 | Q: 269.023712 | won: False 
# 1170 | steps_t:  4123 | t: 221.454522 | r:   612.800000 | avg_r:   101.609915 | e:   0.793850 | Q: 876.812378 | won: False 
# 1171 | steps_t:  4126 | t: 221.612302 | r:  1005.400000 | avg_r:   102.381725 | e:   0.793700 | Q: 867.764771 | won: False 
# 1172 | steps_t:  4128 | t: 221.721583 | r:   277.200000 | avg_r:   102.530887 | e:   0.793600 | Q: 651.505310 | won: False 
# 1173 | steps_t:  4134 | t: 222.040679 | r:   954.400000 | avg_r:   103.257118 | e:   0.793300 | Q: 915.366394 | won: False 
# 1174 | steps_t:  4136 | t: 222.140597 | r:  -403.000000 | avg_r:   102.825894 | e:   0.793200 | Q: 214.704102 | won: False 
# 1175 | steps_t:  4143 | t: 222.505096 | r:  1428.400000 | avg_r:   103.954043 | e:   0.792850 | Q: 1282.394531 | won: False 
# 1176 | steps_t:  4144 | t: 222.554829 | r:   -93.400000 | avg_r:   103.786224 | e:   0.792800 | Q: 387.996399 | won: False 
# 1177 | steps_t:  4153 | t: 223.029984 | r:  1088.600000 | avg_r:   104.622940 | e:   0.792350 | Q: 1506.877197 | won: False 
# 1178 | steps_t:  4154 | t: 223.088781 | r:  -366.000000 | avg_r:   104.223430 | e:   0.792300 | Q: 379.107544 | won: False 
# 1179 | steps_t:  4167 | t: 223.775532 | r:  1013.400000 | avg_r:   104.994572 | e:   0.791650 | Q: 1551.270508 | won: False 
# 1180 | steps_t:  4168 | t: 223.837797 | r:   -36.600000 | avg_r:   104.874576 | e:   0.791600 | Q: 538.199097 | won: False 
# 1181 | steps_t:  4171 | t: 223.988214 | r:  1676.000000 | avg_r:   106.204911 | e:   0.791450 | Q: 1482.323730 | won: False 
# 1182 | steps_t:  4174 | t: 224.156021 | r:    53.800000 | avg_r:   106.160575 | e:   0.791300 | Q: 487.526123 | won: False 
# 1183 | steps_t:  4176 | t: 224.264868 | r:   500.200000 | avg_r:   106.493660 | e:   0.791200 | Q: 594.576843 | won: False 
# 1184 | steps_t:  4177 | t: 224.325282 | r:  -398.000000 | avg_r:   106.067568 | e:   0.791150 | Q: 254.593231 | won: False 
# 1185 | steps_t:  4178 | t: 224.388127 | r:  -396.000000 | avg_r:   105.643882 | e:   0.791100 | Q: 545.631958 | won: False 
# 1186 | steps_t:  4188 | t: 224.921437 | r:   334.800000 | avg_r:   105.837099 | e:   0.790600 | Q: 1306.864624 | won: False 
# 1187 | steps_t:  4190 | t: 225.021441 | r:  -134.600000 | avg_r:   105.634541 | e:   0.790500 | Q: 391.722046 | won: False 
# 1188 | steps_t:  4191 | t: 225.075178 | r:   199.200000 | avg_r:   105.713300 | e:   0.790450 | Q: 974.484192 | won: False 
# 1189 | steps_t:  4192 | t: 225.124334 | r:  -343.000000 | avg_r:   105.335913 | e:   0.790400 | Q:        nan | won: False 
# 1190 | steps_t:  4193 | t: 225.192520 | r:  -371.000000 | avg_r:   104.935630 | e:   0.790350 | Q: 422.587311 | won: False 
# 1191 | steps_t:  4195 | t: 225.291068 | r:   -99.800000 | avg_r:   104.763728 | e:   0.790250 | Q: 115.902557 | won: False 
# 1192 | steps_t:  4198 | t: 225.455368 | r:   363.200000 | avg_r:   104.980537 | e:   0.790100 | Q: 813.170654 | won: False 
# 1193 | steps_t:  4208 | t: 225.960480 | r:  1031.800000 | avg_r:   105.757418 | e:   0.789600 | Q: 1531.430298 | won: False 
# 1194 | steps_t:  4211 | t: 226.121332 | r:  -288.800000 | avg_r:   105.426968 | e:   0.789450 | Q: 626.813965 | won: False 
# 1195 | steps_t:  4217 | t: 226.425605 | r:   679.800000 | avg_r:   105.907615 | e:   0.789150 | Q: 1372.012939 | won: False 
# 1196 | steps_t:  4221 | t: 226.637976 | r:   910.400000 | avg_r:   106.580268 | e:   0.788950 | Q: 1194.796631 | won: False 
# 1197 | steps_t:  4225 | t: 226.841012 | r:   559.400000 | avg_r:   106.958563 | e:   0.788750 | Q: 1267.475708 | won: False 
# 1198 | steps_t:  4226 | t: 226.890188 | r:   -75.400000 | avg_r:   106.806344 | e:   0.788700 | Q: 574.319885 | won: False 
# 1199 | steps_t:  4227 | t: 226.957904 | r:   156.000000 | avg_r:   106.847373 | e:   0.788650 | Q: 560.115417 | won: False 
# 1200 | steps_t:  4228 | t: 227.021013 | r:   474.600000 | avg_r:   107.153833 | e:   0.788600 | Q: 619.749023 | won: False 
# 1201 | steps_t:  4230 | t: 227.121784 | r:   125.600000 | avg_r:   107.169192 | e:   0.788500 | Q: 787.065918 | won: False 
# 1202 | steps_t:  4232 | t: 227.221374 | r:   820.800000 | avg_r:   107.762895 | e:   0.788400 | Q: 874.756042 | won: False 
# 1203 | steps_t:  4233 | t: 227.280357 | r:  -120.000000 | avg_r:   107.573566 | e:   0.788350 | Q: 415.060944 | won: False 
# 1204 | steps_t:  4236 | t: 227.438050 | r:  -163.800000 | avg_r:   107.348173 | e:   0.788200 | Q: 537.873962 | won: False 
# 1205 | steps_t:  4240 | t: 227.641077 | r:   387.400000 | avg_r:   107.580581 | e:   0.788000 | Q: 1007.758057 | won: False 
# 1206 | steps_t:  4243 | t: 227.793064 | r:   718.200000 | avg_r:   108.086899 | e:   0.787850 | Q: 625.367554 | won: False 
# 1207 | steps_t:  4246 | t: 227.940611 | r:    50.600000 | avg_r:   108.039271 | e:   0.787700 | Q: 808.275940 | won: False 
# 1208 | steps_t:  4250 | t: 228.144542 | r:   381.200000 | avg_r:   108.265397 | e:   0.787500 | Q: 539.884094 | won: False 
# 1209 | steps_t:  4251 | t: 228.206078 | r:  -408.000000 | avg_r:   107.838379 | e:   0.787450 | Q: 491.495453 | won: False 
# 1210 | steps_t:  4253 | t: 228.307945 | r:  -427.000000 | avg_r:   107.396364 | e:   0.787350 | Q: 529.768860 | won: False 
# 1211 | steps_t:  4254 | t: 228.358998 | r:  -116.600000 | avg_r:   107.211396 | e:   0.787300 | Q: 491.808868 | won: False 
# 1212 | steps_t:  4259 | t: 228.638792 | r:   555.400000 | avg_r:   107.581188 | e:   0.787050 | Q: 889.123291 | won: False 
# 1213 | steps_t:  4261 | t: 228.742526 | r:   228.000000 | avg_r:   107.680462 | e:   0.786950 | Q: 516.939148 | won: False 
# 1214 | steps_t:  4266 | t: 228.993889 | r:    85.600000 | avg_r:   107.662273 | e:   0.786700 | Q: 595.513000 | won: False 
# 1215 | steps_t:  4269 | t: 229.154616 | r:   164.600000 | avg_r:   107.709136 | e:   0.786550 | Q: 539.334900 | won: False 
# 1216 | steps_t:  4270 | t: 229.222217 | r:  -386.000000 | avg_r:   107.303125 | e:   0.786500 | Q: 418.861389 | won: False 
# 1217 | steps_t:  4273 | t: 229.398655 | r:  1034.600000 | avg_r:   108.065078 | e:   0.786350 | Q: 1300.917603 | won: False 
# 1218 | steps_t:  4276 | t: 229.582446 | r:   327.200000 | avg_r:   108.244992 | e:   0.786200 | Q: 1000.189270 | won: False 
# 1219 | steps_t:  4277 | t: 229.647228 | r:   -38.200000 | avg_r:   108.124856 | e:   0.786150 | Q: 389.080719 | won: False 
# 1220 | steps_t:  4280 | t: 229.837831 | r:   143.200000 | avg_r:   108.153607 | e:   0.786000 | Q: 957.815186 | won: False 
# 1221 | steps_t:  4283 | t: 230.009432 | r:  -421.000000 | avg_r:   107.720229 | e:   0.785850 | Q: 382.473999 | won: False 
# 1222 | steps_t:  4283 | t: 230.012614 | r:  -343.000000 | avg_r:   107.351391 | e:   0.785850 | Q: 325.853485 | won: False 
# 1223 | steps_t:  4284 | t: 230.075927 | r:   467.800000 | avg_r:   107.646116 | e:   0.785800 | Q: 416.685333 | won: False 
# 1224 | steps_t:  4286 | t: 230.184258 | r:   205.800000 | avg_r:   107.726307 | e:   0.785700 | Q:        nan | won: False 
# 1225 | steps_t:  4288 | t: 230.287833 | r:   168.800000 | avg_r:   107.776163 | e:   0.785600 | Q: 321.398285 | won: False 
# 1226 | steps_t:  4291 | t: 230.442439 | r:   896.600000 | avg_r:   108.419576 | e:   0.785450 | Q: 1096.265747 | won: False 
# 1227 | steps_t:  4294 | t: 230.604209 | r:   639.800000 | avg_r:   108.852649 | e:   0.785300 | Q: 914.055359 | won: False 
# 1228 | steps_t:  4296 | t: 230.704937 | r:   170.400000 | avg_r:   108.902769 | e:   0.785200 | Q: 105.619583 | won: False 
# 1229 | steps_t:  4297 | t: 230.755726 | r:   -75.200000 | avg_r:   108.752970 | e:   0.785150 | Q: 312.254547 | won: False 
# 1230 | steps_t:  4301 | t: 230.971642 | r:    18.400000 | avg_r:   108.679512 | e:   0.784950 | Q: 387.507568 | won: False 
# 1231 | steps_t:  4304 | t: 231.125360 | r:  -161.600000 | avg_r:   108.459951 | e:   0.784800 | Q: 360.245758 | won: False 
# 1232 | steps_t:  4306 | t: 231.238172 | r:   104.000000 | avg_r:   108.456331 | e:   0.784700 | Q: 345.320862 | won: False 
# 1233 | steps_t:  4308 | t: 231.341931 | r:  -440.000000 | avg_r:   108.011517 | e:   0.784600 | Q:        nan | won: False 
# 1234 | steps_t:  4308 | t: 231.351979 | r:  -343.000000 | avg_r:   107.646029 | e:   0.784600 | Q: 379.641571 | won: False 
# 1235 | steps_t:  4311 | t: 231.525768 | r:   655.600000 | avg_r:   108.089717 | e:   0.784450 | Q: 981.469055 | won: False 
# 1236 | steps_t:  4312 | t: 231.574730 | r:   -42.400000 | avg_r:   107.967961 | e:   0.784400 | Q: 403.101044 | won: False 
# 1237 | steps_t:  4316 | t: 231.793934 | r:   234.800000 | avg_r:   108.070493 | e:   0.784200 | Q: 1048.126099 | won: False 
# 1238 | steps_t:  4318 | t: 231.902798 | r:  -186.000000 | avg_r:   107.832956 | e:   0.784100 | Q: 448.022278 | won: False 
# 1239 | steps_t:  4320 | t: 232.007312 | r:   190.400000 | avg_r:   107.899596 | e:   0.784000 | Q: 529.363037 | won: False 
# 1240 | steps_t:  4325 | t: 232.268589 | r:   310.200000 | avg_r:   108.062742 | e:   0.783750 | Q: 1240.601318 | won: False 
# 1241 | steps_t:  4327 | t: 232.372310 | r:    66.000000 | avg_r:   108.028848 | e:   0.783650 | Q: 669.741943 | won: False 
# 1242 | steps_t:  4336 | t: 232.860447 | r:  3077.000000 | avg_r:   110.419324 | e:   0.783200 | Q: 1253.525391 | won: True 
# 1243 | steps_t:  4338 | t: 232.960162 | r:  -431.000000 | avg_r:   109.983749 | e:   0.783100 | Q: 480.201538 | won: False 
# 1244 | steps_t:  4340 | t: 233.065576 | r:  -184.000000 | avg_r:   109.747428 | e:   0.783000 | Q: 477.705383 | won: False 
# 1245 | steps_t:  4341 | t: 233.119681 | r:   -82.800000 | avg_r:   109.592771 | e:   0.782950 | Q: 475.543091 | won: False 
# 1246 | steps_t:  4342 | t: 233.180578 | r:  -403.000000 | avg_r:   109.181380 | e:   0.782900 | Q: 420.881073 | won: False 
# 1247 | steps_t:  4345 | t: 233.355131 | r:   764.400000 | avg_r:   109.706816 | e:   0.782750 | Q: 758.992737 | won: False 
# 1248 | steps_t:  4347 | t: 233.455574 | r:   -74.400000 | avg_r:   109.559295 | e:   0.782650 | Q: 476.174652 | won: False 
# 1249 | steps_t:  4348 | t: 233.519710 | r:  -387.000000 | avg_r:   109.161729 | e:   0.782600 | Q: 365.270233 | won: False 
# 1250 | steps_t:  4349 | t: 233.578925 | r:  -413.000000 | avg_r:   108.744000 | e:   0.782550 | Q: 498.912720 | won: False 
# 1251 | steps_t:  4354 | t: 233.853988 | r:  -195.000000 | avg_r:   108.501199 | e:   0.782300 | Q: 416.591125 | won: False 
# 1252 | steps_t:  4355 | t: 233.907331 | r:  -401.000000 | avg_r:   108.094249 | e:   0.782250 | Q: 396.699280 | won: False 
# 1253 | steps_t:  4358 | t: 234.063706 | r:    64.000000 | avg_r:   108.059058 | e:   0.782100 | Q: 1012.781555 | won: False 
# 1254 | steps_t:  4361 | t: 234.225083 | r:  -160.400000 | avg_r:   107.844976 | e:   0.781950 | Q: 471.360168 | won: False 
# 1255 | steps_t:  4362 | t: 234.287373 | r:  -103.400000 | avg_r:   107.676653 | e:   0.781900 | Q: 365.070374 | won: False 
# 1256 | steps_t:  4365 | t: 234.440862 | r:   938.800000 | avg_r:   108.338376 | e:   0.781750 | Q: 1041.963257 | won: False 
# 1257 | steps_t:  4372 | t: 234.829923 | r:   826.000000 | avg_r:   108.909308 | e:   0.781400 | Q: 1250.020142 | won: False 
# 1258 | steps_t:  4374 | t: 234.951129 | r:  -456.000000 | avg_r:   108.460254 | e:   0.781300 | Q: 373.289581 | won: False 
# 1259 | steps_t:  4375 | t: 235.002607 | r:   -94.000000 | avg_r:   108.299444 | e:   0.781250 | Q: 366.999237 | won: False 
# 1260 | steps_t:  4379 | t: 235.205210 | r:   926.800000 | avg_r:   108.949048 | e:   0.781050 | Q: 994.619324 | won: False 
# 1261 | steps_t:  4381 | t: 235.320928 | r:   477.200000 | avg_r:   109.241079 | e:   0.780950 | Q: 1191.608521 | won: False 
# 1262 | steps_t:  4382 | t: 235.371687 | r:  -411.000000 | avg_r:   108.828843 | e:   0.780900 | Q: 424.377472 | won: False 
# 1263 | steps_t:  4384 | t: 235.498212 | r:   272.600000 | avg_r:   108.958511 | e:   0.780800 | Q: 379.487885 | won: False 
# 1264 | steps_t:  4386 | t: 235.590259 | r:   221.600000 | avg_r:   109.047627 | e:   0.780700 | Q: 510.576965 | won: False 
# 1265 | steps_t:  4389 | t: 235.739625 | r:   160.800000 | avg_r:   109.088538 | e:   0.780550 | Q: 681.714783 | won: False 
# 1266 | steps_t:  4391 | t: 235.842953 | r:  -463.000000 | avg_r:   108.636651 | e:   0.780450 | Q: 455.500732 | won: False 
# 1267 | steps_t:  4392 | t: 235.906934 | r:   177.800000 | avg_r:   108.691239 | e:   0.780400 | Q: 1237.911133 | won: False 
# 1268 | steps_t:  4393 | t: 235.957452 | r:  -372.000000 | avg_r:   108.312145 | e:   0.780350 | Q: 440.471924 | won: False 
# 1269 | steps_t:  4397 | t: 236.170635 | r:   720.200000 | avg_r:   108.794326 | e:   0.780150 | Q: 1163.099365 | won: False 
# 1270 | steps_t:  4400 | t: 236.333132 | r:    55.000000 | avg_r:   108.751969 | e:   0.780000 | Q: 899.201843 | won: False 
# 1271 | steps_t:  4401 | t: 236.383619 | r:   219.200000 | avg_r:   108.838867 | e:   0.779950 | Q:        nan | won: False 
# 1272 | steps_t:  4403 | t: 236.497263 | r:   140.400000 | avg_r:   108.863679 | e:   0.779850 | Q: 1152.112305 | won: False 
# 1273 | steps_t:  4404 | t: 236.563895 | r:  -389.000000 | avg_r:   108.472584 | e:   0.779800 | Q: 539.192017 | won: False 
# 1274 | steps_t:  4407 | t: 236.756383 | r:    93.000000 | avg_r:   108.460440 | e:   0.779650 | Q: 566.006592 | won: False 
# 1275 | steps_t:  4411 | t: 236.993428 | r:   581.800000 | avg_r:   108.831686 | e:   0.779450 | Q: 1443.073608 | won: False 
# 1276 | steps_t:  4414 | t: 237.164265 | r:  -403.000000 | avg_r:   108.430564 | e:   0.779300 | Q: 636.708801 | won: False 
# 1277 | steps_t:  4415 | t: 237.222473 | r:  -412.000000 | avg_r:   108.023023 | e:   0.779250 | Q: 491.442169 | won: False 
# 1278 | steps_t:  4423 | t: 237.680855 | r:   480.600000 | avg_r:   108.314554 | e:   0.778850 | Q: 1459.016479 | won: False 
# 1279 | steps_t:  4426 | t: 237.853244 | r:  1054.400000 | avg_r:   109.054261 | e:   0.778700 | Q: 1380.333130 | won: False 
# 1280 | steps_t:  4428 | t: 237.951856 | r:    85.400000 | avg_r:   109.035781 | e:   0.778600 | Q: 371.050934 | won: False 
# 1281 | steps_t:  4430 | t: 238.051775 | r:   186.400000 | avg_r:   109.096175 | e:   0.778500 | Q: 587.593933 | won: False 
# 1282 | steps_t:  4443 | t: 238.773554 | r:  1017.200000 | avg_r:   109.804524 | e:   0.777850 | Q: 1247.329468 | won: False 
# 1283 | steps_t:  4445 | t: 238.886752 | r:   780.200000 | avg_r:   110.327046 | e:   0.777750 | Q: 861.529419 | won: False 
# 1284 | steps_t:  4448 | t: 239.040669 | r:   453.000000 | avg_r:   110.593925 | e:   0.777600 | Q: 555.160339 | won: False 
# 1285 | steps_t:  4451 | t: 239.202637 | r:  -227.800000 | avg_r:   110.330584 | e:   0.777450 | Q: 335.747955 | won: False 
# 1286 | steps_t:  4453 | t: 239.319214 | r:   236.200000 | avg_r:   110.428460 | e:   0.777350 | Q: 337.459320 | won: False 
# 1287 | steps_t:  4457 | t: 239.517479 | r:   379.000000 | avg_r:   110.637141 | e:   0.777150 | Q: 468.713043 | won: False 
# 1288 | steps_t:  4462 | t: 239.787125 | r:  1224.600000 | avg_r:   111.502019 | e:   0.776900 | Q: 944.627747 | won: False 
# 1289 | steps_t:  4469 | t: 240.183882 | r:   543.600000 | avg_r:   111.837238 | e:   0.776550 | Q: 1151.831177 | won: False 
# 1290 | steps_t:  4471 | t: 240.309969 | r:   739.600000 | avg_r:   112.323876 | e:   0.776450 | Q: 1213.884155 | won: False 
# 1291 | steps_t:  4476 | t: 240.568861 | r:   525.400000 | avg_r:   112.643842 | e:   0.776200 | Q: 1317.374756 | won: False 
# 1292 | steps_t:  4479 | t: 240.731352 | r:  -182.800000 | avg_r:   112.415170 | e:   0.776050 | Q: 782.606750 | won: False 
# 1293 | steps_t:  4482 | t: 240.906006 | r:    96.800000 | avg_r:   112.403094 | e:   0.775900 | Q: 453.875824 | won: False 
# 1294 | steps_t:  4484 | t: 241.016779 | r:   431.400000 | avg_r:   112.649614 | e:   0.775800 | Q: 1104.562622 | won: False 
# 1295 | steps_t:  4488 | t: 241.227180 | r:  -121.600000 | avg_r:   112.468726 | e:   0.775600 | Q: 551.918518 | won: False 
# 1296 | steps_t:  4489 | t: 241.288502 | r:  -372.000000 | avg_r:   112.094907 | e:   0.775550 | Q: 529.583740 | won: False 
# 1297 | steps_t:  4490 | t: 241.340228 | r:  -107.800000 | avg_r:   111.925366 | e:   0.775500 | Q: 507.598938 | won: False 
# 1298 | steps_t:  4492 | t: 241.444465 | r:  -110.800000 | avg_r:   111.753775 | e:   0.775400 | Q: 291.110535 | won: False 
# 1299 | steps_t:  4494 | t: 241.565766 | r:  -154.800000 | avg_r:   111.548576 | e:   0.775300 | Q: 665.940735 | won: False 
# 1300 | steps_t:  4501 | t: 241.936032 | r:   480.000000 | avg_r:   111.832000 | e:   0.774950 | Q: 1299.029419 | won: False 
# 1301 | steps_t:  4503 | t: 242.052439 | r:   116.800000 | avg_r:   111.835819 | e:   0.774850 | Q: 600.736084 | won: False 
# 1302 | steps_t:  4514 | t: 242.646416 | r:  2619.200000 | avg_r:   113.761598 | e:   0.774300 | Q: 1334.532959 | won: True 
# 1303 | steps_t:  4515 | t: 242.703420 | r:   155.200000 | avg_r:   113.793400 | e:   0.774250 | Q: 404.603760 | won: False 
# 1304 | steps_t:  4518 | t: 242.869525 | r:   732.800000 | avg_r:   114.268098 | e:   0.774100 | Q: 742.643066 | won: False 
# 1305 | steps_t:  4521 | t: 243.035609 | r:   430.800000 | avg_r:   114.510651 | e:   0.773950 | Q: 394.871063 | won: False 
# 1306 | steps_t:  4527 | t: 243.358471 | r:   528.400000 | avg_r:   114.827565 | e:   0.773650 | Q: 1174.762817 | won: False 
# 1307 | steps_t:  4528 | t: 243.403494 | r:   -84.400000 | avg_r:   114.675134 | e:   0.773600 | Q:        nan | won: False 
# 1308 | steps_t:  4531 | t: 243.570108 | r:   -99.400000 | avg_r:   114.511468 | e:   0.773450 | Q: 559.518188 | won: False 
# 1309 | steps_t:  4540 | t: 244.057301 | r:   750.800000 | avg_r:   114.997555 | e:   0.773000 | Q: 1089.666870 | won: False 
# 1310 | steps_t:  4541 | t: 244.109754 | r:  -394.000000 | avg_r:   114.609008 | e:   0.772950 | Q: 366.791077 | won: False 
# 1311 | steps_t:  4542 | t: 244.179345 | r:   -75.600000 | avg_r:   114.463921 | e:   0.772900 | Q: 556.030090 | won: False 
# 1312 | steps_t:  4543 | t: 244.229766 | r:   -95.000000 | avg_r:   114.304268 | e:   0.772850 | Q: 387.281189 | won: False 
# 1313 | steps_t:  4549 | t: 244.560282 | r:   739.400000 | avg_r:   114.780350 | e:   0.772550 | Q: 1285.155518 | won: False 
# 1314 | steps_t:  4550 | t: 244.615119 | r:  -360.000000 | avg_r:   114.419026 | e:   0.772500 | Q: 444.503387 | won: False 
# 1315 | steps_t:  4553 | t: 244.781306 | r:   -95.000000 | avg_r:   114.259772 | e:   0.772350 | Q: 508.102509 | won: False 
# 1316 | steps_t:  4556 | t: 244.958297 | r:   325.200000 | avg_r:   114.420061 | e:   0.772200 | Q: 1196.629150 | won: False 
# 1317 | steps_t:  4557 | t: 245.006718 | r:  -122.000000 | avg_r:   114.240547 | e:   0.772150 | Q: 744.656921 | won: False 
# 1318 | steps_t:  4561 | t: 245.204961 | r:   428.200000 | avg_r:   114.478756 | e:   0.771950 | Q: 1187.469971 | won: False 
# 1319 | steps_t:  4568 | t: 245.569243 | r:   503.600000 | avg_r:   114.773768 | e:   0.771600 | Q: 867.276062 | won: False 
# 1320 | steps_t:  4575 | t: 245.913244 | r:   784.400000 | avg_r:   115.281061 | e:   0.771250 | Q: 1292.819214 | won: False 
# 1321 | steps_t:  4577 | t: 246.016120 | r:   388.200000 | avg_r:   115.487661 | e:   0.771150 | Q: 733.460632 | won: False 
# 1322 | steps_t:  4578 | t: 246.084393 | r:  -414.000000 | avg_r:   115.087141 | e:   0.771100 | Q: 539.913513 | won: False 
# 1323 | steps_t:  4587 | t: 246.531613 | r:  1023.600000 | avg_r:   115.773847 | e:   0.770650 | Q: 1281.840210 | won: False 
# 1324 | steps_t:  4602 | t: 247.313815 | r:  1243.400000 | avg_r:   116.625529 | e:   0.769900 | Q: 1386.432617 | won: False 
# 1325 | steps_t:  4603 | t: 247.388480 | r:   504.000000 | avg_r:   116.917887 | e:   0.769850 | Q: 615.206116 | won: False 
# 1326 | steps_t:  4604 | t: 247.444975 | r:  -138.000000 | avg_r:   116.725641 | e:   0.769800 | Q: 439.980072 | won: False 
# 1327 | steps_t:  4610 | t: 247.751933 | r:  1488.800000 | avg_r:   117.759608 | e:   0.769500 | Q: 796.822327 | won: False 
# 1328 | steps_t:  4611 | t: 247.818706 | r:  -112.000000 | avg_r:   117.586596 | e:   0.769450 | Q: 518.874207 | won: False 
# 1329 | steps_t:  4612 | t: 247.869159 | r:   214.400000 | avg_r:   117.659443 | e:   0.769400 | Q: 464.941193 | won: False 
# 1330 | steps_t:  4626 | t: 248.616203 | r:   879.200000 | avg_r:   118.232030 | e:   0.768700 | Q: 1222.302246 | won: False 
# 1331 | steps_t:  4628 | t: 248.723274 | r:  -162.000000 | avg_r:   118.021488 | e:   0.768600 | Q: 430.555389 | won: False 
# 1332 | steps_t:  4632 | t: 248.938710 | r:  -316.400000 | avg_r:   117.695345 | e:   0.768400 | Q: 551.789978 | won: False 
# 1333 | steps_t:  4640 | t: 249.358960 | r:   530.000000 | avg_r:   118.004651 | e:   0.768000 | Q: 570.801819 | won: False 
# 1334 | steps_t:  4644 | t: 249.582685 | r:   276.800000 | avg_r:   118.123688 | e:   0.767800 | Q: 490.632843 | won: False 
# 1335 | steps_t:  4645 | t: 249.635693 | r:  -410.000000 | avg_r:   117.728090 | e:   0.767750 | Q:        nan | won: False 
# 1336 | steps_t:  4647 | t: 249.748358 | r:   165.400000 | avg_r:   117.763772 | e:   0.767650 | Q: 547.841187 | won: False 
# 1337 | steps_t:  4648 | t: 249.805589 | r:  -121.600000 | avg_r:   117.584742 | e:   0.767600 | Q: 529.115417 | won: False 
# 1338 | steps_t:  4652 | t: 250.016482 | r:    38.000000 | avg_r:   117.525262 | e:   0.767400 | Q: 681.198914 | won: False 
# 1339 | steps_t:  4653 | t: 250.075314 | r:  -107.400000 | avg_r:   117.357282 | e:   0.767350 | Q: 617.604370 | won: False 
# 1340 | steps_t:  4654 | t: 250.127526 | r:   295.800000 | avg_r:   117.490448 | e:   0.767300 | Q: 794.310547 | won: False 
# 1341 | steps_t:  4656 | t: 250.230604 | r:  -167.000000 | avg_r:   117.278300 | e:   0.767200 | Q: 287.021362 | won: False 
# 1342 | steps_t:  4658 | t: 250.340147 | r:  -159.800000 | avg_r:   117.071833 | e:   0.767100 | Q: 454.000153 | won: False 
# 1343 | steps_t:  4662 | t: 250.539403 | r:   990.200000 | avg_r:   117.721966 | e:   0.766900 | Q: 592.683289 | won: False 
# 1344 | steps_t:  4664 | t: 250.657961 | r:   247.800000 | avg_r:   117.818750 | e:   0.766800 | Q: 478.762329 | won: False 
# 1345 | steps_t:  4667 | t: 250.820175 | r:   738.200000 | avg_r:   118.280000 | e:   0.766650 | Q: 701.779480 | won: False 
# 1346 | steps_t:  4673 | t: 251.134572 | r:  1144.400000 | avg_r:   119.042348 | e:   0.766350 | Q: 1227.893555 | won: False 
# 1347 | steps_t:  4675 | t: 251.251247 | r:  1220.600000 | avg_r:   119.860134 | e:   0.766250 | Q: 941.660767 | won: False 
# 1348 | steps_t:  4675 | t: 251.257113 | r:  -342.000000 | avg_r:   119.517507 | e:   0.766250 | Q: 249.781326 | won: False 
# 1349 | steps_t:  4677 | t: 251.358143 | r:  -407.000000 | avg_r:   119.127205 | e:   0.766150 | Q:        nan | won: False 
# 1350 | steps_t:  4679 | t: 251.467380 | r:   770.000000 | avg_r:   119.609333 | e:   0.766050 | Q: 767.189209 | won: False 
# 1351 | steps_t:  4682 | t: 251.622427 | r:   439.800000 | avg_r:   119.846336 | e:   0.765900 | Q: 554.786255 | won: False 
# 1352 | steps_t:  4685 | t: 251.784389 | r:   684.600000 | avg_r:   120.264053 | e:   0.765750 | Q: 1076.743530 | won: False 
# 1353 | steps_t:  4688 | t: 251.941726 | r:  -174.000000 | avg_r:   120.046563 | e:   0.765600 | Q: 393.170288 | won: False 
# 1354 | steps_t:  4690 | t: 252.051481 | r:   659.000000 | avg_r:   120.444609 | e:   0.765500 | Q: 775.476440 | won: False 
# 1355 | steps_t:  4691 | t: 252.105743 | r:   238.800000 | avg_r:   120.531956 | e:   0.765450 | Q: 449.626160 | won: False 
# 1356 | steps_t:  4694 | t: 252.266158 | r:   -75.800000 | avg_r:   120.387168 | e:   0.765300 | Q: 409.311646 | won: False 
# 1357 | steps_t:  4697 | t: 252.443103 | r:    37.200000 | avg_r:   120.325866 | e:   0.765150 | Q: 737.989197 | won: False 
# 1358 | steps_t:  4699 | t: 252.560068 | r:    98.400000 | avg_r:   120.309720 | e:   0.765050 | Q: 990.946594 | won: False 
# 1359 | steps_t:  4705 | t: 252.882141 | r:   471.000000 | avg_r:   120.567770 | e:   0.764750 | Q: 1073.534424 | won: False 
# 1360 | steps_t:  4706 | t: 252.949005 | r:  -157.000000 | avg_r:   120.363676 | e:   0.764700 | Q: 452.300537 | won: False 
# 1361 | steps_t:  4707 | t: 253.001123 | r:   289.000000 | avg_r:   120.487583 | e:   0.764650 | Q: 433.255188 | won: False 
# 1362 | steps_t:  4713 | t: 253.300522 | r:   472.200000 | avg_r:   120.745815 | e:   0.764350 | Q: 1204.193237 | won: False 
# 1363 | steps_t:  4715 | t: 253.414359 | r:   420.400000 | avg_r:   120.965664 | e:   0.764250 | Q: 934.971008 | won: False 
# 1364 | steps_t:  4718 | t: 253.574333 | r:   664.600000 | avg_r:   121.364223 | e:   0.764100 | Q: 1045.768921 | won: False 
# 1365 | steps_t:  4719 | t: 253.627423 | r:  -406.000000 | avg_r:   120.977875 | e:   0.764050 | Q: 348.916901 | won: False 
# 1366 | steps_t:  4720 | t: 253.683078 | r:   469.400000 | avg_r:   121.232943 | e:   0.764000 | Q: 587.306335 | won: False 
# 1367 | steps_t:  4725 | t: 253.943964 | r:   425.400000 | avg_r:   121.455450 | e:   0.763750 | Q: 672.273804 | won: False 
# 1368 | steps_t:  4727 | t: 254.053324 | r:  -177.800000 | avg_r:   121.236696 | e:   0.763650 | Q: 458.322723 | won: False 
# 1369 | steps_t:  4734 | t: 254.419841 | r:  1200.000000 | avg_r:   122.024690 | e:   0.763300 | Q: 1208.587646 | won: False 
# 1370 | steps_t:  4740 | t: 254.757061 | r:  1106.400000 | avg_r:   122.743212 | e:   0.763000 | Q: 1046.287354 | won: False 
# 1371 | steps_t:  4743 | t: 254.913043 | r:    66.600000 | avg_r:   122.702261 | e:   0.762850 | Q: 854.816956 | won: False 
# 1372 | steps_t:  4746 | t: 255.080294 | r:  -464.000000 | avg_r:   122.274636 | e:   0.762700 | Q: 387.294067 | won: False 
# 1373 | steps_t:  4750 | t: 255.286387 | r:  1292.000000 | avg_r:   123.126584 | e:   0.762500 | Q: 1168.674316 | won: False 
# 1374 | steps_t:  4752 | t: 255.397755 | r:   211.200000 | avg_r:   123.190684 | e:   0.762400 | Q: 442.621368 | won: False 
# 1375 | steps_t:  4755 | t: 255.547189 | r:  1538.800000 | avg_r:   124.220218 | e:   0.762250 | Q: 1239.729126 | won: False 
# 1376 | steps_t:  4759 | t: 255.756701 | r:   963.400000 | avg_r:   124.830087 | e:   0.762050 | Q: 1236.314209 | won: False 
# 1377 | steps_t:  4769 | t: 256.282146 | r:  1398.800000 | avg_r:   125.755265 | e:   0.761550 | Q: 1123.495483 | won: False 
# 1378 | steps_t:  4770 | t: 256.334281 | r:   -94.000000 | avg_r:   125.595791 | e:   0.761500 | Q: 494.438568 | won: False 
# 1379 | steps_t:  4773 | t: 256.481755 | r:  -206.000000 | avg_r:   125.355330 | e:   0.761350 | Q: 411.289825 | won: False 
# 1380 | steps_t:  4774 | t: 256.535186 | r:   493.000000 | avg_r:   125.621739 | e:   0.761300 | Q: 882.262146 | won: False 
# 1381 | steps_t:  4777 | t: 256.696786 | r:   331.200000 | avg_r:   125.770601 | e:   0.761150 | Q: 709.569946 | won: False 
# 1382 | steps_t:  4782 | t: 256.950904 | r:  -219.200000 | avg_r:   125.520984 | e:   0.760900 | Q: 430.274078 | won: False 
# 1383 | steps_t:  4784 | t: 257.051760 | r:  1025.400000 | avg_r:   126.171656 | e:   0.760800 | Q: 1058.674805 | won: False 
# 1384 | steps_t:  4791 | t: 257.435073 | r:  1203.600000 | avg_r:   126.950145 | e:   0.760450 | Q: 1099.803589 | won: False 
# 1385 | steps_t:  4792 | t: 257.501179 | r:  -347.000000 | avg_r:   126.607942 | e:   0.760400 | Q: 407.619659 | won: False 
# 1386 | steps_t:  4796 | t: 257.696035 | r:    33.000000 | avg_r:   126.540404 | e:   0.760200 | Q: 602.536926 | won: False 
# 1387 | steps_t:  4797 | t: 257.767563 | r:   237.000000 | avg_r:   126.620043 | e:   0.760150 | Q: 428.035767 | won: False 
# 1388 | steps_t:  4799 | t: 257.865708 | r:  -117.800000 | avg_r:   126.443948 | e:   0.760050 | Q: 663.397644 | won: False 
# 1389 | steps_t:  4801 | t: 257.981139 | r:  -120.200000 | avg_r:   126.266379 | e:   0.759950 | Q: 489.457123 | won: False 
# 1390 | steps_t:  4803 | t: 258.098456 | r:   212.800000 | avg_r:   126.328633 | e:   0.759850 | Q: 637.239685 | won: False 
# 1391 | steps_t:  4804 | t: 258.167489 | r:  -133.000000 | avg_r:   126.142200 | e:   0.759800 | Q: 429.342529 | won: False 
# 1392 | steps_t:  4806 | t: 258.266774 | r:   697.600000 | avg_r:   126.552730 | e:   0.759700 | Q: 1148.639404 | won: False 
# 1393 | steps_t:  4807 | t: 258.318944 | r:  -113.000000 | avg_r:   126.380761 | e:   0.759650 | Q: 485.334412 | won: False 
# 1394 | steps_t:  4807 | t: 258.339342 | r:   -15.800000 | avg_r:   126.278766 | e:   0.759650 | Q: 974.248901 | won: False 
# 1395 | steps_t:  4808 | t: 258.403107 | r:   165.800000 | avg_r:   126.307097 | e:   0.759600 | Q: 911.338928 | won: False 
# 1396 | steps_t:  4810 | t: 258.512054 | r:   184.000000 | avg_r:   126.348424 | e:   0.759500 | Q: 615.030396 | won: False 
# 1397 | steps_t:  4812 | t: 258.617057 | r:  -139.800000 | avg_r:   126.157910 | e:   0.759400 | Q: 399.412689 | won: False 
# 1398 | steps_t:  4818 | t: 258.940781 | r:  1179.000000 | avg_r:   126.911016 | e:   0.759100 | Q: 1325.063599 | won: False 
# 1399 | steps_t:  4819 | t: 258.995259 | r:   289.400000 | avg_r:   127.027162 | e:   0.759050 | Q: 514.833923 | won: False 
# 1400 | steps_t:  4823 | t: 259.197210 | r:   779.200000 | avg_r:   127.493000 | e:   0.758850 | Q: 1160.497681 | won: False 
# 1401 | steps_t:  4825 | t: 259.304025 | r:   515.200000 | avg_r:   127.769736 | e:   0.758750 | Q: 1176.618408 | won: False 
# 1402 | steps_t:  4828 | t: 259.464307 | r:   444.000000 | avg_r:   127.995292 | e:   0.758600 | Q: 819.659668 | won: False 
# 1403 | steps_t:  4829 | t: 259.536606 | r:   214.000000 | avg_r:   128.056593 | e:   0.758550 | Q: 603.855835 | won: False 
# 1404 | steps_t:  4831 | t: 259.652869 | r:   434.800000 | avg_r:   128.275071 | e:   0.758450 | Q: 630.212769 | won: False 
# 1405 | steps_t:  4832 | t: 259.709706 | r:  -374.000000 | avg_r:   127.917580 | e:   0.758400 | Q: 544.709351 | won: False 
# 1406 | steps_t:  4833 | t: 259.761812 | r:   -16.400000 | avg_r:   127.814936 | e:   0.758350 | Q: 573.909546 | won: False 
# 1407 | steps_t:  4835 | t: 259.872288 | r:    70.000000 | avg_r:   127.773845 | e:   0.758250 | Q: 585.113342 | won: False 
# 1408 | steps_t:  4851 | t: 260.730347 | r:   949.400000 | avg_r:   128.357386 | e:   0.757450 | Q: 1451.062012 | won: False 
# 1409 | steps_t:  4860 | t: 261.208631 | r:  1392.400000 | avg_r:   129.254507 | e:   0.757000 | Q: 1279.392822 | won: False 
# 1410 | steps_t:  4873 | t: 261.903002 | r:  1274.400000 | avg_r:   130.066667 | e:   0.756350 | Q: 1242.302124 | won: False 
# 1411 | steps_t:  4881 | t: 262.322066 | r:  1278.800000 | avg_r:   130.880794 | e:   0.755950 | Q: 1261.644531 | won: False 
# 1412 | steps_t:  4884 | t: 262.483705 | r:   719.800000 | avg_r:   131.297875 | e:   0.755800 | Q: 633.388855 | won: False 
# 1413 | steps_t:  4889 | t: 262.754336 | r:  1292.600000 | avg_r:   132.119745 | e:   0.755550 | Q: 902.242493 | won: False 
# 1414 | steps_t:  4892 | t: 262.924103 | r:  1350.200000 | avg_r:   132.981188 | e:   0.755400 | Q: 934.809143 | won: False 
# 1415 | steps_t:  4896 | t: 263.123571 | r:   174.200000 | avg_r:   133.010318 | e:   0.755200 | Q: 405.954803 | won: False 
# 1416 | steps_t:  4900 | t: 263.318199 | r:   -43.200000 | avg_r:   132.885876 | e:   0.755000 | Q: 396.101135 | won: False 
# 1417 | steps_t:  4902 | t: 263.435516 | r:  -128.200000 | avg_r:   132.701623 | e:   0.754900 | Q: 339.832245 | won: False 
# 1418 | steps_t:  4904 | t: 263.532660 | r:  -482.000000 | avg_r:   132.268124 | e:   0.754800 | Q: 339.455170 | won: False 
# 1419 | steps_t:  4914 | t: 264.052406 | r:  1087.000000 | avg_r:   132.940944 | e:   0.754300 | Q: 1212.247559 | won: False 
# 1420 | steps_t:  4920 | t: 264.396997 | r:   706.800000 | avg_r:   133.345070 | e:   0.754000 | Q: 1166.887329 | won: False 
# 1421 | steps_t:  4923 | t: 264.555023 | r:   619.800000 | avg_r:   133.687403 | e:   0.753850 | Q: 1360.471924 | won: False 
# 1422 | steps_t:  4924 | t: 264.617850 | r:  -220.400000 | avg_r:   133.438397 | e:   0.753800 | Q: 554.569397 | won: False 
# 1423 | steps_t:  4929 | t: 264.857126 | r:   651.200000 | avg_r:   133.802249 | e:   0.753550 | Q: 1363.237427 | won: False 
# 1424 | steps_t:  4938 | t: 265.329157 | r:  1254.800000 | avg_r:   134.589466 | e:   0.753100 | Q: 1352.747192 | won: False 
# 1425 | steps_t:  4943 | t: 265.601114 | r:   384.200000 | avg_r:   134.764632 | e:   0.752850 | Q: 588.332703 | won: False 
# 1426 | steps_t:  4947 | t: 265.799814 | r:   469.200000 | avg_r:   134.999158 | e:   0.752650 | Q: 658.720886 | won: False 
# 1427 | steps_t:  4949 | t: 265.914518 | r:   153.000000 | avg_r:   135.011773 | e:   0.752550 | Q: 395.103149 | won: False 
# 1428 | steps_t:  4951 | t: 266.031927 | r:   477.000000 | avg_r:   135.251261 | e:   0.752450 | Q: 459.957428 | won: False 
# 1429 | steps_t:  4954 | t: 266.195309 | r:   905.800000 | avg_r:   135.790483 | e:   0.752300 | Q: 1013.313416 | won: False 
# 1430 | steps_t:  4966 | t: 266.824700 | r:   974.000000 | avg_r:   136.376643 | e:   0.751700 | Q: 1063.659302 | won: False 
# 1431 | steps_t:  4974 | t: 267.243541 | r:   405.600000 | avg_r:   136.564780 | e:   0.751300 | Q: 1235.289062 | won: False 
# 1432 | steps_t:  4975 | t: 267.301813 | r:   184.400000 | avg_r:   136.598184 | e:   0.751250 | Q: 620.963135 | won: False 
# 1433 | steps_t:  4976 | t: 267.367643 | r:  -521.000000 | avg_r:   136.139288 | e:   0.751200 | Q: 416.334869 | won: False 
# 1434 | steps_t:  4978 | t: 267.473884 | r:   -82.000000 | avg_r:   135.987169 | e:   0.751100 | Q: 538.367554 | won: False 
# 1435 | steps_t:  4981 | t: 267.633103 | r:   115.600000 | avg_r:   135.972962 | e:   0.750950 | Q: 734.252869 | won: False 
# 1436 | steps_t:  4985 | t: 267.844502 | r:  1220.600000 | avg_r:   136.728273 | e:   0.750750 | Q: 1260.534058 | won: False 
# 1437 | steps_t:  4990 | t: 268.108084 | r:   591.400000 | avg_r:   137.044676 | e:   0.750500 | Q: 1306.173584 | won: False 
# 1438 | steps_t:  4992 | t: 268.221695 | r:   -77.400000 | avg_r:   136.895549 | e:   0.750400 | Q: 505.589417 | won: False 
# 1439 | steps_t:  4993 | t: 268.284356 | r:   209.600000 | avg_r:   136.946074 | e:   0.750350 | Q: 573.762573 | won: False 
# 1440 | steps_t:  4998 | t: 268.556929 | r:   597.000000 | avg_r:   137.265556 | e:   0.750100 | Q: 893.370728 | won: False 
# 1441 | steps_t:  5001 | t: 268.696778 | r:    57.400000 | avg_r:   137.210132 | e:   0.749950 | Q: 1085.023926 | won: False 
# 1442 | steps_t:  5003 | t: 268.815342 | r:  -355.000000 | avg_r:   136.868793 | e:   0.749850 | Q: 598.279663 | won: False 
# 1443 | steps_t:  5004 | t: 268.868228 | r:  -119.000000 | avg_r:   136.691476 | e:   0.749800 | Q: 515.410400 | won: False 
# 1444 | steps_t:  5009 | t: 269.129246 | r:   499.600000 | avg_r:   136.942798 | e:   0.749550 | Q: 1202.118042 | won: False 
# 1445 | steps_t:  5010 | t: 269.187203 | r:    -5.800000 | avg_r:   136.844014 | e:   0.749500 | Q: 602.211243 | won: False 
# 1446 | steps_t:  5013 | t: 269.334651 | r:   743.200000 | avg_r:   137.263347 | e:   0.749350 | Q: 636.178528 | won: False 
# 1447 | steps_t:  5015 | t: 269.437628 | r:   421.400000 | avg_r:   137.459710 | e:   0.749250 | Q: 805.169434 | won: False 
# 1448 | steps_t:  5016 | t: 269.484758 | r:  -418.000000 | avg_r:   137.076105 | e:   0.749200 | Q: 179.763794 | won: False 
# 1449 | steps_t:  5017 | t: 269.535194 | r:  -357.000000 | avg_r:   136.735128 | e:   0.749150 | Q: 381.674103 | won: False 
# 1450 | steps_t:  5019 | t: 269.647360 | r:  -172.000000 | avg_r:   136.522207 | e:   0.749050 | Q: 384.160828 | won: False 
# 1451 | steps_t:  5023 | t: 269.844169 | r:  1318.800000 | avg_r:   137.337009 | e:   0.748850 | Q: 1039.459595 | won: False 
# 1452 | steps_t:  5027 | t: 270.056090 | r:  3215.600000 | avg_r:   139.457025 | e:   0.748650 | Q: 909.793701 | won: True 
# 1453 | steps_t:  5029 | t: 270.151162 | r:   170.000000 | avg_r:   139.478045 | e:   0.748550 | Q: 370.484314 | won: False 
# 1454 | steps_t:  5031 | t: 270.264860 | r:   511.400000 | avg_r:   139.733838 | e:   0.748450 | Q: 553.307312 | won: False 
# 1455 | steps_t:  5038 | t: 270.644395 | r:  1058.600000 | avg_r:   140.365361 | e:   0.748100 | Q: 1039.963623 | won: False 
# 1456 | steps_t:  5042 | t: 270.847895 | r:   284.200000 | avg_r:   140.464148 | e:   0.747900 | Q: 399.364899 | won: False 
# 1457 | steps_t:  5045 | t: 271.004046 | r:  -308.800000 | avg_r:   140.155800 | e:   0.747750 | Q: 454.279175 | won: False 
# 1458 | steps_t:  5048 | t: 271.146142 | r:   104.800000 | avg_r:   140.131550 | e:   0.747600 | Q: 953.372498 | won: False 
# 1459 | steps_t:  5051 | t: 271.296722 | r:  1206.400000 | avg_r:   140.862371 | e:   0.747450 | Q: 1042.375610 | won: False 
# 1460 | steps_t:  5052 | t: 271.366360 | r:   590.400000 | avg_r:   141.170274 | e:   0.747400 | Q: 716.533325 | won: False 
# 1461 | steps_t:  5053 | t: 271.425969 | r:   -86.600000 | avg_r:   141.014374 | e:   0.747350 | Q: 323.364594 | won: False 
# 1462 | steps_t:  5054 | t: 271.484435 | r:   289.400000 | avg_r:   141.115869 | e:   0.747300 | Q: 426.000153 | won: False 
# 1463 | steps_t:  5056 | t: 271.588755 | r:   149.600000 | avg_r:   141.121668 | e:   0.747200 | Q: 398.132172 | won: False 
# 1464 | steps_t:  5057 | t: 271.651168 | r:   199.200000 | avg_r:   141.161339 | e:   0.747150 | Q: 455.003906 | won: False 
# 1465 | steps_t:  5063 | t: 271.976132 | r:   992.200000 | avg_r:   141.742253 | e:   0.746850 | Q: 1241.602417 | won: False 
# 1466 | steps_t:  5065 | t: 272.098700 | r:   494.800000 | avg_r:   141.983083 | e:   0.746750 | Q: 697.840088 | won: False 
# 1467 | steps_t:  5068 | t: 272.261985 | r:   754.600000 | avg_r:   142.400682 | e:   0.746600 | Q: 514.259949 | won: False 
# 1468 | steps_t:  5069 | t: 272.323111 | r:   204.600000 | avg_r:   142.443052 | e:   0.746550 | Q: 506.426178 | won: False 
# 1469 | steps_t:  5077 | t: 272.731951 | r:   485.200000 | avg_r:   142.676378 | e:   0.746150 | Q: 1194.977295 | won: False 
# 1470 | steps_t:  5081 | t: 272.962686 | r:  1310.800000 | avg_r:   143.471020 | e:   0.745950 | Q: 1211.982788 | won: False 
# 1471 | steps_t:  5088 | t: 273.320277 | r:   546.600000 | avg_r:   143.745071 | e:   0.745600 | Q: 1135.261963 | won: False 
# 1472 | steps_t:  5089 | t: 273.374815 | r:  -362.000000 | avg_r:   143.401495 | e:   0.745550 | Q: 540.269165 | won: False 
# 1473 | steps_t:  5092 | t: 273.531605 | r:   379.800000 | avg_r:   143.561982 | e:   0.745400 | Q: 1167.899658 | won: False 
# 1474 | steps_t:  5094 | t: 273.638965 | r:   765.200000 | avg_r:   143.983718 | e:   0.745300 | Q: 574.081238 | won: False 
# 1475 | steps_t:  5095 | t: 273.701284 | r:  -100.200000 | avg_r:   143.818169 | e:   0.745250 | Q: 755.435425 | won: False 
# 1476 | steps_t:  5099 | t: 273.897417 | r:     9.400000 | avg_r:   143.727100 | e:   0.745050 | Q: 598.792725 | won: False 
# 1477 | steps_t:  5100 | t: 273.951337 | r:   153.600000 | avg_r:   143.733785 | e:   0.745000 | Q: 500.821716 | won: False 
# 1478 | steps_t:  5105 | t: 274.212211 | r:  1132.400000 | avg_r:   144.402706 | e:   0.744750 | Q: 1254.007812 | won: False 
# 1479 | steps_t:  5113 | t: 274.640636 | r:  1406.400000 | avg_r:   145.255984 | e:   0.744350 | Q: 1280.797119 | won: False 
# 1480 | steps_t:  5116 | t: 274.795554 | r:  -445.000000 | avg_r:   144.857162 | e:   0.744200 | Q: 455.612091 | won: False 
# 1481 | steps_t:  5125 | t: 275.294958 | r:   798.000000 | avg_r:   145.298177 | e:   0.743750 | Q: 1015.184387 | won: False 
# 1482 | steps_t:  5130 | t: 275.576550 | r:   936.200000 | avg_r:   145.831849 | e:   0.743500 | Q: 1015.088013 | won: False 
# 1483 | steps_t:  5132 | t: 275.677164 | r:   200.400000 | avg_r:   145.868645 | e:   0.743400 | Q: 707.361450 | won: False 
# 1484 | steps_t:  5134 | t: 275.772668 | r:   282.200000 | avg_r:   145.960512 | e:   0.743300 | Q: 744.467407 | won: False 
# 1485 | steps_t:  5136 | t: 275.882053 | r:   170.400000 | avg_r:   145.976970 | e:   0.743200 | Q: 870.436401 | won: False 
# 1486 | steps_t:  5143 | t: 276.251097 | r:  1003.600000 | avg_r:   146.554105 | e:   0.742850 | Q: 1223.122681 | won: False 
# 1487 | steps_t:  5151 | t: 276.666061 | r:   635.600000 | avg_r:   146.882986 | e:   0.742450 | Q: 1538.235962 | won: False 
# 1488 | steps_t:  5152 | t: 276.734620 | r:  -105.800000 | avg_r:   146.713172 | e:   0.742400 | Q: 593.922241 | won: False 
# 1489 | steps_t:  5154 | t: 276.834077 | r:  -149.800000 | avg_r:   146.514036 | e:   0.742300 | Q: 661.957703 | won: False 
# 1490 | steps_t:  5161 | t: 277.215055 | r:   -49.200000 | avg_r:   146.382685 | e:   0.741950 | Q: 659.562317 | won: False 
# 1491 | steps_t:  5162 | t: 277.277118 | r:  -145.800000 | avg_r:   146.186720 | e:   0.741900 | Q: 572.196350 | won: False 
# 1492 | steps_t:  5165 | t: 277.434443 | r:   150.600000 | avg_r:   146.189678 | e:   0.741750 | Q: 649.881592 | won: False 
# 1493 | steps_t:  5172 | t: 277.829129 | r:  1409.000000 | avg_r:   147.035499 | e:   0.741400 | Q: 1205.356079 | won: False 
# 1494 | steps_t:  5174 | t: 277.938280 | r:  -117.200000 | avg_r:   146.858635 | e:   0.741300 | Q: 1107.655151 | won: False 
# 1495 | steps_t:  5177 | t: 278.105358 | r:    71.400000 | avg_r:   146.808161 | e:   0.741150 | Q: 589.060913 | won: False 
# 1496 | steps_t:  5180 | t: 278.269819 | r:  1235.200000 | avg_r:   147.535695 | e:   0.741000 | Q: 1093.524658 | won: False 
# 1497 | steps_t:  5183 | t: 278.424866 | r:   736.200000 | avg_r:   147.928925 | e:   0.740850 | Q: 1015.819275 | won: False 
# 1498 | steps_t:  5186 | t: 278.591245 | r:   441.200000 | avg_r:   148.124700 | e:   0.740700 | Q: 968.806763 | won: False 
# 1499 | steps_t:  5193 | t: 278.930706 | r:   979.200000 | avg_r:   148.679119 | e:   0.740350 | Q: 1241.929932 | won: False 
# 1500 | steps_t:  5195 | t: 279.034532 | r:   148.600000 | avg_r:   148.679067 | e:   0.740250 | Q: 655.603271 | won: False 
# 1501 | steps_t:  5197 | t: 279.136177 | r:  -112.000000 | avg_r:   148.505396 | e:   0.740150 | Q: 774.567383 | won: False 
# 1502 | steps_t:  5201 | t: 279.334782 | r:   292.400000 | avg_r:   148.601198 | e:   0.739950 | Q: 1016.707703 | won: False 
# 1503 | steps_t:  5204 | t: 279.495357 | r:   665.400000 | avg_r:   148.945043 | e:   0.739800 | Q: 1062.291992 | won: False 
# 1504 | steps_t:  5206 | t: 279.598415 | r:   429.000000 | avg_r:   149.131250 | e:   0.739700 | Q: 547.912048 | won: False 
# 1505 | steps_t:  5208 | t: 279.701817 | r:   190.400000 | avg_r:   149.158671 | e:   0.739600 | Q: 475.571899 | won: False 
# 1506 | steps_t:  5209 | t: 279.754491 | r:   -72.800000 | avg_r:   149.011288 | e:   0.739550 | Q: 555.749756 | won: False 
# 1507 | steps_t:  5210 | t: 279.815165 | r:  -350.000000 | avg_r:   148.680159 | e:   0.739500 | Q: 426.038971 | won: False 
# 1508 | steps_t:  5212 | t: 279.907617 | r:  -450.000000 | avg_r:   148.283156 | e:   0.739400 | Q: 531.335388 | won: False 
# 1509 | steps_t:  5223 | t: 280.507951 | r:  1013.800000 | avg_r:   148.856726 | e:   0.738850 | Q: 1173.774414 | won: False 
# 1510 | steps_t:  5226 | t: 280.676120 | r:   696.800000 | avg_r:   149.219603 | e:   0.738700 | Q: 1061.457275 | won: False 
# 1511 | steps_t:  5229 | t: 280.826445 | r:  -145.600000 | avg_r:   149.024487 | e:   0.738550 | Q: 594.998779 | won: False 
# 1512 | steps_t:  5235 | t: 281.158417 | r:  2972.400000 | avg_r:   150.891799 | e:   0.738250 | Q: 918.146851 | won: True 
# 1513 | steps_t:  5236 | t: 281.224006 | r:  -385.000000 | avg_r:   150.537607 | e:   0.738200 | Q: 585.878113 | won: False 
# 1514 | steps_t:  5239 | t: 281.385124 | r:   438.800000 | avg_r:   150.728005 | e:   0.738050 | Q: 962.758545 | won: False 
# 1515 | steps_t:  5241 | t: 281.501458 | r:   -33.600000 | avg_r:   150.606337 | e:   0.737950 | Q: 626.721924 | won: False 
# 1516 | steps_t:  5248 | t: 281.900843 | r:   790.000000 | avg_r:   151.028100 | e:   0.737600 | Q: 1314.630005 | won: False 
# 1517 | steps_t:  5251 | t: 282.069141 | r:   989.200000 | avg_r:   151.580620 | e:   0.737450 | Q: 1132.507812 | won: False 
# 1518 | steps_t:  5255 | t: 282.302401 | r:   -92.000000 | avg_r:   151.420158 | e:   0.737250 | Q: 596.859924 | won: False 
# 1519 | steps_t:  5259 | t: 282.537328 | r:   552.600000 | avg_r:   151.684266 | e:   0.737050 | Q: 819.739868 | won: False 
# 1520 | steps_t:  5261 | t: 282.640150 | r:   467.400000 | avg_r:   151.891974 | e:   0.736950 | Q: 614.645020 | won: False 
# 1521 | steps_t:  5262 | t: 282.702332 | r:   -79.200000 | avg_r:   151.740039 | e:   0.736900 | Q: 492.225067 | won: False 
# 1522 | steps_t:  5264 | t: 282.806598 | r:  -423.000000 | avg_r:   151.362418 | e:   0.736800 | Q: 500.804443 | won: False 
# 1523 | steps_t:  5265 | t: 282.854871 | r:   204.800000 | avg_r:   151.397505 | e:   0.736750 | Q: 711.700256 | won: False 
# 1524 | steps_t:  5266 | t: 282.906904 | r:   204.200000 | avg_r:   151.432152 | e:   0.736700 | Q: 450.530548 | won: False 
# 1525 | steps_t:  5267 | t: 282.956061 | r:   -79.200000 | avg_r:   151.280918 | e:   0.736650 | Q: 415.636658 | won: False 
# 1526 | steps_t:  5271 | t: 283.159164 | r:  1302.400000 | avg_r:   152.035256 | e:   0.736450 | Q: 986.363342 | won: False 
# 1527 | steps_t:  5274 | t: 283.324206 | r:   812.800000 | avg_r:   152.467976 | e:   0.736300 | Q: 895.931091 | won: False 
# 1528 | steps_t:  5279 | t: 283.590054 | r:   923.400000 | avg_r:   152.972513 | e:   0.736050 | Q: 880.131531 | won: False 
# 1529 | steps_t:  5281 | t: 283.690891 | r:   429.400000 | avg_r:   153.153303 | e:   0.735950 | Q: 394.512543 | won: False 
# 1530 | steps_t:  5283 | t: 283.792896 | r:   -63.400000 | avg_r:   153.011765 | e:   0.735850 | Q: 685.971802 | won: False 
# 1531 | steps_t:  5283 | t: 283.802267 | r:   -95.000000 | avg_r:   152.849771 | e:   0.735850 | Q:        nan | won: False 
# 1532 | steps_t:  5285 | t: 283.902677 | r:   276.000000 | avg_r:   152.930157 | e:   0.735750 | Q: 598.860596 | won: False 
# 1533 | steps_t:  5285 | t: 283.902677 | r:  -360.000000 | avg_r:   152.595564 | e:   0.735750 | Q: 373.321930 | won: False 
# 1534 | steps_t:  5286 | t: 283.968585 | r:  -104.000000 | avg_r:   152.428292 | e:   0.735700 | Q: 423.152496 | won: False 
# 1535 | steps_t:  5286 | t: 283.969884 | r:   -72.600000 | avg_r:   152.281694 | e:   0.735700 | Q: 405.918915 | won: False 
# 1536 | steps_t:  5288 | t: 284.086815 | r:   392.600000 | avg_r:   152.438151 | e:   0.735600 | Q: 649.983154 | won: False 
# 1537 | steps_t:  5288 | t: 284.103128 | r:   -97.600000 | avg_r:   152.275472 | e:   0.735600 | Q:        nan | won: False 
# 1538 | steps_t:  5290 | t: 284.208801 | r:  -458.000000 | avg_r:   151.878674 | e:   0.735500 | Q: 553.471191 | won: False 
# 1539 | steps_t:  5302 | t: 284.861287 | r:  1168.400000 | avg_r:   152.539181 | e:   0.734900 | Q: 1311.238647 | won: False 
# 1540 | steps_t:  5303 | t: 284.926624 | r:   530.000000 | avg_r:   152.784286 | e:   0.734850 | Q: 1072.675903 | won: False 
# 1541 | steps_t:  5308 | t: 285.182926 | r:  1050.200000 | avg_r:   153.366645 | e:   0.734600 | Q: 1281.500488 | won: False 
# 1542 | steps_t:  5309 | t: 285.240370 | r:   -16.000000 | avg_r:   153.256809 | e:   0.734550 | Q: 786.365967 | won: False 
# 1543 | steps_t:  5310 | t: 285.295131 | r:   -76.600000 | avg_r:   153.107842 | e:   0.734500 | Q: 566.477844 | won: False 
# 1544 | steps_t:  5311 | t: 285.335912 | r:  -400.000000 | avg_r:   152.749611 | e:   0.734450 | Q: 471.411499 | won: False 
# 1545 | steps_t:  5316 | t: 285.618918 | r:     1.600000 | avg_r:   152.651780 | e:   0.734200 | Q: 779.864563 | won: False 
# 1546 | steps_t:  5319 | t: 285.790696 | r:   972.400000 | avg_r:   153.182018 | e:   0.734050 | Q: 1164.050415 | won: False 
# 1547 | steps_t:  5321 | t: 285.885726 | r:   237.600000 | avg_r:   153.236587 | e:   0.733950 | Q: 639.059631 | won: False 
# 1548 | steps_t:  5322 | t: 285.946447 | r:   239.000000 | avg_r:   153.291990 | e:   0.733900 | Q: 905.804565 | won: False 
# 1549 | steps_t:  5327 | t: 286.216667 | r:   977.200000 | avg_r:   153.823886 | e:   0.733650 | Q: 1102.885986 | won: False 
# 1550 | steps_t:  5331 | t: 286.441665 | r:  1177.200000 | avg_r:   154.484129 | e:   0.733450 | Q: 1223.212769 | won: False 
# 1551 | steps_t:  5333 | t: 286.551662 | r:  -171.600000 | avg_r:   154.273888 | e:   0.733350 | Q: 984.109314 | won: False 
# 1552 | steps_t:  5335 | t: 286.668851 | r:   694.000000 | avg_r:   154.621649 | e:   0.733250 | Q: 768.048340 | won: False 
# 1553 | steps_t:  5340 | t: 286.934281 | r:   552.200000 | avg_r:   154.877656 | e:   0.733000 | Q: 1104.021240 | won: False 
# 1554 | steps_t:  5341 | t: 287.132680 | r:   124.400000 | avg_r:   154.858044 | e:   0.732950 | Q: 737.156433 | won: False 
# 1555 | steps_t:  5344 | t: 287.295194 | r:   673.000000 | avg_r:   155.191254 | e:   0.732800 | Q: 939.098328 | won: False 
# 1556 | steps_t:  5352 | t: 287.756654 | r:  1390.800000 | avg_r:   155.985347 | e:   0.732400 | Q: 1159.737061 | won: False 
# 1557 | steps_t:  5355 | t: 287.918813 | r:   606.400000 | avg_r:   156.274631 | e:   0.732250 | Q: 1136.414673 | won: False 
# 1558 | steps_t:  5359 | t: 288.125526 | r:   383.600000 | avg_r:   156.420539 | e:   0.732050 | Q: 1023.889160 | won: False 
# 1559 | steps_t:  5360 | t: 288.171915 | r:  -126.800000 | avg_r:   156.238871 | e:   0.732000 | Q: 412.500580 | won: False 
# 1560 | steps_t:  5364 | t: 288.405907 | r:   963.000000 | avg_r:   156.756026 | e:   0.731800 | Q: 785.198853 | won: False 
# 1561 | steps_t:  5366 | t: 288.522339 | r:   110.000000 | avg_r:   156.726073 | e:   0.731700 | Q: 411.542999 | won: False 
# 1562 | steps_t:  5369 | t: 288.677327 | r:   963.200000 | avg_r:   157.242382 | e:   0.731550 | Q: 645.205383 | won: False 
# 1563 | steps_t:  5371 | t: 288.786898 | r:   142.200000 | avg_r:   157.232758 | e:   0.731450 | Q: 426.667511 | won: False 
# 1564 | steps_t:  5372 | t: 288.852432 | r:   161.800000 | avg_r:   157.235678 | e:   0.731400 | Q: 427.415405 | won: False 
# 1565 | steps_t:  5376 | t: 289.082857 | r:   378.800000 | avg_r:   157.377252 | e:   0.731200 | Q: 652.201050 | won: False 
# 1566 | steps_t:  5378 | t: 289.201486 | r:    91.800000 | avg_r:   157.335377 | e:   0.731100 | Q: 366.879028 | won: False 
# 1567 | steps_t:  5380 | t: 289.301252 | r:   -58.400000 | avg_r:   157.197703 | e:   0.731000 | Q: 448.691925 | won: False 
# 1568 | steps_t:  5382 | t: 289.405698 | r:  -259.000000 | avg_r:   156.932270 | e:   0.730900 | Q: 347.816650 | won: False 
# 1569 | steps_t:  5384 | t: 289.525420 | r:  -121.000000 | avg_r:   156.755131 | e:   0.730800 | Q: 602.464172 | won: False 
# 1570 | steps_t:  5386 | t: 289.638237 | r:  -125.600000 | avg_r:   156.575287 | e:   0.730700 | Q: 570.096558 | won: False 
# 1571 | steps_t:  5387 | t: 289.697368 | r:   -92.800000 | avg_r:   156.416550 | e:   0.730650 | Q:        nan | won: False 
# 1572 | steps_t:  5389 | t: 289.805260 | r:   182.200000 | avg_r:   156.432952 | e:   0.730550 | Q: 486.492157 | won: False 
# 1573 | steps_t:  5391 | t: 289.916103 | r:  -445.000000 | avg_r:   156.050604 | e:   0.730450 | Q: 481.670715 | won: False 
# 1574 | steps_t:  5392 | t: 289.987467 | r:   483.000000 | avg_r:   156.258323 | e:   0.730400 | Q: 999.230530 | won: False 
# 1575 | steps_t:  5393 | t: 290.035781 | r:   -96.800000 | avg_r:   156.097651 | e:   0.730350 | Q: 350.198486 | won: False 
# 1576 | steps_t:  5394 | t: 290.102316 | r:  -406.000000 | avg_r:   155.740990 | e:   0.730300 | Q: 382.316437 | won: False 
# 1577 | steps_t:  5412 | t: 291.086803 | r:   898.400000 | avg_r:   156.211921 | e:   0.729400 | Q: 1065.538452 | won: False 
# 1578 | steps_t:  5417 | t: 291.375976 | r:   783.600000 | avg_r:   156.609506 | e:   0.729150 | Q: 1143.393066 | won: False 
# 1579 | steps_t:  5423 | t: 291.706011 | r:  1051.800000 | avg_r:   157.176441 | e:   0.728850 | Q: 1103.744263 | won: False 
# 1580 | steps_t:  5425 | t: 291.802349 | r:  -474.000000 | avg_r:   156.776962 | e:   0.728750 | Q: 471.055695 | won: False 
# 1581 | steps_t:  5427 | t: 291.904917 | r:   140.000000 | avg_r:   156.766350 | e:   0.728650 | Q: 577.792480 | won: False 
# 1582 | steps_t:  5434 | t: 292.286099 | r:  3011.400000 | avg_r:   158.570796 | e:   0.728300 | Q: 1096.934937 | won: True 
# 1583 | steps_t:  5436 | t: 292.389889 | r:  -109.800000 | avg_r:   158.401263 | e:   0.728200 | Q: 482.170013 | won: False 
# 1584 | steps_t:  5444 | t: 292.836016 | r:   668.600000 | avg_r:   158.723359 | e:   0.727800 | Q: 1149.746460 | won: False 
# 1585 | steps_t:  5446 | t: 292.953084 | r:  -202.000000 | avg_r:   158.495773 | e:   0.727700 | Q: 672.892578 | won: False 
# 1586 | steps_t:  5450 | t: 293.175292 | r:  1138.400000 | avg_r:   159.113619 | e:   0.727500 | Q: 1011.732178 | won: False 
# 1587 | steps_t:  5454 | t: 293.396725 | r:   539.400000 | avg_r:   159.353245 | e:   0.727300 | Q: 951.989197 | won: False 
# 1588 | steps_t:  5458 | t: 293.619746 | r:  -500.000000 | avg_r:   158.938035 | e:   0.727100 | Q: 450.554962 | won: False 
# 1589 | steps_t:  5460 | t: 293.731522 | r:   203.600000 | avg_r:   158.966142 | e:   0.727000 | Q: 983.839294 | won: False 
# 1590 | steps_t:  5461 | t: 293.786035 | r:   440.400000 | avg_r:   159.143145 | e:   0.726950 | Q: 817.999878 | won: False 
# 1591 | steps_t:  5463 | t: 293.901967 | r:   229.000000 | avg_r:   159.187052 | e:   0.726850 | Q: 615.402649 | won: False 
# 1592 | steps_t:  5471 | t: 294.305755 | r:   712.800000 | avg_r:   159.534799 | e:   0.726450 | Q: 988.856628 | won: False 
# 1593 | steps_t:  5479 | t: 294.732930 | r:  1384.000000 | avg_r:   160.303453 | e:   0.726050 | Q: 1137.043091 | won: False 
# 1594 | steps_t:  5480 | t: 294.800071 | r:   750.400000 | avg_r:   160.673651 | e:   0.726000 | Q: 912.759338 | won: False 
# 1595 | steps_t:  5483 | t: 294.952297 | r:   157.200000 | avg_r:   160.671473 | e:   0.725850 | Q: 519.323975 | won: False 
# 1596 | steps_t:  5484 | t: 295.001981 | r:  -101.800000 | avg_r:   160.507018 | e:   0.725800 | Q: 464.708527 | won: False 
# 1597 | steps_t:  5487 | t: 295.153166 | r:   631.600000 | avg_r:   160.802004 | e:   0.725650 | Q: 1021.527832 | won: False 
# 1598 | steps_t:  5488 | t: 295.217311 | r:   599.200000 | avg_r:   161.076345 | e:   0.725600 | Q: 546.066223 | won: False 
# 1599 | steps_t:  5492 | t: 295.424687 | r:   995.200000 | avg_r:   161.597999 | e:   0.725400 | Q: 927.467957 | won: False 
# 1600 | steps_t:  5494 | t: 295.534309 | r:  -170.000000 | avg_r:   161.390750 | e:   0.725300 | Q: 505.078094 | won: False 
# 1601 | steps_t:  5495 | t: 295.583906 | r:    -6.800000 | avg_r:   161.285696 | e:   0.725250 | Q: 608.013000 | won: False 
# 1602 | steps_t:  5497 | t: 295.688337 | r:   165.400000 | avg_r:   161.288265 | e:   0.725150 | Q: 657.945496 | won: False 
# 1603 | steps_t:  5498 | t: 295.748940 | r:  -378.000000 | avg_r:   160.951840 | e:   0.725100 | Q: 214.670853 | won: False 
# 1604 | steps_t:  5499 | t: 295.800311 | r:   184.600000 | avg_r:   160.966584 | e:   0.725050 | Q: 771.265686 | won: False 
# 1605 | steps_t:  5503 | t: 296.018642 | r:  1225.000000 | avg_r:   161.629533 | e:   0.724850 | Q: 1015.132385 | won: False 
# 1606 | steps_t:  5506 | t: 296.175928 | r:   418.000000 | avg_r:   161.789166 | e:   0.724700 | Q: 1093.828491 | won: False 
# 1607 | steps_t:  5507 | t: 296.235410 | r:   235.000000 | avg_r:   161.834723 | e:   0.724650 | Q: 451.942749 | won: False 
# 1608 | steps_t:  5509 | t: 296.336595 | r:  -100.600000 | avg_r:   161.671517 | e:   0.724550 | Q: 521.031738 | won: False 
# 1609 | steps_t:  5510 | t: 296.388258 | r:  -397.000000 | avg_r:   161.324301 | e:   0.724500 | Q: 471.208679 | won: False 
# 1610 | steps_t:  5514 | t: 296.602757 | r:   755.800000 | avg_r:   161.693540 | e:   0.724300 | Q: 904.759949 | won: False 
# 1611 | steps_t:  5515 | t: 296.654264 | r:   -92.400000 | avg_r:   161.535816 | e:   0.724250 | Q: 1018.510010 | won: False 
# 1612 | steps_t:  5526 | t: 297.235795 | r:   873.600000 | avg_r:   161.977543 | e:   0.723700 | Q: 1119.007935 | won: False 
# 1613 | steps_t:  5530 | t: 297.434589 | r:   899.600000 | avg_r:   162.434842 | e:   0.723500 | Q: 871.656982 | won: False 
# 1614 | steps_t:  5531 | t: 297.506032 | r:   178.200000 | avg_r:   162.444610 | e:   0.723450 | Q: 553.320435 | won: False 
# 1615 | steps_t:  5535 | t: 297.715161 | r:  1286.400000 | avg_r:   163.140557 | e:   0.723250 | Q: 1123.909180 | won: False 
# 1616 | steps_t:  5538 | t: 297.870620 | r:   364.600000 | avg_r:   163.265223 | e:   0.723100 | Q: 1015.646301 | won: False 
# 1617 | steps_t:  5539 | t: 297.921765 | r:   290.200000 | avg_r:   163.343723 | e:   0.723050 | Q: 524.924622 | won: False 
# 1618 | steps_t:  5540 | t: 297.980389 | r:   546.000000 | avg_r:   163.580222 | e:   0.723000 | Q: 833.525330 | won: False 
# 1619 | steps_t:  5543 | t: 298.136401 | r:  -145.800000 | avg_r:   163.389129 | e:   0.722850 | Q: 537.613098 | won: False 
# 1620 | steps_t:  5545 | t: 298.232669 | r:  -174.000000 | avg_r:   163.180864 | e:   0.722750 | Q: 624.084778 | won: False 
# 1621 | steps_t:  5546 | t: 298.292682 | r:   147.200000 | avg_r:   163.171006 | e:   0.722700 | Q: 492.781158 | won: False 
# 1622 | steps_t:  5547 | t: 298.352264 | r:  -347.000000 | avg_r:   162.856473 | e:   0.722650 | Q: 404.141876 | won: False 
# 1623 | steps_t:  5548 | t: 298.404842 | r:   -46.600000 | avg_r:   162.727418 | e:   0.722600 | Q: 711.256348 | won: False 
# 1624 | steps_t:  5553 | t: 298.660819 | r:   923.200000 | avg_r:   163.195690 | e:   0.722350 | Q: 860.898560 | won: False 
# 1625 | steps_t:  5555 | t: 298.751337 | r:  -100.400000 | avg_r:   163.033477 | e:   0.722250 | Q: 492.194519 | won: False 
# 1626 | steps_t:  5558 | t: 298.914368 | r:   889.000000 | avg_r:   163.479951 | e:   0.722100 | Q: 1011.271729 | won: False 
# 1627 | steps_t:  5560 | t: 299.028884 | r:   183.200000 | avg_r:   163.492071 | e:   0.722000 | Q: 521.333984 | won: False 
# 1628 | steps_t:  5562 | t: 299.133571 | r:  -137.000000 | avg_r:   163.307494 | e:   0.721900 | Q: 583.604492 | won: False 
# 1629 | steps_t:  5563 | t: 299.206871 | r:  -100.800000 | avg_r:   163.145365 | e:   0.721850 | Q: 395.533478 | won: False 
# 1630 | steps_t:  5570 | t: 299.584177 | r:  1505.800000 | avg_r:   163.969080 | e:   0.721500 | Q: 999.615356 | won: False 
# 1631 | steps_t:  5572 | t: 299.694966 | r:   234.000000 | avg_r:   164.012017 | e:   0.721400 | Q: 373.861450 | won: False 
# 1632 | steps_t:  5574 | t: 299.812386 | r:   651.400000 | avg_r:   164.310662 | e:   0.721300 | Q: 779.044006 | won: False 
# 1633 | steps_t:  5575 | t: 299.866791 | r:   256.600000 | avg_r:   164.367177 | e:   0.721250 | Q: 481.373535 | won: False 
# 1634 | steps_t:  5576 | t: 299.921513 | r:  -357.000000 | avg_r:   164.048103 | e:   0.721200 | Q: 374.880310 | won: False 
# 1635 | steps_t:  5582 | t: 300.266526 | r:   869.600000 | avg_r:   164.479633 | e:   0.720900 | Q: 889.512878 | won: False 
# 1636 | steps_t:  5585 | t: 300.436932 | r:   778.400000 | avg_r:   164.854890 | e:   0.720750 | Q: 744.728516 | won: False 
# 1637 | steps_t:  5587 | t: 300.595948 | r:  -418.000000 | avg_r:   164.498839 | e:   0.720650 | Q: 469.603699 | won: False 
# 1638 | steps_t:  5588 | t: 300.702314 | r:   258.400000 | avg_r:   164.556166 | e:   0.720600 | Q: 405.228760 | won: False 
# 1639 | steps_t:  5590 | t: 300.874790 | r:  1146.000000 | avg_r:   165.154973 | e:   0.720500 | Q: 723.284668 | won: False 
# 1640 | steps_t:  5592 | t: 301.030034 | r:  -203.800000 | avg_r:   164.930000 | e:   0.720400 | Q: 279.836487 | won: False 
# 1641 | steps_t:  5594 | t: 301.163312 | r:   270.200000 | avg_r:   164.994150 | e:   0.720300 | Q: 432.118896 | won: False 
# 1642 | steps_t:  5595 | t: 301.243561 | r:   494.000000 | avg_r:   165.194519 | e:   0.720250 | Q: 617.760132 | won: False 
# 1643 | steps_t:  5597 | t: 301.393604 | r:   776.200000 | avg_r:   165.566403 | e:   0.720150 | Q: 802.783203 | won: False 
# 1644 | steps_t:  5598 | t: 301.455901 | r:   -53.400000 | avg_r:   165.433212 | e:   0.720100 | Q: 660.739380 | won: False 
# 1645 | steps_t:  5599 | t: 301.537996 | r:   136.000000 | avg_r:   165.415319 | e:   0.720050 | Q: 401.656708 | won: False 
# 1646 | steps_t:  5600 | t: 301.602753 | r:  -357.000000 | avg_r:   165.097934 | e:   0.720000 | Q: 478.757019 | won: False 
# 1647 | steps_t:  5602 | t: 301.733085 | r:   144.600000 | avg_r:   165.085489 | e:   0.719900 | Q: 574.844177 | won: False 
# 1648 | steps_t:  5602 | t: 301.733085 | r:  -101.000000 | avg_r:   164.924029 | e:   0.719900 | Q: 466.730804 | won: False 
# 1649 | steps_t:  5603 | t: 301.817297 | r:   733.400000 | avg_r:   165.268769 | e:   0.719850 | Q: 605.295654 | won: False 
# 1650 | steps_t:  5609 | t: 302.177733 | r:   607.600000 | avg_r:   165.536848 | e:   0.719550 | Q: 942.306702 | won: False 
# 1651 | steps_t:  5612 | t: 302.346737 | r:   680.800000 | avg_r:   165.848940 | e:   0.719400 | Q: 491.513489 | won: False 
# 1652 | steps_t:  5616 | t: 302.600002 | r:   688.600000 | avg_r:   166.165375 | e:   0.719200 | Q: 715.639221 | won: False 
# 1653 | steps_t:  5617 | t: 302.664545 | r:  -119.000000 | avg_r:   165.992861 | e:   0.719150 | Q: 792.953186 | won: False 
# 1654 | steps_t:  5627 | t: 303.285746 | r:   606.600000 | avg_r:   166.259250 | e:   0.718650 | Q: 1156.081543 | won: False 
# 1655 | steps_t:  5632 | t: 303.609258 | r:  1132.000000 | avg_r:   166.842779 | e:   0.718400 | Q: 1042.341431 | won: False 
# 1656 | steps_t:  5634 | t: 303.737157 | r:   213.400000 | avg_r:   166.870894 | e:   0.718300 | Q: 603.024292 | won: False 
# 1657 | steps_t:  5636 | t: 303.857995 | r:   202.000000 | avg_r:   166.892094 | e:   0.718200 | Q: 871.984680 | won: False 
# 1658 | steps_t:  5638 | t: 303.979037 | r:   221.400000 | avg_r:   166.924970 | e:   0.718100 | Q: 548.626770 | won: False 
# 1659 | steps_t:  5640 | t: 304.097771 | r:   168.400000 | avg_r:   166.925859 | e:   0.718000 | Q: 496.547058 | won: False 
# 1660 | steps_t:  5643 | t: 304.272326 | r:   106.200000 | avg_r:   166.889277 | e:   0.717850 | Q: 638.839539 | won: False 
# 1661 | steps_t:  5647 | t: 304.513392 | r:   985.400000 | avg_r:   167.382059 | e:   0.717650 | Q: 943.058167 | won: False 
# 1662 | steps_t:  5649 | t: 304.643948 | r:   416.400000 | avg_r:   167.531889 | e:   0.717550 | Q: 1001.079651 | won: False 
# 1663 | steps_t:  5657 | t: 305.123111 | r:   690.600000 | avg_r:   167.846422 | e:   0.717150 | Q: 952.120239 | won: False 
# 1664 | steps_t:  5657 | t: 305.123111 | r:  -360.000000 | avg_r:   167.529207 | e:   0.717150 | Q:        nan | won: False 
# 1665 | steps_t:  5658 | t: 305.201299 | r:  -360.000000 | avg_r:   167.212372 | e:   0.717100 | Q:        nan | won: False 
# 1666 | steps_t:  5661 | t: 305.362616 | r:   840.000000 | avg_r:   167.616206 | e:   0.716950 | Q: 816.762573 | won: False 
# 1667 | steps_t:  5663 | t: 305.485144 | r:   258.400000 | avg_r:   167.670666 | e:   0.716850 | Q: 756.797607 | won: False 
# 1668 | steps_t:  5665 | t: 305.599660 | r:   258.800000 | avg_r:   167.725300 | e:   0.716750 | Q: 644.935730 | won: False 
# 1669 | steps_t:  5667 | t: 305.718495 | r:  -444.000000 | avg_r:   167.358778 | e:   0.716650 | Q: 447.898956 | won: False 
# 1670 | steps_t:  5671 | t: 305.993926 | r:  1567.600000 | avg_r:   168.197246 | e:   0.716450 | Q: 946.530579 | won: False 
# 1671 | steps_t:  5674 | t: 306.185947 | r:   451.600000 | avg_r:   168.366846 | e:   0.716300 | Q: 550.309753 | won: False 
# 1672 | steps_t:  5676 | t: 306.312979 | r:   170.200000 | avg_r:   168.367943 | e:   0.716200 | Q: 516.710876 | won: False 
# 1673 | steps_t:  5678 | t: 306.452909 | r:   460.800000 | avg_r:   168.542738 | e:   0.716100 | Q: 531.222656 | won: False 
# 1674 | steps_t:  5681 | t: 306.637514 | r:   676.200000 | avg_r:   168.845998 | e:   0.715950 | Q: 1007.217590 | won: False 
# 1675 | steps_t:  5685 | t: 306.885810 | r:  1314.200000 | avg_r:   169.529791 | e:   0.715750 | Q: 876.146240 | won: False 
# 1676 | steps_t:  5688 | t: 307.087266 | r:   164.200000 | avg_r:   169.526611 | e:   0.715600 | Q: 478.241394 | won: False 
# 1677 | steps_t:  5692 | t: 307.328589 | r:   451.200000 | avg_r:   169.694574 | e:   0.715400 | Q: 762.072571 | won: False 
# 1678 | steps_t:  5693 | t: 307.387786 | r:  -362.000000 | avg_r:   169.377712 | e:   0.715350 | Q: 452.120575 | won: False 
# 1679 | steps_t:  5695 | t: 307.504841 | r:  -415.000000 | avg_r:   169.029661 | e:   0.715250 | Q: 323.995911 | won: False 
# 1680 | steps_t:  5696 | t: 307.580112 | r:   -98.400000 | avg_r:   168.870476 | e:   0.715200 | Q: 792.567749 | won: False 
# 1681 | steps_t:  5697 | t: 307.652930 | r:   111.400000 | avg_r:   168.836288 | e:   0.715150 | Q: 468.376160 | won: False 
# 1682 | steps_t:  5700 | t: 307.826186 | r:    75.000000 | avg_r:   168.780499 | e:   0.715000 | Q: 305.653137 | won: False 
# 1683 | steps_t:  5700 | t: 307.832669 | r:  -353.000000 | avg_r:   168.470469 | e:   0.715000 | Q: 344.301178 | won: False 
# 1684 | steps_t:  5703 | t: 308.010390 | r:   417.400000 | avg_r:   168.618290 | e:   0.714850 | Q: 1036.693481 | won: False 
# 1685 | steps_t:  5704 | t: 308.070704 | r:  -399.000000 | avg_r:   168.281424 | e:   0.714800 | Q: 564.273621 | won: False 
# 1686 | steps_t:  5705 | t: 308.153411 | r:  -164.200000 | avg_r:   168.084223 | e:   0.714750 | Q: 529.081970 | won: False 
# 1687 | steps_t:  5706 | t: 308.219557 | r:   -62.400000 | avg_r:   167.947599 | e:   0.714700 | Q: 434.783691 | won: False 
# 1688 | steps_t:  5709 | t: 308.402721 | r:  1046.800000 | avg_r:   168.468246 | e:   0.714550 | Q: 919.051025 | won: False 
# 1689 | steps_t:  5716 | t: 308.787264 | r:   564.800000 | avg_r:   168.702901 | e:   0.714200 | Q: 1073.781860 | won: False 
# 1690 | steps_t:  5719 | t: 308.965227 | r:    59.600000 | avg_r:   168.638343 | e:   0.714050 | Q: 703.777100 | won: False 
# 1691 | steps_t:  5721 | t: 309.072460 | r:  -398.000000 | avg_r:   168.303253 | e:   0.713950 | Q: 498.778992 | won: False 
# 1692 | steps_t:  5730 | t: 309.561125 | r:   759.000000 | avg_r:   168.652364 | e:   0.713500 | Q: 1080.448608 | won: False 
# 1693 | steps_t:  5732 | t: 309.669207 | r:  -107.400000 | avg_r:   168.489309 | e:   0.713400 | Q: 592.539856 | won: False 
# 1694 | steps_t:  5734 | t: 309.785682 | r:  -149.800000 | avg_r:   168.301417 | e:   0.713300 | Q: 693.209900 | won: False 
# 1695 | steps_t:  5736 | t: 309.886239 | r:   135.000000 | avg_r:   168.281770 | e:   0.713200 | Q: 792.191406 | won: False 
# 1696 | steps_t:  5738 | t: 310.003439 | r:   153.400000 | avg_r:   168.272995 | e:   0.713100 | Q: 575.911621 | won: False 
# 1697 | steps_t:  5739 | t: 310.071559 | r:  -395.000000 | avg_r:   167.941072 | e:   0.713050 | Q: 422.419128 | won: False 
# 1698 | steps_t:  5748 | t: 310.552285 | r:  1033.400000 | avg_r:   168.450766 | e:   0.712600 | Q: 980.845703 | won: False 
# 1699 | steps_t:  5749 | t: 310.608197 | r:   180.200000 | avg_r:   168.457681 | e:   0.712550 | Q: 426.945221 | won: False 
# 1700 | steps_t:  5751 | t: 310.723186 | r:   -90.600000 | avg_r:   168.305294 | e:   0.712450 | Q: 428.383972 | won: False 
# 1701 | steps_t:  5754 | t: 310.873167 | r:   947.600000 | avg_r:   168.763433 | e:   0.712300 | Q: 708.434631 | won: False 
# 1702 | steps_t:  5755 | t: 310.935455 | r:   288.200000 | avg_r:   168.833608 | e:   0.712250 | Q: 442.744568 | won: False 
# 1703 | steps_t:  5760 | t: 311.188769 | r:  1142.600000 | avg_r:   169.405402 | e:   0.712000 | Q: 1008.207275 | won: False 
# 1704 | steps_t:  5761 | t: 311.250981 | r:   172.200000 | avg_r:   169.407042 | e:   0.711950 | Q: 378.904999 | won: False 
# 1705 | steps_t:  5762 | t: 311.302159 | r:  -363.000000 | avg_r:   169.094780 | e:   0.711900 | Q: 255.319092 | won: False 
# 1706 | steps_t:  5765 | t: 311.466236 | r:   762.600000 | avg_r:   169.442673 | e:   0.711750 | Q: 944.209167 | won: False 
# 1707 | steps_t:  5770 | t: 311.731112 | r:  3229.000000 | avg_r:   171.235032 | e:   0.711500 | Q: 1032.161865 | won: True 
# 1708 | steps_t:  5771 | t: 311.788063 | r:   219.000000 | avg_r:   171.262998 | e:   0.711450 | Q: 377.066071 | won: False 
# 1709 | steps_t:  5773 | t: 311.893107 | r:   486.800000 | avg_r:   171.447630 | e:   0.711350 | Q: 641.420105 | won: False 
# 1710 | steps_t:  5774 | t: 311.949051 | r:   -96.200000 | avg_r:   171.291111 | e:   0.711300 | Q: 417.910004 | won: False 
# 1711 | steps_t:  5777 | t: 312.102234 | r:   226.200000 | avg_r:   171.323203 | e:   0.711150 | Q: 956.138916 | won: False 
# 1712 | steps_t:  5780 | t: 312.270906 | r:  -115.200000 | avg_r:   171.155841 | e:   0.711000 | Q: 421.372864 | won: False 
# 1713 | steps_t:  5782 | t: 312.386554 | r:   -80.800000 | avg_r:   171.008757 | e:   0.710900 | Q: 390.227264 | won: False 
# 1714 | steps_t:  5785 | t: 312.552169 | r:   160.600000 | avg_r:   171.002684 | e:   0.710750 | Q: 397.725616 | won: False 
# 1715 | steps_t:  5788 | t: 312.702611 | r:   211.600000 | avg_r:   171.026356 | e:   0.710600 | Q: 405.296051 | won: False 
# 1716 | steps_t:  5789 | t: 312.752560 | r:   172.200000 | avg_r:   171.027040 | e:   0.710550 | Q: 302.293335 | won: False 
# 1717 | steps_t:  5790 | t: 312.805028 | r:    -0.200000 | avg_r:   170.927315 | e:   0.710500 | Q: 351.214355 | won: False 
# 1718 | steps_t:  5794 | t: 313.026566 | r:   598.200000 | avg_r:   171.176019 | e:   0.710300 | Q: 685.403748 | won: False 
# 1719 | steps_t:  5795 | t: 313.079378 | r:  -361.000000 | avg_r:   170.866434 | e:   0.710250 | Q: 447.458374 | won: False 
# 1720 | steps_t:  5797 | t: 313.177952 | r:   162.600000 | avg_r:   170.861628 | e:   0.710150 | Q: 356.192078 | won: False 
# 1721 | steps_t:  5802 | t: 313.433802 | r:  1645.400000 | avg_r:   171.718420 | e:   0.709900 | Q: 860.600281 | won: False 
# 1722 | steps_t:  5803 | t: 313.485783 | r:   160.000000 | avg_r:   171.711614 | e:   0.709850 | Q: 504.728424 | won: False 
# 1723 | steps_t:  5806 | t: 313.639099 | r:    87.800000 | avg_r:   171.662914 | e:   0.709700 | Q: 596.882263 | won: False 
# 1724 | steps_t:  5810 | t: 313.850171 | r:   323.800000 | avg_r:   171.751160 | e:   0.709500 | Q: 857.211792 | won: False 
# 1725 | steps_t:  5812 | t: 313.952459 | r:   763.800000 | avg_r:   172.094377 | e:   0.709400 | Q: 899.932373 | won: False 
# 1726 | steps_t:  5813 | t: 314.009875 | r:  -406.000000 | avg_r:   171.759444 | e:   0.709350 | Q: 236.298019 | won: False 
# 1727 | steps_t:  5815 | t: 314.114714 | r:   564.800000 | avg_r:   171.987030 | e:   0.709250 | Q: 638.856995 | won: False 
# 1728 | steps_t:  5816 | t: 314.166640 | r:  -394.000000 | avg_r:   171.659491 | e:   0.709200 | Q:        nan | won: False 
# 1729 | steps_t:  5817 | t: 314.217888 | r:  -398.000000 | avg_r:   171.330017 | e:   0.709150 | Q: 195.716690 | won: False 
# 1730 | steps_t:  5821 | t: 314.414479 | r:  1005.600000 | avg_r:   171.812254 | e:   0.708950 | Q: 663.128479 | won: False 
# 1731 | steps_t:  5826 | t: 314.672044 | r:  1320.400000 | avg_r:   172.475794 | e:   0.708700 | Q: 1060.112305 | won: False 
# 1732 | steps_t:  5827 | t: 314.733846 | r:   -96.600000 | avg_r:   172.320439 | e:   0.708650 | Q: 430.112701 | won: False 
# 1733 | steps_t:  5836 | t: 315.201978 | r:   808.800000 | avg_r:   172.687709 | e:   0.708200 | Q: 1134.646851 | won: False 
# 1734 | steps_t:  5837 | t: 315.263165 | r:   -98.000000 | avg_r:   172.531603 | e:   0.708150 | Q: 494.914246 | won: False 
# 1735 | steps_t:  5839 | t: 315.358268 | r:   567.400000 | avg_r:   172.759193 | e:   0.708050 | Q: 697.802490 | won: False 
# 1736 | steps_t:  5850 | t: 315.949998 | r:  1017.800000 | avg_r:   173.245968 | e:   0.707500 | Q: 1090.165771 | won: False 
# 1737 | steps_t:  5852 | t: 316.067785 | r:    76.800000 | avg_r:   173.190443 | e:   0.707400 | Q: 704.103638 | won: False 
# 1738 | steps_t:  5854 | t: 316.186966 | r:   773.800000 | avg_r:   173.536018 | e:   0.707300 | Q: 911.960815 | won: False 
# 1739 | steps_t:  5855 | t: 316.251053 | r:   -83.800000 | avg_r:   173.388039 | e:   0.707250 | Q: 485.559418 | won: False 
# 1740 | steps_t:  5857 | t: 316.358040 | r:   101.400000 | avg_r:   173.346667 | e:   0.707150 | Q: 477.859344 | won: False 
# 1741 | steps_t:  5873 | t: 317.202946 | r:   492.000000 | avg_r:   173.529696 | e:   0.706350 | Q: 1038.286133 | won: False 
# 1742 | steps_t:  5874 | t: 317.274228 | r:   811.000000 | avg_r:   173.895637 | e:   0.706300 | Q: 811.284668 | won: False 
# 1743 | steps_t:  5875 | t: 317.323887 | r:   469.800000 | avg_r:   174.065404 | e:   0.706250 | Q: 455.019073 | won: False 
# 1744 | steps_t:  5876 | t: 317.385148 | r:   159.400000 | avg_r:   174.056995 | e:   0.706200 | Q: 786.347351 | won: False 
# 1745 | steps_t:  5880 | t: 317.601032 | r:  1583.400000 | avg_r:   174.864642 | e:   0.706000 | Q: 1042.030762 | won: False 
# 1746 | steps_t:  5883 | t: 317.764497 | r:   243.200000 | avg_r:   174.903780 | e:   0.705850 | Q: 898.318726 | won: False 
# 1747 | steps_t:  5885 | t: 317.877050 | r:   992.400000 | avg_r:   175.371723 | e:   0.705750 | Q: 990.091614 | won: False 
# 1748 | steps_t:  5886 | t: 317.929571 | r:  -368.000000 | avg_r:   175.060870 | e:   0.705700 | Q: 413.618713 | won: False 
# 1749 | steps_t:  5890 | t: 318.141787 | r:   402.400000 | avg_r:   175.190852 | e:   0.705500 | Q: 841.634460 | won: False 
# 1750 | steps_t:  5893 | t: 318.306792 | r:   168.600000 | avg_r:   175.187086 | e:   0.705350 | Q: 627.452393 | won: False 
# 1751 | steps_t:  5894 | t: 318.349577 | r:   -21.000000 | avg_r:   175.075043 | e:   0.705300 | Q: 450.630707 | won: False 
# 1752 | steps_t:  5896 | t: 318.457833 | r:   518.800000 | avg_r:   175.271233 | e:   0.705200 | Q: 933.296082 | won: False 
# 1753 | steps_t:  5897 | t: 318.517640 | r:   -76.000000 | avg_r:   175.127895 | e:   0.705150 | Q:        nan | won: False 
# 1754 | steps_t:  5902 | t: 318.766777 | r:   851.800000 | avg_r:   175.513683 | e:   0.704900 | Q: 1029.532837 | won: False 
# 1755 | steps_t:  5905 | t: 318.921958 | r:   176.800000 | avg_r:   175.514416 | e:   0.704750 | Q: 967.436707 | won: False 
# 1756 | steps_t:  5915 | t: 319.451089 | r:   721.000000 | avg_r:   175.825057 | e:   0.704250 | Q: 1083.921753 | won: False 
# 1757 | steps_t:  5917 | t: 319.581743 | r:  -124.600000 | avg_r:   175.654069 | e:   0.704150 | Q: 510.398468 | won: False 
# 1758 | steps_t:  5921 | t: 319.820094 | r:   969.800000 | avg_r:   176.105802 | e:   0.703950 | Q: 974.823608 | won: False 
# 1759 | steps_t:  5924 | t: 319.983050 | r:   350.000000 | avg_r:   176.204662 | e:   0.703800 | Q: 854.785645 | won: False 
# 1760 | steps_t:  5925 | t: 320.045027 | r:  -101.800000 | avg_r:   176.046705 | e:   0.703750 | Q: 480.174500 | won: False 
# 1761 | steps_t:  5931 | t: 320.356265 | r:   596.800000 | avg_r:   176.285633 | e:   0.703450 | Q: 945.648560 | won: False 
# 1762 | steps_t:  5933 | t: 320.470920 | r:   491.400000 | avg_r:   176.464472 | e:   0.703350 | Q: 841.550659 | won: False 
# 1763 | steps_t:  5937 | t: 320.699242 | r:  1492.000000 | avg_r:   177.210664 | e:   0.703150 | Q: 971.524231 | won: False 
# 1764 | steps_t:  5944 | t: 321.076114 | r:  1129.000000 | avg_r:   177.750227 | e:   0.702800 | Q: 980.690308 | won: False 
# 1765 | steps_t:  5947 | t: 321.233505 | r:   681.400000 | avg_r:   178.035581 | e:   0.702650 | Q: 980.687561 | won: False 
# 1766 | steps_t:  5949 | t: 321.344777 | r:   162.800000 | avg_r:   178.026954 | e:   0.702550 | Q: 374.215546 | won: False 
# 1767 | steps_t:  5952 | t: 321.516548 | r:   642.800000 | avg_r:   178.289983 | e:   0.702400 | Q: 851.672852 | won: False 
# 1768 | steps_t:  5957 | t: 321.769618 | r:   882.000000 | avg_r:   178.688009 | e:   0.702150 | Q: 895.190247 | won: False 
# 1769 | steps_t:  5958 | t: 321.825149 | r:   -72.200000 | avg_r:   178.546184 | e:   0.702100 | Q: 411.382050 | won: False 
# 1770 | steps_t:  5959 | t: 321.884431 | r:  -381.000000 | avg_r:   178.230056 | e:   0.702050 | Q: 485.371735 | won: False 
# 1771 | steps_t:  5961 | t: 321.985582 | r:  -140.200000 | avg_r:   178.050254 | e:   0.701950 | Q: 430.301514 | won: False 
# 1772 | steps_t:  5963 | t: 322.100903 | r:  -133.600000 | avg_r:   177.874379 | e:   0.701850 | Q: 633.670471 | won: False 
# 1773 | steps_t:  5967 | t: 322.309090 | r:  1277.000000 | avg_r:   178.494303 | e:   0.701650 | Q: 1059.997070 | won: False 
# 1774 | steps_t:  5969 | t: 322.413129 | r:   469.400000 | avg_r:   178.658286 | e:   0.701550 | Q: 1029.029785 | won: False 
# 1775 | steps_t:  5971 | t: 322.525027 | r:   389.200000 | avg_r:   178.776901 | e:   0.701450 | Q: 819.056458 | won: False 
# 1776 | steps_t:  5979 | t: 323.075474 | r:   586.400000 | avg_r:   179.006419 | e:   0.701050 | Q: 1100.787354 | won: False 
# 1777 | steps_t:  5981 | t: 323.178910 | r:   195.600000 | avg_r:   179.015757 | e:   0.700950 | Q: 499.970276 | won: False 
# 1778 | steps_t:  5982 | t: 323.234125 | r:   202.800000 | avg_r:   179.029134 | e:   0.700900 | Q: 461.935669 | won: False 
# 1779 | steps_t:  5983 | t: 323.290056 | r:   -43.800000 | avg_r:   178.903879 | e:   0.700850 | Q: 351.667145 | won: False 
# 1780 | steps_t:  5990 | t: 323.700598 | r:  1159.000000 | avg_r:   179.454494 | e:   0.700500 | Q: 970.075806 | won: False 
# 1781 | steps_t:  5993 | t: 323.885078 | r:   448.800000 | avg_r:   179.605727 | e:   0.700350 | Q: 794.211548 | won: False 
# 1782 | steps_t:  5999 | t: 324.242725 | r:  1039.400000 | avg_r:   180.088215 | e:   0.700050 | Q: 1072.116211 | won: False 
# 1783 | steps_t:  6001 | t: 324.375041 | r:    90.200000 | avg_r:   180.037801 | e:   0.699950 | Q: 476.641418 | won: False 
# 1784 | steps_t:  6004 | t: 324.541518 | r:   155.400000 | avg_r:   180.023991 | e:   0.699800 | Q: 399.786774 | won: False 
# 1785 | steps_t:  6009 | t: 324.814413 | r:  3046.800000 | avg_r:   181.630028 | e:   0.699550 | Q: 992.063904 | won: True 
# 1786 | steps_t:  6013 | t: 325.029750 | r:   669.600000 | avg_r:   181.903247 | e:   0.699350 | Q: 988.092346 | won: False 
# 1787 | steps_t:  6014 | t: 325.080705 | r:  -343.000000 | avg_r:   181.609513 | e:   0.699300 | Q: 430.310669 | won: False 
# 1788 | steps_t:  6015 | t: 325.129500 | r:  -387.000000 | avg_r:   181.291499 | e:   0.699250 | Q: 451.087372 | won: False 
# 1789 | steps_t:  6018 | t: 325.304197 | r:   706.000000 | avg_r:   181.584796 | e:   0.699100 | Q: 973.156616 | won: False 
# 1790 | steps_t:  6031 | t: 326.013568 | r:   535.200000 | avg_r:   181.782346 | e:   0.698450 | Q: 1204.910278 | won: False 
# 1791 | steps_t:  6032 | t: 326.064956 | r:   -43.600000 | avg_r:   181.656505 | e:   0.698400 | Q:        nan | won: False 
# 1792 | steps_t:  6034 | t: 326.177959 | r:   479.600000 | avg_r:   181.822768 | e:   0.698300 | Q: 952.651062 | won: False 
# 1793 | steps_t:  6036 | t: 326.287766 | r:   625.200000 | avg_r:   182.070050 | e:   0.698200 | Q: 708.406555 | won: False 
# 1794 | steps_t:  6045 | t: 326.764509 | r:   775.800000 | avg_r:   182.401003 | e:   0.697750 | Q: 1147.680420 | won: False 
# 1795 | steps_t:  6047 | t: 326.877009 | r:  -105.200000 | avg_r:   182.240780 | e:   0.697650 | Q: 530.269043 | won: False 
# 1796 | steps_t:  6055 | t: 327.306728 | r:  2974.800000 | avg_r:   183.795657 | e:   0.697250 | Q: 1024.100464 | won: True 
# 1797 | steps_t:  6057 | t: 327.418958 | r:   291.200000 | avg_r:   183.855426 | e:   0.697150 | Q: 849.867004 | won: False 
# 1798 | steps_t:  6061 | t: 327.634987 | r:   983.200000 | avg_r:   184.300000 | e:   0.696950 | Q: 834.645935 | won: False 
# 1799 | steps_t:  6065 | t: 327.842835 | r:  -336.000000 | avg_r:   184.010784 | e:   0.696750 | Q: 462.028046 | won: False 
# 1800 | steps_t:  6067 | t: 327.941406 | r:   157.000000 | avg_r:   183.995778 | e:   0.696650 | Q: 691.343872 | won: False 
# 1801 | steps_t:  6074 | t: 328.317288 | r:   982.200000 | avg_r:   184.438978 | e:   0.696300 | Q: 1040.527100 | won: False 
# 1802 | steps_t:  6078 | t: 328.527073 | r:   628.600000 | avg_r:   184.685461 | e:   0.696100 | Q: 803.039673 | won: False 
# 1803 | steps_t:  6081 | t: 328.691349 | r:  -294.800000 | avg_r:   184.419523 | e:   0.695950 | Q: 454.701050 | won: False 
# 1804 | steps_t:  6082 | t: 328.740085 | r:   281.000000 | avg_r:   184.473060 | e:   0.695900 | Q: 655.201233 | won: False 
# 1805 | steps_t:  6082 | t: 328.754825 | r:    -0.200000 | avg_r:   184.370748 | e:   0.695900 | Q: 417.583008 | won: False 
# 1806 | steps_t:  6082 | t: 328.756944 | r:  -387.000000 | avg_r:   184.054374 | e:   0.695900 | Q: 345.694000 | won: False 
# 1807 | steps_t:  6084 | t: 328.870570 | r:  -179.800000 | avg_r:   183.853016 | e:   0.695800 | Q: 331.230743 | won: False 
# 1808 | steps_t:  6091 | t: 329.235538 | r:  2960.000000 | avg_r:   185.388496 | e:   0.695450 | Q: 1052.991455 | won: True 
# 1809 | steps_t:  6092 | t: 329.292297 | r:   -64.800000 | avg_r:   185.250193 | e:   0.695400 | Q: 470.514801 | won: False 
# 1810 | steps_t:  6093 | t: 329.347865 | r:   177.600000 | avg_r:   185.245967 | e:   0.695350 | Q: 574.669495 | won: False 
# 1811 | steps_t:  6099 | t: 329.669854 | r:  1584.800000 | avg_r:   186.018774 | e:   0.695050 | Q: 1047.997437 | won: False 
# 1812 | steps_t:  6101 | t: 329.777864 | r:   389.200000 | avg_r:   186.130905 | e:   0.694950 | Q: 835.155518 | won: False 
# 1813 | steps_t:  6108 | t: 330.158926 | r:   941.000000 | avg_r:   186.547270 | e:   0.694600 | Q: 979.321411 | won: False 
# 1814 | steps_t:  6110 | t: 330.261032 | r:  -121.400000 | avg_r:   186.377508 | e:   0.694500 | Q: 404.705017 | won: False 
# 1815 | steps_t:  6113 | t: 330.425187 | r:   566.200000 | avg_r:   186.586777 | e:   0.694350 | Q: 649.372192 | won: False 
# 1816 | steps_t:  6115 | t: 330.559919 | r:  -167.200000 | avg_r:   186.391960 | e:   0.694250 | Q: 310.083618 | won: False 
# 1817 | steps_t:  6117 | t: 330.666360 | r:   -68.600000 | avg_r:   186.251624 | e:   0.694150 | Q: 445.006653 | won: False 
# 1818 | steps_t:  6118 | t: 330.706911 | r:   -51.600000 | avg_r:   186.120792 | e:   0.694100 | Q:        nan | won: False 
# 1819 | steps_t:  6122 | t: 330.927753 | r:  1237.400000 | avg_r:   186.698736 | e:   0.693900 | Q: 1012.406372 | won: False 
# 1820 | steps_t:  6129 | t: 331.299493 | r:   437.000000 | avg_r:   186.836264 | e:   0.693550 | Q: 970.397339 | won: False 
# 1821 | steps_t:  6130 | t: 331.360902 | r:   -29.200000 | avg_r:   186.717628 | e:   0.693500 | Q: 417.781433 | won: False 
# 1822 | steps_t:  6132 | t: 331.464180 | r:   746.800000 | avg_r:   187.025027 | e:   0.693400 | Q: 831.740967 | won: False 
# 1823 | steps_t:  6135 | t: 331.636257 | r:   148.800000 | avg_r:   187.004059 | e:   0.693250 | Q: 914.513367 | won: False 
# 1824 | steps_t:  6136 | t: 331.700477 | r:  -378.000000 | avg_r:   186.694298 | e:   0.693200 | Q: 430.639862 | won: False 
# 1825 | steps_t:  6137 | t: 331.755921 | r:   -94.400000 | avg_r:   186.540274 | e:   0.693150 | Q: 364.738129 | won: False 
# 1826 | steps_t:  6139 | t: 331.867556 | r:   482.600000 | avg_r:   186.702410 | e:   0.693050 | Q: 523.675903 | won: False 
# 1827 | steps_t:  6141 | t: 331.971431 | r:   -88.400000 | avg_r:   186.551834 | e:   0.692950 | Q: 397.446075 | won: False 
# 1828 | steps_t:  6143 | t: 332.092541 | r:   148.400000 | avg_r:   186.530963 | e:   0.692850 | Q: 825.105469 | won: False 
# 1829 | steps_t:  6161 | t: 333.072937 | r:   476.200000 | avg_r:   186.689338 | e:   0.691950 | Q: 1164.625000 | won: False 
# 1830 | steps_t:  6164 | t: 333.234540 | r:   565.000000 | avg_r:   186.896066 | e:   0.691800 | Q: 740.393372 | won: False 
# 1831 | steps_t:  6166 | t: 333.345976 | r:  -120.800000 | avg_r:   186.728017 | e:   0.691700 | Q: 561.643982 | won: False 
# 1832 | steps_t:  6176 | t: 333.888000 | r:  1362.600000 | avg_r:   187.369869 | e:   0.691200 | Q: 995.089783 | won: False 
# 1833 | steps_t:  6183 | t: 334.278343 | r:   489.600000 | avg_r:   187.534752 | e:   0.690850 | Q: 875.467163 | won: False 
# 1834 | steps_t:  6184 | t: 334.328761 | r:   188.200000 | avg_r:   187.535115 | e:   0.690800 | Q: 603.654968 | won: False 
# 1835 | steps_t:  6187 | t: 334.496311 | r:   -87.600000 | avg_r:   187.385177 | e:   0.690650 | Q: 508.449799 | won: False 
# 1836 | steps_t:  6189 | t: 334.613447 | r:   734.600000 | avg_r:   187.683224 | e:   0.690550 | Q: 708.104126 | won: False 
# 1837 | steps_t:  6194 | t: 334.861106 | r:   724.800000 | avg_r:   187.975612 | e:   0.690300 | Q: 961.243774 | won: False 
# 1838 | steps_t:  6194 | t: 334.869899 | r:   -95.000000 | avg_r:   187.821654 | e:   0.690300 | Q: 455.753876 | won: False 
# 1839 | steps_t:  6196 | t: 334.970066 | r:   224.400000 | avg_r:   187.841544 | e:   0.690200 | Q: 450.442657 | won: False 
# 1840 | steps_t:  6197 | t: 335.039574 | r:   180.000000 | avg_r:   187.837283 | e:   0.690150 | Q: 534.628906 | won: False 
# 1841 | steps_t:  6199 | t: 335.139953 | r:  -378.000000 | avg_r:   187.529929 | e:   0.690050 | Q: 496.225159 | won: False 
# 1842 | steps_t:  6203 | t: 335.365958 | r:   876.800000 | avg_r:   187.904126 | e:   0.689850 | Q: 978.903259 | won: False 
# 1843 | steps_t:  6205 | t: 335.480958 | r:  -115.200000 | avg_r:   187.739664 | e:   0.689750 | Q: 489.308929 | won: False 
# 1844 | steps_t:  6206 | t: 335.540471 | r:  -399.000000 | avg_r:   187.421475 | e:   0.689700 | Q: 534.107910 | won: False 
# 1845 | steps_t:  6208 | t: 335.643123 | r:  -391.000000 | avg_r:   187.107967 | e:   0.689600 | Q: 580.765747 | won: False 
# 1846 | steps_t:  6211 | t: 335.794500 | r:  -165.600000 | avg_r:   186.916901 | e:   0.689450 | Q: 530.320251 | won: False 
# 1847 | steps_t:  6212 | t: 335.855541 | r:  -381.000000 | avg_r:   186.609421 | e:   0.689400 | Q: 569.557556 | won: False 
# 1848 | steps_t:  6217 | t: 336.117026 | r:  1246.600000 | avg_r:   187.183009 | e:   0.689150 | Q: 1018.487122 | won: False 
# 1849 | steps_t:  6219 | t: 336.224357 | r:  -297.000000 | avg_r:   186.921147 | e:   0.689050 | Q: 629.202637 | won: False 
# 1850 | steps_t:  6224 | t: 336.497934 | r:  1146.000000 | avg_r:   187.439568 | e:   0.688800 | Q: 1037.335938 | won: False 
# 1851 | steps_t:  6226 | t: 336.619987 | r:  1288.200000 | avg_r:   188.034252 | e:   0.688700 | Q: 859.239685 | won: False 
# 1852 | steps_t:  6227 | t: 336.678447 | r:  -100.200000 | avg_r:   187.878618 | e:   0.688650 | Q: 460.951996 | won: False 
# 1853 | steps_t:  6228 | t: 336.733041 | r:  -374.000000 | avg_r:   187.575391 | e:   0.688600 | Q: 484.808411 | won: False 
# 1854 | steps_t:  6229 | t: 336.783638 | r:   -31.600000 | avg_r:   187.457174 | e:   0.688550 | Q: 592.339905 | won: False 
# 1855 | steps_t:  6230 | t: 336.842854 | r:   418.000000 | avg_r:   187.581456 | e:   0.688500 | Q: 418.557465 | won: False 
# 1856 | steps_t:  6234 | t: 337.050604 | r:   285.800000 | avg_r:   187.634375 | e:   0.688300 | Q: 971.452026 | won: False 
# 1857 | steps_t:  6236 | t: 337.166814 | r:   443.600000 | avg_r:   187.772213 | e:   0.688200 | Q: 678.978027 | won: False 
# 1858 | steps_t:  6238 | t: 337.279485 | r:   170.600000 | avg_r:   187.762971 | e:   0.688100 | Q: 665.003113 | won: False 
# 1859 | steps_t:  6239 | t: 337.323690 | r:   -62.600000 | avg_r:   187.628295 | e:   0.688050 | Q:        nan | won: False 
# 1860 | steps_t:  6244 | t: 337.597717 | r:  1114.400000 | avg_r:   188.126559 | e:   0.687800 | Q: 1136.099854 | won: False 
# 1861 | steps_t:  6256 | t: 338.233314 | r:   620.000000 | avg_r:   188.358624 | e:   0.687200 | Q: 1072.640869 | won: False 
# 1862 | steps_t:  6257 | t: 338.302600 | r:   -93.600000 | avg_r:   188.207197 | e:   0.687150 | Q: 446.295013 | won: False 
# 1863 | steps_t:  6261 | t: 338.512694 | r:  3234.000000 | avg_r:   189.842083 | e:   0.686950 | Q: 846.190796 | won: True 
# 1864 | steps_t:  6267 | t: 338.826149 | r:   909.200000 | avg_r:   190.228004 | e:   0.686650 | Q: 855.756287 | won: False 
# 1865 | steps_t:  6268 | t: 338.883558 | r:   -49.600000 | avg_r:   190.099410 | e:   0.686600 | Q: 391.418793 | won: False 
# 1866 | steps_t:  6276 | t: 339.320192 | r:  1503.200000 | avg_r:   190.803108 | e:   0.686200 | Q: 963.088501 | won: False 
# 1867 | steps_t:  6277 | t: 339.382703 | r:  -109.000000 | avg_r:   190.642528 | e:   0.686150 | Q: 389.186279 | won: False 
# 1868 | steps_t:  6282 | t: 339.639269 | r:   937.400000 | avg_r:   191.042291 | e:   0.685900 | Q: 938.449036 | won: False 
# 1869 | steps_t:  6286 | t: 339.858406 | r:   991.200000 | avg_r:   191.470412 | e:   0.685700 | Q: 928.497986 | won: False 
# 1870 | steps_t:  6288 | t: 339.968793 | r:   433.000000 | avg_r:   191.599572 | e:   0.685600 | Q: 955.717590 | won: False 
# 1871 | steps_t:  6295 | t: 340.345480 | r:   773.400000 | avg_r:   191.910529 | e:   0.685250 | Q: 1041.805176 | won: False 
# 1872 | steps_t:  6297 | t: 340.446355 | r:   134.800000 | avg_r:   191.880021 | e:   0.685150 | Q: 681.366699 | won: False 
# 1873 | steps_t:  6298 | t: 340.516569 | r:   247.600000 | avg_r:   191.909770 | e:   0.685100 | Q: 520.771118 | won: False 
# 1874 | steps_t:  6308 | t: 341.062291 | r:  1088.000000 | avg_r:   192.387940 | e:   0.684600 | Q: 1046.691650 | won: False 
# 1875 | steps_t:  6320 | t: 341.706347 | r:   985.800000 | avg_r:   192.811093 | e:   0.684000 | Q: 1061.216553 | won: False 
# 1876 | steps_t:  6322 | t: 341.810298 | r:   803.000000 | avg_r:   193.136354 | e:   0.683900 | Q: 660.434387 | won: False 
# 1877 | steps_t:  6323 | t: 341.864263 | r:   -95.200000 | avg_r:   192.982738 | e:   0.683850 | Q: 458.776367 | won: False 
# 1878 | steps_t:  6331 | t: 342.291960 | r:  1397.000000 | avg_r:   193.623855 | e:   0.683450 | Q: 1085.165161 | won: False 
# 1879 | steps_t:  6332 | t: 342.349010 | r:   289.400000 | avg_r:   193.674827 | e:   0.683400 | Q: 429.365936 | won: False 
# 1880 | steps_t:  6333 | t: 342.407668 | r:  -107.000000 | avg_r:   193.514894 | e:   0.683350 | Q: 587.914124 | won: False 
# 1881 | steps_t:  6338 | t: 342.680120 | r:   870.000000 | avg_r:   193.874535 | e:   0.683100 | Q: 903.548584 | won: False 
# 1882 | steps_t:  6340 | t: 342.791257 | r:   -93.000000 | avg_r:   193.722104 | e:   0.683000 | Q: 463.296997 | won: False 
# 1883 | steps_t:  6345 | t: 343.073842 | r:  1550.200000 | avg_r:   194.442485 | e:   0.682750 | Q: 1067.780396 | won: False 
# 1884 | steps_t:  6346 | t: 343.133389 | r:   300.800000 | avg_r:   194.498938 | e:   0.682700 | Q: 701.475403 | won: False 
# 1885 | steps_t:  6347 | t: 343.198591 | r:  -343.000000 | avg_r:   194.213793 | e:   0.682650 | Q: 371.236664 | won: False 
# 1886 | steps_t:  6350 | t: 343.359208 | r:   461.600000 | avg_r:   194.355567 | e:   0.682500 | Q: 577.450928 | won: False 
# 1887 | steps_t:  6351 | t: 343.415114 | r:  -166.000000 | avg_r:   194.164600 | e:   0.682450 | Q: 616.190125 | won: False 
# 1888 | steps_t:  6353 | t: 343.528391 | r:  -392.000000 | avg_r:   193.854131 | e:   0.682350 | Q:        nan | won: False 
# 1889 | steps_t:  6354 | t: 343.582143 | r:  -106.000000 | avg_r:   193.695394 | e:   0.682300 | Q: 470.414429 | won: False 
# 1890 | steps_t:  6364 | t: 344.142341 | r:  1231.800000 | avg_r:   194.244656 | e:   0.681800 | Q: 1082.384399 | won: False 
# 1891 | steps_t:  6365 | t: 344.200113 | r:  -132.800000 | avg_r:   194.071708 | e:   0.681750 | Q: 630.612366 | won: False 
# 1892 | steps_t:  6376 | t: 344.813381 | r:  1152.400000 | avg_r:   194.578224 | e:   0.681200 | Q: 1074.903931 | won: False 
# 1893 | steps_t:  6387 | t: 345.416756 | r:  1065.400000 | avg_r:   195.038246 | e:   0.680650 | Q: 1094.808716 | won: False 
# 1894 | steps_t:  6388 | t: 345.474183 | r:   580.200000 | avg_r:   195.241605 | e:   0.680600 | Q: 995.520386 | won: False 
# 1895 | steps_t:  6389 | t: 345.533587 | r:  -428.000000 | avg_r:   194.912718 | e:   0.680550 | Q: 478.931641 | won: False 
# 1896 | steps_t:  6393 | t: 345.753045 | r:  3135.200000 | avg_r:   196.463502 | e:   0.680350 | Q: 1140.090454 | won: True 
# 1897 | steps_t:  6396 | t: 345.937428 | r:    52.600000 | avg_r:   196.387665 | e:   0.680200 | Q: 571.080383 | won: False 
# 1898 | steps_t:  6396 | t: 345.937428 | r:  -369.000000 | avg_r:   196.089779 | e:   0.680200 | Q: 497.076904 | won: False 
# 1899 | steps_t:  6400 | t: 346.170943 | r:   940.400000 | avg_r:   196.481727 | e:   0.680000 | Q: 970.621277 | won: False 
# 1900 | steps_t:  6400 | t: 346.177317 | r:  -364.000000 | avg_r:   196.186737 | e:   0.680000 | Q: 438.332428 | won: False 
# 1901 | steps_t:  6401 | t: 346.238117 | r:   450.400000 | avg_r:   196.320463 | e:   0.679950 | Q: 760.504822 | won: False 
# 1902 | steps_t:  6403 | t: 346.349737 | r:   188.400000 | avg_r:   196.316299 | e:   0.679850 | Q: 654.459839 | won: False 
# 1903 | steps_t:  6404 | t: 346.416817 | r:   -89.000000 | avg_r:   196.166369 | e:   0.679800 | Q: 522.564453 | won: False 
# 1904 | steps_t:  6407 | t: 346.579923 | r:   695.600000 | avg_r:   196.428676 | e:   0.679650 | Q: 822.088745 | won: False 
# 1905 | steps_t:  6409 | t: 346.700459 | r:   379.400000 | avg_r:   196.524724 | e:   0.679550 | Q: 641.597473 | won: False 
# 1906 | steps_t:  6410 | t: 346.764823 | r:  -398.000000 | avg_r:   196.212802 | e:   0.679500 | Q: 439.506073 | won: False 
# 1907 | steps_t:  6414 | t: 346.984437 | r:   898.200000 | avg_r:   196.580912 | e:   0.679300 | Q: 1095.483521 | won: False 
# 1908 | steps_t:  6421 | t: 347.364632 | r:  1331.600000 | avg_r:   197.175786 | e:   0.678950 | Q: 911.033630 | won: False 
# 1909 | steps_t:  6423 | t: 347.480280 | r:   243.000000 | avg_r:   197.199790 | e:   0.678850 | Q: 851.376099 | won: False 
# 1910 | steps_t:  6424 | t: 347.536515 | r:    -1.000000 | avg_r:   197.096021 | e:   0.678800 | Q: 672.599487 | won: False 
# 1911 | steps_t:  6425 | t: 347.588256 | r:   204.600000 | avg_r:   197.099948 | e:   0.678750 | Q: 452.279541 | won: False 
# 1912 | steps_t:  6427 | t: 347.713220 | r:   162.400000 | avg_r:   197.081799 | e:   0.678650 | Q: 539.114929 | won: False 
# 1913 | steps_t:  6428 | t: 347.764852 | r:   183.800000 | avg_r:   197.074856 | e:   0.678600 | Q: 745.230896 | won: False 
# 1914 | steps_t:  6431 | t: 347.948418 | r:   996.800000 | avg_r:   197.492685 | e:   0.678450 | Q: 952.710327 | won: False 
# 1915 | steps_t:  6433 | t: 348.068641 | r:   390.000000 | avg_r:   197.593211 | e:   0.678350 | Q: 1011.742188 | won: False 
# 1916 | steps_t:  6434 | t: 348.134244 | r:   513.800000 | avg_r:   197.758246 | e:   0.678300 | Q: 460.938049 | won: False 
# 1917 | steps_t:  6436 | t: 348.241150 | r:   198.800000 | avg_r:   197.758790 | e:   0.678200 | Q: 600.139160 | won: False 
# 1918 | steps_t:  6437 | t: 348.298737 | r:   503.600000 | avg_r:   197.918248 | e:   0.678150 | Q: 582.341919 | won: False 
# 1919 | steps_t:  6438 | t: 348.351996 | r:  -362.000000 | avg_r:   197.626472 | e:   0.678100 | Q: 476.425323 | won: False 
# 1920 | steps_t:  6440 | t: 348.472869 | r:  -452.000000 | avg_r:   197.288125 | e:   0.678000 | Q: 462.287628 | won: False 
# 1921 | steps_t:  6441 | t: 348.526640 | r:   -77.800000 | avg_r:   197.144925 | e:   0.677950 | Q:        nan | won: False 
# 1922 | steps_t:  6447 | t: 348.862248 | r:  1205.000000 | avg_r:   197.669303 | e:   0.677650 | Q: 1015.313354 | won: False 
# 1923 | steps_t:  6451 | t: 349.076584 | r:   878.200000 | avg_r:   198.023193 | e:   0.677450 | Q: 1064.988281 | won: False 
# 1924 | steps_t:  6454 | t: 349.250964 | r:  1029.800000 | avg_r:   198.455509 | e:   0.677300 | Q: 985.846252 | won: False 
# 1925 | steps_t:  6461 | t: 349.640155 | r:  1248.200000 | avg_r:   199.000831 | e:   0.676950 | Q: 1017.643250 | won: False 
# 1926 | steps_t:  6464 | t: 349.816336 | r:  1198.000000 | avg_r:   199.519522 | e:   0.676800 | Q: 1051.081665 | won: False 
# 1927 | steps_t:  6465 | t: 349.866472 | r:   259.600000 | avg_r:   199.550701 | e:   0.676750 | Q: 672.547546 | won: False 
# 1928 | steps_t:  6471 | t: 350.214969 | r:   809.600000 | avg_r:   199.867116 | e:   0.676450 | Q: 1055.650024 | won: False 
# 1929 | steps_t:  6472 | t: 350.265601 | r:   246.600000 | avg_r:   199.891343 | e:   0.676400 | Q: 529.219727 | won: False 
# 1930 | steps_t:  6474 | t: 350.379316 | r:   485.200000 | avg_r:   200.039171 | e:   0.676300 | Q: 554.819580 | won: False 
# 1931 | steps_t:  6481 | t: 350.767292 | r:  1252.000000 | avg_r:   200.583946 | e:   0.675950 | Q: 1011.820923 | won: False 
# 1932 | steps_t:  6482 | t: 350.819724 | r:   -70.600000 | avg_r:   200.443582 | e:   0.675900 | Q: 395.303162 | won: False 
# 1933 | steps_t:  6483 | t: 350.881168 | r:  -394.000000 | avg_r:   200.136058 | e:   0.675850 | Q: 527.759766 | won: False 
# 1934 | steps_t:  6485 | t: 350.988616 | r:  -469.000000 | avg_r:   199.790072 | e:   0.675750 | Q: 531.704346 | won: False 
# 1935 | steps_t:  6486 | t: 351.048094 | r:   150.000000 | avg_r:   199.764341 | e:   0.675700 | Q: 1029.095581 | won: False 
# 1936 | steps_t:  6487 | t: 351.109474 | r:   -52.800000 | avg_r:   199.633884 | e:   0.675650 | Q: 451.490692 | won: False 
# 1937 | steps_t:  6487 | t: 351.116292 | r:  -392.000000 | avg_r:   199.328446 | e:   0.675650 | Q: 480.721069 | won: False 
# 1938 | steps_t:  6491 | t: 351.333419 | r:   389.800000 | avg_r:   199.426729 | e:   0.675450 | Q: 1018.008606 | won: False 
# 1939 | steps_t:  6496 | t: 351.602487 | r:  1296.400000 | avg_r:   199.992470 | e:   0.675200 | Q: 975.343567 | won: False 
# 1940 | steps_t:  6497 | t: 351.666920 | r:  -122.000000 | avg_r:   199.826495 | e:   0.675150 | Q: 593.082397 | won: False 
# 1941 | steps_t:  6499 | t: 351.777259 | r:   483.600000 | avg_r:   199.972694 | e:   0.675050 | Q: 863.401184 | won: False 
# 1942 | steps_t:  6510 | t: 352.382218 | r:  1116.800000 | avg_r:   200.444799 | e:   0.674500 | Q: 1009.799561 | won: False 
# 1943 | steps_t:  6513 | t: 352.535740 | r:   392.600000 | avg_r:   200.543695 | e:   0.674350 | Q: 582.970703 | won: False 
# 1944 | steps_t:  6514 | t: 352.600091 | r:  -136.800000 | avg_r:   200.370165 | e:   0.674300 | Q: 432.888519 | won: False 
# 1945 | steps_t:  6523 | t: 353.116316 | r:  1029.600000 | avg_r:   200.796504 | e:   0.673850 | Q: 987.548889 | won: False 
# 1946 | steps_t:  6525 | t: 353.224313 | r:  -125.000000 | avg_r:   200.629085 | e:   0.673750 | Q: 461.509979 | won: False 
# 1947 | steps_t:  6526 | t: 353.289917 | r:  -111.800000 | avg_r:   200.468618 | e:   0.673700 | Q: 467.901337 | won: False 
# 1948 | steps_t:  6528 | t: 353.401242 | r:   139.400000 | avg_r:   200.437269 | e:   0.673600 | Q: 501.048828 | won: False 
# 1949 | steps_t:  6530 | t: 353.528796 | r:    72.000000 | avg_r:   200.371370 | e:   0.673500 | Q: 441.477997 | won: False 
# 1950 | steps_t:  6532 | t: 353.646026 | r:   781.800000 | avg_r:   200.669538 | e:   0.673400 | Q: 892.246948 | won: False 
# 1951 | steps_t:  6534 | t: 353.762373 | r:   136.200000 | avg_r:   200.636494 | e:   0.673300 | Q: 601.600830 | won: False 
# 1952 | steps_t:  6539 | t: 354.052724 | r:   741.200000 | avg_r:   200.913422 | e:   0.673050 | Q: 893.981323 | won: False 
# 1953 | steps_t:  6543 | t: 354.271931 | r:   591.800000 | avg_r:   201.113569 | e:   0.672850 | Q: 770.741577 | won: False 
# 1954 | steps_t:  6545 | t: 354.379774 | r:   410.200000 | avg_r:   201.220573 | e:   0.672750 | Q: 598.919678 | won: False 
# 1955 | steps_t:  6547 | t: 354.500773 | r:   534.800000 | avg_r:   201.391202 | e:   0.672650 | Q: 718.014221 | won: False 
# 1956 | steps_t:  6549 | t: 354.617101 | r:   453.400000 | avg_r:   201.520041 | e:   0.672550 | Q: 679.122925 | won: False 
# 1957 | steps_t:  6552 | t: 354.783398 | r:   181.600000 | avg_r:   201.509862 | e:   0.672400 | Q: 552.821167 | won: False 
# 1958 | steps_t:  6553 | t: 354.850052 | r:   489.200000 | avg_r:   201.656793 | e:   0.672350 | Q: 587.223145 | won: False 
# 1959 | steps_t:  6554 | t: 354.916770 | r:   578.200000 | avg_r:   201.849005 | e:   0.672300 | Q: 611.555115 | won: False 
# 1960 | steps_t:  6555 | t: 354.983303 | r:   465.000000 | avg_r:   201.983265 | e:   0.672250 | Q: 943.123108 | won: False 
# 1961 | steps_t:  6556 | t: 355.032922 | r:   -65.800000 | avg_r:   201.846711 | e:   0.672200 | Q: 473.799744 | won: False 
# 1962 | steps_t:  6557 | t: 355.099633 | r:  -119.000000 | avg_r:   201.683180 | e:   0.672150 | Q: 452.150635 | won: False 
# 1963 | steps_t:  6559 | t: 355.202938 | r:  -103.000000 | avg_r:   201.527967 | e:   0.672050 | Q: 639.104431 | won: False 
# 1964 | steps_t:  6565 | t: 355.532305 | r:  1462.600000 | avg_r:   202.170061 | e:   0.671750 | Q: 1042.504028 | won: False 
# 1965 | steps_t:  6572 | t: 355.942156 | r:   928.800000 | avg_r:   202.539847 | e:   0.671400 | Q: 976.021851 | won: False 
# 1966 | steps_t:  6573 | t: 356.002627 | r:  -373.000000 | avg_r:   202.247101 | e:   0.671350 | Q: 462.205566 | won: False 
# 1967 | steps_t:  6573 | t: 356.010064 | r:  -128.000000 | avg_r:   202.079207 | e:   0.671350 | Q: 502.564880 | won: False 
# 1968 | steps_t:  6575 | t: 356.117013 | r:  -139.000000 | avg_r:   201.905894 | e:   0.671250 | Q: 765.869629 | won: False 
# 1969 | steps_t:  6582 | t: 356.498199 | r:   974.800000 | avg_r:   202.298426 | e:   0.670900 | Q: 1062.617554 | won: False 
# 1970 | steps_t:  6584 | t: 356.615727 | r:   111.400000 | avg_r:   202.252284 | e:   0.670800 | Q: 534.773376 | won: False 
# 1971 | steps_t:  6584 | t: 356.615727 | r:  -347.000000 | avg_r:   201.973617 | e:   0.670800 | Q: 535.151672 | won: False 
# 1972 | steps_t:  6587 | t: 356.794033 | r:   479.800000 | avg_r:   202.114503 | e:   0.670650 | Q: 661.103882 | won: False 
# 1973 | steps_t:  6589 | t: 356.911124 | r:   741.200000 | avg_r:   202.387734 | e:   0.670550 | Q: 886.034546 | won: False 
# 1974 | steps_t:  6591 | t: 357.030463 | r:   138.800000 | avg_r:   202.355522 | e:   0.670450 | Q: 502.671143 | won: False 
# 1975 | steps_t:  6595 | t: 357.241106 | r:   678.600000 | avg_r:   202.596658 | e:   0.670250 | Q: 853.191833 | won: False 
# 1976 | steps_t:  6596 | t: 357.300170 | r:  -366.000000 | avg_r:   202.308907 | e:   0.670200 | Q: 513.592224 | won: False 
# 1977 | steps_t:  6597 | t: 357.363455 | r:   227.200000 | avg_r:   202.321497 | e:   0.670150 | Q: 742.087708 | won: False 
# 1978 | steps_t:  6599 | t: 357.478381 | r:   268.800000 | avg_r:   202.355106 | e:   0.670050 | Q: 526.108032 | won: False 
# 1979 | steps_t:  6608 | t: 358.049494 | r:  3063.400000 | avg_r:   203.800808 | e:   0.669600 | Q: 961.739685 | won: True 
# 1980 | steps_t:  6614 | t: 358.416550 | r:   -26.200000 | avg_r:   203.684646 | e:   0.669300 | Q: 529.197021 | won: False 
# 1981 | steps_t:  6615 | t: 358.497078 | r:  -140.000000 | avg_r:   203.511156 | e:   0.669250 | Q: 443.648956 | won: False 
# 1982 | steps_t:  6616 | t: 358.558003 | r:   -89.800000 | avg_r:   203.363169 | e:   0.669200 | Q: 458.297058 | won: False 
# 1983 | steps_t:  6619 | t: 358.729394 | r:    72.800000 | avg_r:   203.297327 | e:   0.669050 | Q: 647.271973 | won: False 
# 1984 | steps_t:  6623 | t: 358.969009 | r:   992.400000 | avg_r:   203.695060 | e:   0.668850 | Q: 964.946228 | won: False 
# 1985 | steps_t:  6625 | t: 359.092166 | r:   110.400000 | avg_r:   203.648060 | e:   0.668750 | Q: 537.750183 | won: False 
# 1986 | steps_t:  6627 | t: 359.202450 | r:   470.000000 | avg_r:   203.782175 | e:   0.668650 | Q: 640.463623 | won: False 
# 1987 | steps_t:  6631 | t: 359.449292 | r:   648.600000 | avg_r:   204.006039 | e:   0.668450 | Q: 1046.310669 | won: False 
# 1988 | steps_t:  6632 | t: 359.512582 | r:    -1.000000 | avg_r:   203.902918 | e:   0.668400 | Q: 688.802368 | won: False 
# 1989 | steps_t:  6634 | t: 359.633433 | r:  -152.000000 | avg_r:   203.723982 | e:   0.668300 | Q: 706.226074 | won: False 
# 1990 | steps_t:  6637 | t: 359.803052 | r:   157.000000 | avg_r:   203.700503 | e:   0.668150 | Q: 600.517029 | won: False 
# 1991 | steps_t:  6638 | t: 359.874273 | r:   478.600000 | avg_r:   203.838574 | e:   0.668100 | Q: 701.102173 | won: False 
# 1992 | steps_t:  6639 | t: 359.944312 | r:  -161.000000 | avg_r:   203.655422 | e:   0.668050 | Q: 699.323242 | won: False 
# 1993 | steps_t:  6640 | t: 360.004745 | r:  -396.000000 | avg_r:   203.354541 | e:   0.668000 | Q: 552.131592 | won: False 
# 1994 | steps_t:  6641 | t: 360.066382 | r:  -397.000000 | avg_r:   203.053460 | e:   0.667950 | Q: 607.688477 | won: False 
# 1995 | steps_t:  6645 | t: 360.335904 | r:   938.600000 | avg_r:   203.422155 | e:   0.667750 | Q: 1238.209106 | won: False 
# 1996 | steps_t:  6647 | t: 360.465570 | r:   164.000000 | avg_r:   203.402405 | e:   0.667650 | Q: 992.872986 | won: False 
# 1997 | steps_t:  6650 | t: 360.664049 | r:  1315.400000 | avg_r:   203.959239 | e:   0.667500 | Q: 1178.979370 | won: False 
# 1998 | steps_t:  6652 | t: 360.782921 | r:   -92.200000 | avg_r:   203.811011 | e:   0.667400 | Q: 659.785950 | won: False 
# 1999 | steps_t:  6660 | t: 361.249926 | r:   -87.400000 | avg_r:   203.665333 | e:   0.667000 | Q: 674.993347 | won: False 
# 2000 | steps_t:  6662 | t: 361.367150 | r:   126.000000 | avg_r:   203.626500 | e:   0.666900 | Q: 522.737122 | won: False 
# 2001 | steps_t:  6665 | t: 361.549691 | r:   948.400000 | avg_r:   203.998701 | e:   0.666750 | Q: 906.644043 | won: False 
# 2002 | steps_t:  6669 | t: 361.804497 | r:  1606.600000 | avg_r:   204.699301 | e:   0.666550 | Q: 950.586548 | won: False 
# 2003 | steps_t:  6671 | t: 361.947109 | r:   439.000000 | avg_r:   204.816276 | e:   0.666450 | Q: 718.227051 | won: False 
# 2004 | steps_t:  6673 | t: 362.083289 | r:   579.800000 | avg_r:   205.003393 | e:   0.666350 | Q: 547.585999 | won: False 
# 2005 | steps_t:  6685 | t: 362.843144 | r:  1069.600000 | avg_r:   205.434613 | e:   0.665750 | Q: 1059.032227 | won: False 
# 2006 | steps_t:  6688 | t: 363.027965 | r:   729.400000 | avg_r:   205.695813 | e:   0.665600 | Q: 607.296204 | won: False 
# 2007 | steps_t:  6690 | t: 363.162905 | r:  1278.000000 | avg_r:   206.230095 | e:   0.665500 | Q: 965.349060 | won: False 
# 2008 | steps_t:  6691 | t: 363.231014 | r:   -83.000000 | avg_r:   206.086056 | e:   0.665450 | Q: 520.424072 | won: False 
# 2009 | steps_t:  6696 | t: 363.557988 | r:  1277.600000 | avg_r:   206.619413 | e:   0.665200 | Q: 1049.123657 | won: False 
# 2010 | steps_t:  6699 | t: 363.760607 | r:   397.800000 | avg_r:   206.714527 | e:   0.665050 | Q: 554.255005 | won: False 
# 2011 | steps_t:  6711 | t: 364.495807 | r:   600.400000 | avg_r:   206.910293 | e:   0.664450 | Q: 972.593140 | won: False 
# 2012 | steps_t:  6714 | t: 364.693603 | r:   708.200000 | avg_r:   207.159443 | e:   0.664300 | Q: 1007.535889 | won: False 
# 2013 | steps_t:  6716 | t: 364.819844 | r:   -65.200000 | avg_r:   207.024143 | e:   0.664200 | Q: 660.584595 | won: False 
# 2014 | steps_t:  6717 | t: 364.883338 | r:  -376.000000 | avg_r:   206.734657 | e:   0.664150 | Q: 560.601257 | won: False 
# 2015 | steps_t:  6720 | t: 365.084190 | r:   694.200000 | avg_r:   206.976576 | e:   0.664000 | Q: 1009.323608 | won: False 
# 2016 | steps_t:  6725 | t: 365.382915 | r:   560.200000 | avg_r:   207.151786 | e:   0.663750 | Q: 812.887634 | won: False 
# 2017 | steps_t:  6729 | t: 365.650820 | r:   394.000000 | avg_r:   207.244422 | e:   0.663550 | Q: 798.589294 | won: False 
# 2018 | steps_t:  6734 | t: 365.967983 | r:   329.000000 | avg_r:   207.304757 | e:   0.663300 | Q: 654.906067 | won: False 
# 2019 | steps_t:  6735 | t: 366.034360 | r:   -99.200000 | avg_r:   207.152947 | e:   0.663250 | Q: 509.944336 | won: False 
# 2020 | steps_t:  6737 | t: 366.152905 | r:   -88.000000 | avg_r:   207.006832 | e:   0.663150 | Q: 498.439819 | won: False 
# 2021 | steps_t:  6741 | t: 366.440426 | r:   994.400000 | avg_r:   207.396437 | e:   0.662950 | Q: 931.491821 | won: False 
# 2022 | steps_t:  6749 | t: 366.932138 | r:  1008.600000 | avg_r:   207.792681 | e:   0.662550 | Q: 1075.659302 | won: False 
# 2023 | steps_t:  6753 | t: 367.197355 | r:   303.000000 | avg_r:   207.839743 | e:   0.662350 | Q: 624.369263 | won: False 
# 2024 | steps_t:  6757 | t: 367.453091 | r:   648.000000 | avg_r:   208.057213 | e:   0.662150 | Q: 1104.494141 | won: False 
# 2025 | steps_t:  6758 | t: 367.518255 | r:  -389.000000 | avg_r:   207.762370 | e:   0.662100 | Q: 552.578552 | won: False 
# 2026 | steps_t:  6760 | t: 367.646745 | r:   508.600000 | avg_r:   207.910859 | e:   0.662000 | Q: 852.945007 | won: False 
# 2027 | steps_t:  6770 | t: 368.266546 | r:  3014.600000 | avg_r:   209.295511 | e:   0.661500 | Q: 1119.459106 | won: True 
# 2028 | steps_t:  6773 | t: 368.450217 | r:  1081.000000 | avg_r:   209.725345 | e:   0.661350 | Q: 863.314087 | won: False 
# 2029 | steps_t:  6775 | t: 368.568151 | r:   143.000000 | avg_r:   209.692459 | e:   0.661250 | Q: 554.661743 | won: False 
# 2030 | steps_t:  6776 | t: 368.632792 | r:   504.000000 | avg_r:   209.837438 | e:   0.661200 | Q: 599.985596 | won: False 
# 2031 | steps_t:  6778 | t: 368.749773 | r:   495.000000 | avg_r:   209.977843 | e:   0.661100 | Q: 726.602966 | won: False 
# 2032 | steps_t:  6780 | t: 368.869168 | r:  -394.000000 | avg_r:   209.680610 | e:   0.661000 | Q: 407.595367 | won: False 
# 2033 | steps_t:  6784 | t: 369.110227 | r:   589.000000 | avg_r:   209.867191 | e:   0.660800 | Q: 831.281616 | won: False 
# 2034 | steps_t:  6784 | t: 369.122602 | r:   504.400000 | avg_r:   210.011996 | e:   0.660800 | Q: 568.988586 | won: False 
# 2035 | steps_t:  6785 | t: 369.182353 | r:   203.200000 | avg_r:   210.008649 | e:   0.660750 | Q: 532.228699 | won: False 
# 2036 | steps_t:  6789 | t: 369.433995 | r:   605.400000 | avg_r:   210.202849 | e:   0.660550 | Q: 990.191956 | won: False 
# 2037 | steps_t:  6790 | t: 369.500377 | r:   255.600000 | avg_r:   210.225135 | e:   0.660500 | Q: 793.775391 | won: False 
# 2038 | steps_t:  6791 | t: 369.557666 | r:   -55.600000 | avg_r:   210.094701 | e:   0.660450 | Q: 488.868958 | won: False 
# 2039 | steps_t:  6795 | t: 369.799025 | r:   430.000000 | avg_r:   210.202550 | e:   0.660250 | Q: 724.748718 | won: False 
# 2040 | steps_t:  6797 | t: 369.920076 | r:   185.000000 | avg_r:   210.190196 | e:   0.660150 | Q: 521.418213 | won: False 
# 2041 | steps_t:  6809 | t: 370.667082 | r:  1196.800000 | avg_r:   210.673591 | e:   0.659550 | Q: 1109.657959 | won: False 
# 2042 | steps_t:  6809 | t: 370.674534 | r:  -347.000000 | avg_r:   210.400490 | e:   0.659550 | Q: 567.217285 | won: False 
# 2043 | steps_t:  6816 | t: 371.108693 | r:  1110.000000 | avg_r:   210.840822 | e:   0.659200 | Q: 1060.297852 | won: False 
# 2044 | steps_t:  6818 | t: 371.252750 | r:   734.800000 | avg_r:   211.097162 | e:   0.659100 | Q: 736.217957 | won: False 
# 2045 | steps_t:  6822 | t: 371.499807 | r:   964.600000 | avg_r:   211.465623 | e:   0.658900 | Q: 919.943481 | won: False 
# 2046 | steps_t:  6830 | t: 371.996139 | r:  1484.600000 | avg_r:   212.087879 | e:   0.658500 | Q: 983.081726 | won: False 
# 2047 | steps_t:  6831 | t: 372.057644 | r:  -412.000000 | avg_r:   211.783000 | e:   0.658450 | Q: 475.525024 | won: False 
# 2048 | steps_t:  6833 | t: 372.175217 | r:  -112.600000 | avg_r:   211.624609 | e:   0.658350 | Q: 444.511200 | won: False 
# 2049 | steps_t:  6836 | t: 372.349099 | r:  1056.400000 | avg_r:   212.036896 | e:   0.658200 | Q: 700.046753 | won: False 
# 2050 | steps_t:  6838 | t: 372.467595 | r:   -87.800000 | avg_r:   211.890634 | e:   0.658100 | Q: 473.437958 | won: False 
# 2051 | steps_t:  6845 | t: 372.906749 | r:  1464.400000 | avg_r:   212.501316 | e:   0.657750 | Q: 1033.423340 | won: False 
# 2052 | steps_t:  6848 | t: 373.095329 | r:   162.000000 | avg_r:   212.476706 | e:   0.657600 | Q: 586.614563 | won: False 
# 2053 | steps_t:  6854 | t: 373.451626 | r:   476.000000 | avg_r:   212.605066 | e:   0.657300 | Q: 651.158325 | won: False 
# 2054 | steps_t:  6858 | t: 373.694741 | r:   132.200000 | avg_r:   212.565920 | e:   0.657100 | Q: 576.520203 | won: False 
# 2055 | steps_t:  6859 | t: 373.761918 | r:  -103.000000 | avg_r:   212.412360 | e:   0.657050 | Q: 509.783997 | won: False 
# 2056 | steps_t:  6861 | t: 373.884436 | r:   954.000000 | avg_r:   212.773054 | e:   0.656950 | Q: 933.368103 | won: False 
# 2057 | steps_t:  6864 | t: 374.059326 | r:  -536.000000 | avg_r:   212.409042 | e:   0.656800 | Q: 472.521912 | won: False 
# 2058 | steps_t:  6877 | t: 374.865523 | r:  1040.800000 | avg_r:   212.811565 | e:   0.656150 | Q: 1078.289062 | won: False 
# 2059 | steps_t:  6883 | t: 375.231282 | r:   513.600000 | avg_r:   212.957649 | e:   0.655850 | Q: 1014.224609 | won: False 
# 2060 | steps_t:  6888 | t: 375.533499 | r:  1287.200000 | avg_r:   213.479126 | e:   0.655600 | Q: 1036.431030 | won: False 
# 2061 | steps_t:  6894 | t: 375.906260 | r:  3096.000000 | avg_r:   214.877729 | e:   0.655300 | Q: 1061.421631 | won: True 
# 2062 | steps_t:  6896 | t: 376.032142 | r:   636.000000 | avg_r:   215.081959 | e:   0.655200 | Q: 1012.072144 | won: False 
# 2063 | steps_t:  6898 | t: 376.165427 | r:   168.800000 | avg_r:   215.059525 | e:   0.655100 | Q: 995.257874 | won: False 
# 2064 | steps_t:  6899 | t: 376.216440 | r:  -394.000000 | avg_r:   214.764438 | e:   0.655050 | Q: 523.736084 | won: False 
# 2065 | steps_t:  6902 | t: 376.403920 | r:   728.400000 | avg_r:   215.013172 | e:   0.654900 | Q: 788.323914 | won: False 
# 2066 | steps_t:  6904 | t: 376.533510 | r:   516.000000 | avg_r:   215.158858 | e:   0.654800 | Q: 856.203491 | won: False 
# 2067 | steps_t:  6905 | t: 376.598799 | r:   450.000000 | avg_r:   215.272472 | e:   0.654750 | Q: 719.974854 | won: False 
# 2068 | steps_t:  6915 | t: 377.198140 | r:  1192.800000 | avg_r:   215.745164 | e:   0.654250 | Q: 1187.437622 | won: False 
# 2069 | steps_t:  6918 | t: 377.382025 | r:  1278.800000 | avg_r:   216.258966 | e:   0.654100 | Q: 1097.641968 | won: False 
# 2070 | steps_t:  6919 | t: 377.449008 | r:   125.200000 | avg_r:   216.214976 | e:   0.654050 | Q: 594.578430 | won: False 
# 2071 | steps_t:  6920 | t: 377.501963 | r:   -77.600000 | avg_r:   216.073105 | e:   0.654000 | Q: 650.157959 | won: False 
# 2072 | steps_t:  6921 | t: 377.582631 | r:  -374.000000 | avg_r:   215.788320 | e:   0.653950 | Q: 564.738464 | won: False 
# 2073 | steps_t:  6923 | t: 377.699027 | r:   159.600000 | avg_r:   215.761216 | e:   0.653850 | Q: 842.768677 | won: False 
# 2074 | steps_t:  6925 | t: 377.832037 | r:   695.600000 | avg_r:   215.992575 | e:   0.653750 | Q: 1095.689209 | won: False 
# 2075 | steps_t:  6925 | t: 377.832037 | r:   -94.000000 | avg_r:   215.843181 | e:   0.653750 | Q: 694.775574 | won: False 
# 2076 | steps_t:  6927 | t: 377.949420 | r:  -372.000000 | avg_r:   215.560019 | e:   0.653650 | Q: 629.882935 | won: False 
# 2077 | steps_t:  6932 | t: 378.265922 | r:   952.800000 | avg_r:   215.914974 | e:   0.653400 | Q: 1180.942993 | won: False 
# 2078 | steps_t:  6934 | t: 378.384454 | r:    61.000000 | avg_r:   215.840423 | e:   0.653300 | Q: 1069.137451 | won: False 
# 2079 | steps_t:  6935 | t: 378.449334 | r:   209.600000 | avg_r:   215.837422 | e:   0.653250 | Q: 659.328735 | won: False 
# 2080 | steps_t:  6936 | t: 378.515727 | r:   244.000000 | avg_r:   215.850962 | e:   0.653200 | Q: 684.585205 | won: False 
# 2081 | steps_t:  6939 | t: 378.699306 | r:   435.400000 | avg_r:   215.956463 | e:   0.653050 | Q: 1170.059570 | won: False 
# 2082 | steps_t:  6940 | t: 378.749083 | r:   -79.600000 | avg_r:   215.814505 | e:   0.653000 | Q: 698.057373 | won: False 
# 2083 | steps_t:  6946 | t: 379.115303 | r:   860.000000 | avg_r:   216.123764 | e:   0.652700 | Q: 1049.861694 | won: False 
# 2084 | steps_t:  6948 | t: 379.219333 | r:   501.800000 | avg_r:   216.260845 | e:   0.652600 | Q: 908.899902 | won: False 
# 2085 | steps_t:  6949 | t: 379.282588 | r:  -122.800000 | avg_r:   216.098225 | e:   0.652550 | Q: 592.355713 | won: False 
# 2086 | steps_t:  6955 | t: 379.621202 | r:   358.400000 | avg_r:   216.166443 | e:   0.652250 | Q: 773.860657 | won: False 
# 2087 | steps_t:  6956 | t: 379.684170 | r:   164.600000 | avg_r:   216.141735 | e:   0.652200 | Q: 815.687195 | won: False 
# 2088 | steps_t:  6957 | t: 379.749897 | r:   560.200000 | avg_r:   216.306513 | e:   0.652150 | Q: 595.289368 | won: False 
# 2089 | steps_t:  6959 | t: 379.872094 | r:   418.000000 | avg_r:   216.403064 | e:   0.652050 | Q: 820.502563 | won: False 
# 2090 | steps_t:  6960 | t: 379.947609 | r:   164.000000 | avg_r:   216.377990 | e:   0.652000 | Q: 632.298645 | won: False 
# 2091 | steps_t:  6961 | t: 380.015263 | r:   801.600000 | avg_r:   216.657867 | e:   0.651950 | Q: 997.152344 | won: False 
# 2092 | steps_t:  6971 | t: 380.599976 | r:   845.600000 | avg_r:   216.958509 | e:   0.651450 | Q: 1034.764526 | won: False 
# 2093 | steps_t:  6973 | t: 380.721817 | r:   431.600000 | avg_r:   217.061061 | e:   0.651350 | Q: 596.533020 | won: False 
# 2094 | steps_t:  6976 | t: 380.905790 | r:   356.400000 | avg_r:   217.127603 | e:   0.651200 | Q: 646.730896 | won: False 
# 2095 | steps_t:  6979 | t: 381.082981 | r:   956.600000 | avg_r:   217.480573 | e:   0.651050 | Q: 866.478577 | won: False 
# 2096 | steps_t:  6983 | t: 381.315223 | r:   120.600000 | avg_r:   217.434351 | e:   0.650850 | Q: 602.745239 | won: False 
# 2097 | steps_t:  6984 | t: 381.367816 | r:   -21.600000 | avg_r:   217.320362 | e:   0.650800 | Q: 547.559326 | won: False 
# 2098 | steps_t:  6985 | t: 381.432244 | r:   -53.200000 | avg_r:   217.191420 | e:   0.650750 | Q: 529.919739 | won: False 
# 2099 | steps_t:  6986 | t: 381.498565 | r:   -90.800000 | avg_r:   217.044688 | e:   0.650700 | Q: 490.632233 | won: False 
# 2100 | steps_t:  6990 | t: 381.732252 | r:   398.000000 | avg_r:   217.130857 | e:   0.650500 | Q: 713.928162 | won: False 
# 2101 | steps_t:  6992 | t: 381.848932 | r:   185.400000 | avg_r:   217.115754 | e:   0.650400 | Q: 574.438660 | won: False 
# 2102 | steps_t:  6997 | t: 382.148519 | r:  1074.800000 | avg_r:   217.523787 | e:   0.650150 | Q: 1110.479736 | won: False 
# 2103 | steps_t:  6999 | t: 382.265497 | r:  -171.400000 | avg_r:   217.338849 | e:   0.650050 | Q: 505.217773 | won: False 
# 2104 | steps_t:  7001 | t: 382.378792 | r:  -181.400000 | avg_r:   217.149335 | e:   0.649950 | Q: 774.160828 | won: False 
# 2105 | steps_t:  7021 | t: 383.638127 | r:   493.200000 | avg_r:   217.280475 | e:   0.648950 | Q: 1094.629272 | won: False 
# 2106 | steps_t:  7023 | t: 383.768330 | r:   863.800000 | avg_r:   217.587464 | e:   0.648850 | Q: 705.816345 | won: False 
# 2107 | steps_t:  7024 | t: 383.832968 | r:   -86.200000 | avg_r:   217.443284 | e:   0.648800 | Q: 486.995605 | won: False 
# 2108 | steps_t:  7026 | t: 383.948883 | r:   538.200000 | avg_r:   217.595446 | e:   0.648700 | Q: 565.921204 | won: False 
# 2109 | steps_t:  7027 | t: 384.015507 | r:   193.800000 | avg_r:   217.584163 | e:   0.648650 | Q: 469.557037 | won: False 
# 2110 | steps_t:  7028 | t: 384.086081 | r:   277.200000 | avg_r:   217.612417 | e:   0.648600 | Q: 524.913513 | won: False 
# 2111 | steps_t:  7034 | t: 384.453084 | r:   611.600000 | avg_r:   217.799053 | e:   0.648300 | Q: 906.659790 | won: False 
# 2112 | steps_t:  7036 | t: 384.583995 | r:  -127.800000 | avg_r:   217.635417 | e:   0.648200 | Q: 446.674194 | won: False 
# 2113 | steps_t:  7039 | t: 384.776962 | r:   932.400000 | avg_r:   217.973687 | e:   0.648050 | Q: 899.027649 | won: False 
# 2114 | steps_t:  7044 | t: 385.065875 | r:  3062.800000 | avg_r:   219.319395 | e:   0.647800 | Q: 866.914246 | won: True 
# 2115 | steps_t:  7051 | t: 385.515051 | r:  1279.000000 | avg_r:   219.820426 | e:   0.647450 | Q: 1006.383057 | won: False 
# 2116 | steps_t:  7052 | t: 385.584429 | r:   -93.000000 | avg_r:   219.672590 | e:   0.647400 | Q: 506.925140 | won: False 
# 2117 | steps_t:  7053 | t: 385.646441 | r:   -80.400000 | avg_r:   219.530846 | e:   0.647350 | Q: 345.098358 | won: False 
# 2118 | steps_t:  7055 | t: 385.765527 | r:  -365.000000 | avg_r:   219.254863 | e:   0.647250 | Q: 467.230347 | won: False 
# 2119 | steps_t:  7058 | t: 385.948798 | r:   713.000000 | avg_r:   219.487872 | e:   0.647100 | Q: 661.252258 | won: False 
# 2120 | steps_t:  7059 | t: 386.022182 | r:  -110.800000 | avg_r:   219.332075 | e:   0.647050 | Q: 461.732025 | won: False 
# 2121 | steps_t:  7063 | t: 386.267570 | r:  1324.800000 | avg_r:   219.853277 | e:   0.646850 | Q: 910.418701 | won: False 
# 2122 | steps_t:  7070 | t: 386.715006 | r:  1475.800000 | avg_r:   220.445146 | e:   0.646500 | Q: 1037.387329 | won: False 
# 2123 | steps_t:  7073 | t: 386.903012 | r:   772.400000 | avg_r:   220.705134 | e:   0.646350 | Q: 801.047852 | won: False 
# 2124 | steps_t:  7074 | t: 386.970601 | r:  -389.000000 | avg_r:   220.418079 | e:   0.646300 | Q: 522.927307 | won: False 
# 2125 | steps_t:  7076 | t: 387.101053 | r:   118.000000 | avg_r:   220.369882 | e:   0.646200 | Q: 758.232056 | won: False 
# 2126 | steps_t:  7077 | t: 387.151133 | r:   160.400000 | avg_r:   220.341675 | e:   0.646150 | Q: 523.969543 | won: False 
# 2127 | steps_t:  7080 | t: 387.348692 | r:  3250.200000 | avg_r:   221.766150 | e:   0.646000 | Q: 952.900635 | won: True 
# 2128 | steps_t:  7082 | t: 387.482697 | r:   441.800000 | avg_r:   221.869549 | e:   0.645900 | Q: 648.584045 | won: False 
# 2129 | steps_t:  7084 | t: 387.601397 | r:  -438.000000 | avg_r:   221.559605 | e:   0.645800 | Q: 451.456726 | won: False 
# 2130 | steps_t:  7099 | t: 388.731961 | r:  1380.400000 | avg_r:   222.103662 | e:   0.645050 | Q: 1142.544189 | won: False 
# 2131 | steps_t:  7101 | t: 388.865510 | r:   490.800000 | avg_r:   222.229751 | e:   0.644950 | Q: 1057.367310 | won: False 
# 2132 | steps_t:  7109 | t: 389.351707 | r:  1417.000000 | avg_r:   222.790150 | e:   0.644550 | Q: 1022.037109 | won: False 
# 2133 | steps_t:  7117 | t: 389.848617 | r:   784.600000 | avg_r:   223.053540 | e:   0.644150 | Q: 1075.507080 | won: False 
# 2134 | steps_t:  7120 | t: 390.040429 | r:  1019.000000 | avg_r:   223.426523 | e:   0.644000 | Q: 1012.860291 | won: False 
# 2135 | steps_t:  7124 | t: 390.281908 | r:  1040.400000 | avg_r:   223.809180 | e:   0.643800 | Q: 1036.811890 | won: False 
# 2136 | steps_t:  7125 | t: 390.347359 | r:   -37.600000 | avg_r:   223.686798 | e:   0.643750 | Q:        nan | won: False 
# 2137 | steps_t:  7127 | t: 390.465439 | r:   294.400000 | avg_r:   223.719888 | e:   0.643650 | Q: 654.529968 | won: False 
# 2138 | steps_t:  7128 | t: 390.536151 | r:   793.800000 | avg_r:   223.986529 | e:   0.643600 | Q: 750.861023 | won: False 
# 2139 | steps_t:  7130 | t: 390.665249 | r:   218.000000 | avg_r:   223.983731 | e:   0.643500 | Q: 556.915710 | won: False 
# 2140 | steps_t:  7135 | t: 390.998510 | r:  1394.400000 | avg_r:   224.530654 | e:   0.643250 | Q: 1030.328735 | won: False 
# 2141 | steps_t:  7135 | t: 390.998510 | r:  -112.000000 | avg_r:   224.373470 | e:   0.643250 | Q: 407.017395 | won: False 
# 2142 | steps_t:  7137 | t: 391.134012 | r:   408.600000 | avg_r:   224.459477 | e:   0.643150 | Q: 583.208679 | won: False 
# 2143 | steps_t:  7139 | t: 391.253042 | r:   783.400000 | avg_r:   224.720299 | e:   0.643050 | Q: 930.686829 | won: False 
# 2144 | steps_t:  7144 | t: 391.553215 | r:   670.400000 | avg_r:   224.928172 | e:   0.642800 | Q: 957.866577 | won: False 
# 2145 | steps_t:  7148 | t: 391.800793 | r:  1199.800000 | avg_r:   225.382657 | e:   0.642600 | Q: 1028.102905 | won: False 
# 2146 | steps_t:  7151 | t: 391.968931 | r:   100.200000 | avg_r:   225.324324 | e:   0.642450 | Q: 512.942871 | won: False 
# 2147 | steps_t:  7156 | t: 392.248662 | r:  1289.400000 | avg_r:   225.819935 | e:   0.642200 | Q: 1010.239563 | won: False 
# 2148 | steps_t:  7168 | t: 392.931881 | r:  1239.600000 | avg_r:   226.291899 | e:   0.641600 | Q: 1133.140381 | won: False 
# 2149 | steps_t:  7172 | t: 393.165143 | r:   420.600000 | avg_r:   226.382317 | e:   0.641400 | Q: 751.438110 | won: False 
# 2150 | steps_t:  7173 | t: 393.215036 | r:   -98.800000 | avg_r:   226.231070 | e:   0.641350 | Q: 561.974121 | won: False 
# 2151 | steps_t:  7174 | t: 393.281825 | r:   -51.800000 | avg_r:   226.101813 | e:   0.641300 | Q: 540.536011 | won: False 
# 2152 | steps_t:  7177 | t: 393.448481 | r:   649.200000 | avg_r:   226.298420 | e:   0.641150 | Q: 1099.336792 | won: False 
# 2153 | steps_t:  7180 | t: 393.624249 | r:  1341.600000 | avg_r:   226.816442 | e:   0.641000 | Q: 1139.167969 | won: False 
# 2154 | steps_t:  7182 | t: 393.731872 | r:  -147.200000 | avg_r:   226.642804 | e:   0.640900 | Q: 693.147827 | won: False 
# 2155 | steps_t:  7185 | t: 393.901843 | r:   339.400000 | avg_r:   226.695128 | e:   0.640750 | Q: 1090.704224 | won: False 
# 2156 | steps_t:  7186 | t: 393.965806 | r:   281.000000 | avg_r:   226.720315 | e:   0.640700 | Q: 676.733643 | won: False 
# 2157 | steps_t:  7186 | t: 393.981371 | r:  -372.000000 | avg_r:   226.442745 | e:   0.640700 | Q: 618.454895 | won: False 
# 2158 | steps_t:  7188 | t: 394.081731 | r:   160.400000 | avg_r:   226.412141 | e:   0.640600 | Q: 625.294983 | won: False 
# 2159 | steps_t:  7190 | t: 394.198459 | r:   173.600000 | avg_r:   226.387679 | e:   0.640500 | Q: 619.239929 | won: False 
# 2160 | steps_t:  7194 | t: 394.432378 | r:  1140.800000 | avg_r:   226.811019 | e:   0.640300 | Q: 1040.175415 | won: False 
# 2161 | steps_t:  7196 | t: 394.534306 | r:   265.600000 | avg_r:   226.828968 | e:   0.640200 | Q: 607.199463 | won: False 
# 2162 | steps_t:  7202 | t: 394.881735 | r:  1219.200000 | avg_r:   227.287974 | e:   0.639900 | Q: 957.573425 | won: False 
# 2163 | steps_t:  7204 | t: 394.998417 | r:   -80.200000 | avg_r:   227.145816 | e:   0.639800 | Q: 518.600098 | won: False 
# 2164 | steps_t:  7208 | t: 395.279639 | r:  1576.000000 | avg_r:   227.769131 | e:   0.639600 | Q: 919.163818 | won: False 
# 2165 | steps_t:  7211 | t: 395.469989 | r:   674.600000 | avg_r:   227.975520 | e:   0.639450 | Q: 741.118286 | won: False 
# 2166 | steps_t:  7225 | t: 396.365059 | r:   862.600000 | avg_r:   228.268513 | e:   0.638750 | Q: 1018.769470 | won: False 
# 2167 | steps_t:  7229 | t: 396.614601 | r:   672.200000 | avg_r:   228.473373 | e:   0.638550 | Q: 866.065979 | won: False 
# 2168 | steps_t:  7230 | t: 396.667993 | r:  -109.000000 | avg_r:   228.317712 | e:   0.638500 | Q: 502.560516 | won: False 
# 2169 | steps_t:  7235 | t: 396.984697 | r:   560.000000 | avg_r:   228.470632 | e:   0.638250 | Q: 1055.788696 | won: False 
# 2170 | steps_t:  7236 | t: 397.065583 | r:   269.200000 | avg_r:   228.489401 | e:   0.638200 | Q: 546.654602 | won: False 
# 2171 | steps_t:  7237 | t: 397.131203 | r:   192.800000 | avg_r:   228.472962 | e:   0.638150 | Q: 563.234741 | won: False 
# 2172 | steps_t:  7238 | t: 397.183765 | r:   494.600000 | avg_r:   228.595488 | e:   0.638100 | Q: 571.678894 | won: False 
# 2173 | steps_t:  7240 | t: 397.331671 | r:   208.800000 | avg_r:   228.586378 | e:   0.638000 | Q: 811.591797 | won: False 
# 2174 | steps_t:  7244 | t: 397.581605 | r:   909.600000 | avg_r:   228.899632 | e:   0.637800 | Q: 1086.651367 | won: False 
# 2175 | steps_t:  7253 | t: 398.131576 | r:   736.000000 | avg_r:   229.132782 | e:   0.637350 | Q: 1200.793945 | won: False 
# 2176 | steps_t:  7254 | t: 398.198306 | r:  -384.000000 | avg_r:   228.851011 | e:   0.637300 | Q: 560.178284 | won: False 
# 2177 | steps_t:  7254 | t: 398.198306 | r:   -50.600000 | avg_r:   228.722646 | e:   0.637300 | Q: 593.117920 | won: False 
# 2178 | steps_t:  7258 | t: 398.448359 | r:  -198.800000 | avg_r:   228.526354 | e:   0.637100 | Q: 650.541382 | won: False 
# 2179 | steps_t:  7269 | t: 399.132652 | r:   631.000000 | avg_r:   228.711060 | e:   0.636550 | Q: 1135.235474 | won: False 
# 2180 | steps_t:  7270 | t: 399.202659 | r:   504.000000 | avg_r:   228.837339 | e:   0.636500 | Q: 615.312683 | won: False 
# 2181 | steps_t:  7272 | t: 399.321966 | r:  -397.000000 | avg_r:   228.550390 | e:   0.636400 | Q:        nan | won: False 
# 2182 | steps_t:  7276 | t: 399.572207 | r:   890.800000 | avg_r:   228.853896 | e:   0.636200 | Q: 953.679565 | won: False 
# 2183 | steps_t:  7277 | t: 399.636234 | r:  -358.000000 | avg_r:   228.585066 | e:   0.636150 | Q:        nan | won: False 
# 2184 | steps_t:  7278 | t: 399.695464 | r:  -109.000000 | avg_r:   228.430495 | e:   0.636100 | Q: 548.054443 | won: False 
# 2185 | steps_t:  7280 | t: 399.819933 | r:   146.800000 | avg_r:   228.393135 | e:   0.636000 | Q: 625.327881 | won: False 
# 2186 | steps_t:  7281 | t: 399.881129 | r:   214.800000 | avg_r:   228.386917 | e:   0.635950 | Q: 746.161438 | won: False 
# 2187 | steps_t:  7282 | t: 399.957470 | r:   -86.600000 | avg_r:   228.242890 | e:   0.635900 | Q: 588.822693 | won: False 
# 2188 | steps_t:  7285 | t: 400.133878 | r:   754.200000 | avg_r:   228.483272 | e:   0.635750 | Q: 899.122009 | won: False 
# 2189 | steps_t:  7286 | t: 400.198395 | r:   254.000000 | avg_r:   228.494929 | e:   0.635700 | Q: 611.865051 | won: False 
# 2190 | steps_t:  7297 | t: 400.900212 | r:   878.000000 | avg_r:   228.791507 | e:   0.635150 | Q: 1223.624023 | won: False 
# 2191 | steps_t:  7299 | t: 401.032318 | r:   126.800000 | avg_r:   228.744957 | e:   0.635050 | Q: 680.470459 | won: False 
# 2192 | steps_t:  7301 | t: 401.146529 | r:   124.400000 | avg_r:   228.697354 | e:   0.634950 | Q: 893.129639 | won: False 
# 2193 | steps_t:  7303 | t: 401.273316 | r:   746.800000 | avg_r:   228.933607 | e:   0.634850 | Q: 793.968079 | won: False 
# 2194 | steps_t:  7310 | t: 401.724001 | r:    72.000000 | avg_r:   228.862078 | e:   0.634500 | Q: 865.863525 | won: False 
# 2195 | steps_t:  7313 | t: 401.912865 | r:   452.800000 | avg_r:   228.964100 | e:   0.634350 | Q: 832.449463 | won: False 
# 2196 | steps_t:  7318 | t: 402.216329 | r:   281.600000 | avg_r:   228.988069 | e:   0.634100 | Q: 642.632507 | won: False 
# 2197 | steps_t:  7319 | t: 402.281054 | r:  -102.000000 | avg_r:   228.837415 | e:   0.634050 | Q: 588.367310 | won: False 
# 2198 | steps_t:  7329 | t: 402.913825 | r:  1094.000000 | avg_r:   229.231028 | e:   0.633550 | Q: 1002.887939 | won: False 
# 2199 | steps_t:  7332 | t: 403.090376 | r:   183.800000 | avg_r:   229.210368 | e:   0.633400 | Q: 557.059814 | won: False 
# 2200 | steps_t:  7333 | t: 403.157678 | r:   -26.000000 | avg_r:   229.094364 | e:   0.633350 | Q: 547.685852 | won: False 
# 2201 | steps_t:  7337 | t: 403.398690 | r:   660.000000 | avg_r:   229.290141 | e:   0.633150 | Q: 906.266235 | won: False 
# 2202 | steps_t:  7339 | t: 403.525196 | r:  -117.800000 | avg_r:   229.132516 | e:   0.633050 | Q: 543.115417 | won: False 
# 2203 | steps_t:  7340 | t: 403.591297 | r:  -124.000000 | avg_r:   228.972220 | e:   0.633000 | Q: 660.105286 | won: False 
# 2204 | steps_t:  7342 | t: 403.716489 | r:   220.600000 | avg_r:   228.968421 | e:   0.632900 | Q: 521.228760 | won: False 
# 2205 | steps_t:  7343 | t: 403.782436 | r:   -90.800000 | avg_r:   228.823401 | e:   0.632850 | Q: 519.135986 | won: False 
# 2206 | steps_t:  7349 | t: 404.141066 | r:   484.400000 | avg_r:   228.939257 | e:   0.632550 | Q: 987.450134 | won: False 
# 2207 | steps_t:  7350 | t: 404.214072 | r:  -152.600000 | avg_r:   228.766380 | e:   0.632500 | Q: 465.986877 | won: False 
# 2208 | steps_t:  7351 | t: 404.280985 | r:  -108.400000 | avg_r:   228.613678 | e:   0.632450 | Q: 602.155457 | won: False 
# 2209 | steps_t:  7353 | t: 404.403534 | r:   521.800000 | avg_r:   228.746401 | e:   0.632350 | Q: 610.039734 | won: False 
# 2210 | steps_t:  7354 | t: 404.472524 | r:   269.400000 | avg_r:   228.764796 | e:   0.632300 | Q: 749.282166 | won: False 
# 2211 | steps_t:  7359 | t: 404.775353 | r:   642.200000 | avg_r:   228.951787 | e:   0.632050 | Q: 667.658691 | won: False 
# 2212 | steps_t:  7363 | t: 405.026768 | r:  1074.800000 | avg_r:   229.334177 | e:   0.631850 | Q: 987.664124 | won: False 
# 2213 | steps_t:  7380 | t: 406.105246 | r:   892.000000 | avg_r:   229.633620 | e:   0.631000 | Q: 1107.056885 | won: False 
# 2214 | steps_t:  7381 | t: 406.168441 | r:   185.800000 | avg_r:   229.613821 | e:   0.630950 | Q: 687.836121 | won: False 
# 2215 | steps_t:  7385 | t: 406.418324 | r:   640.600000 | avg_r:   229.799368 | e:   0.630750 | Q: 1047.582397 | won: False 
# 2216 | steps_t:  7387 | t: 406.540746 | r:   491.600000 | avg_r:   229.917509 | e:   0.630650 | Q: 1030.426270 | won: False 
# 2217 | steps_t:  7389 | t: 406.667397 | r:  -141.600000 | avg_r:   229.749932 | e:   0.630550 | Q: 731.574280 | won: False 
# 2218 | steps_t:  7393 | t: 406.896619 | r:   338.600000 | avg_r:   229.799008 | e:   0.630350 | Q: 617.878418 | won: False 
# 2219 | steps_t:  7401 | t: 407.398244 | r:   836.400000 | avg_r:   230.072375 | e:   0.629950 | Q: 1107.853027 | won: False 
# 2220 | steps_t:  7402 | t: 407.466477 | r:   -97.800000 | avg_r:   229.924685 | e:   0.629900 | Q: 549.652527 | won: False 
# 2221 | steps_t:  7405 | t: 407.646091 | r:  1116.000000 | avg_r:   230.323638 | e:   0.629750 | Q: 923.894348 | won: False 
# 2222 | steps_t:  7407 | t: 407.774246 | r:   163.800000 | avg_r:   230.293699 | e:   0.629650 | Q: 611.952698 | won: False 
# 2223 | steps_t:  7408 | t: 407.830653 | r:   300.600000 | avg_r:   230.325326 | e:   0.629600 | Q:        nan | won: False 
# 2224 | steps_t:  7410 | t: 407.967585 | r:   679.800000 | avg_r:   230.527428 | e:   0.629500 | Q: 1040.583740 | won: False 
# 2225 | steps_t:  7412 | t: 408.082561 | r:   158.600000 | avg_r:   230.495101 | e:   0.629400 | Q: 553.499939 | won: False 
# 2226 | steps_t:  7413 | t: 408.145813 | r:   484.800000 | avg_r:   230.609344 | e:   0.629350 | Q: 587.851685 | won: False 
# 2227 | steps_t:  7424 | t: 408.827853 | r:  1361.400000 | avg_r:   231.117108 | e:   0.628800 | Q: 1047.231445 | won: False 
# 2228 | steps_t:  7428 | t: 409.060334 | r:   257.400000 | avg_r:   231.128905 | e:   0.628600 | Q: 784.084900 | won: False 
# 2229 | steps_t:  7429 | t: 409.116315 | r:   -92.800000 | avg_r:   230.983580 | e:   0.628550 | Q: 501.805420 | won: False 
# 2230 | steps_t:  7432 | t: 409.294400 | r:   996.600000 | avg_r:   231.326906 | e:   0.628400 | Q: 971.377197 | won: False 
# 2231 | steps_t:  7435 | t: 409.473120 | r:   755.800000 | avg_r:   231.561990 | e:   0.628250 | Q: 840.823730 | won: False 
# 2232 | steps_t:  7437 | t: 409.609413 | r:   814.800000 | avg_r:   231.823297 | e:   0.628150 | Q: 969.201233 | won: False 
# 2233 | steps_t:  7438 | t: 409.667035 | r:   203.800000 | avg_r:   231.810748 | e:   0.628100 | Q: 505.031433 | won: False 
# 2234 | steps_t:  7440 | t: 409.792808 | r:   771.400000 | avg_r:   232.052283 | e:   0.628000 | Q: 810.146545 | won: False 
# 2235 | steps_t:  7444 | t: 410.043659 | r:  1046.400000 | avg_r:   232.416644 | e:   0.627800 | Q: 937.466492 | won: False 
# 2236 | steps_t:  7446 | t: 410.162470 | r:   731.400000 | avg_r:   232.639803 | e:   0.627700 | Q: 911.771973 | won: False 
# 2237 | steps_t:  7450 | t: 410.412364 | r:   673.200000 | avg_r:   232.836746 | e:   0.627500 | Q: 846.069092 | won: False 
# 2238 | steps_t:  7453 | t: 410.596127 | r:   438.800000 | avg_r:   232.928776 | e:   0.627350 | Q: 761.741577 | won: False 
# 2239 | steps_t:  7457 | t: 410.833848 | r:   663.400000 | avg_r:   233.121036 | e:   0.627150 | Q: 1006.619629 | won: False 
# 2240 | steps_t:  7460 | t: 411.029028 | r:   397.000000 | avg_r:   233.194196 | e:   0.627000 | Q: 563.519531 | won: False 
# 2241 | steps_t:  7461 | t: 411.095354 | r:   173.200000 | avg_r:   233.167425 | e:   0.626950 | Q: 404.676819 | won: False 
# 2242 | steps_t:  7465 | t: 411.346101 | r:  1565.200000 | avg_r:   233.761552 | e:   0.626750 | Q: 1057.592041 | won: False 
# 2243 | steps_t:  7470 | t: 411.630352 | r:   935.800000 | avg_r:   234.074543 | e:   0.626500 | Q: 852.716675 | won: False 
# 2244 | steps_t:  7473 | t: 411.825315 | r:  1266.600000 | avg_r:   234.534670 | e:   0.626350 | Q: 1052.569092 | won: False 
# 2245 | steps_t:  7475 | t: 411.935601 | r:   709.800000 | avg_r:   234.746370 | e:   0.626250 | Q: 919.280518 | won: False 
# 2246 | steps_t:  7476 | t: 412.010684 | r:  -387.000000 | avg_r:   234.469546 | e:   0.626200 | Q: 503.874481 | won: False 
# 2247 | steps_t:  7479 | t: 412.181947 | r:   360.000000 | avg_r:   234.525412 | e:   0.626050 | Q: 689.517883 | won: False 
# 2248 | steps_t:  7481 | t: 412.297865 | r:  -105.600000 | avg_r:   234.374110 | e:   0.625950 | Q: 576.089355 | won: False 
# 2249 | steps_t:  7483 | t: 412.416567 | r:   417.400000 | avg_r:   234.455491 | e:   0.625850 | Q: 611.939636 | won: False 
# 2250 | steps_t:  7488 | t: 412.733357 | r:   636.600000 | avg_r:   234.634222 | e:   0.625600 | Q: 760.038635 | won: False 
# 2251 | steps_t:  7491 | t: 412.914157 | r:    84.800000 | avg_r:   234.567659 | e:   0.625450 | Q: 550.656982 | won: False 
# 2252 | steps_t:  7493 | t: 413.045551 | r:  -208.200000 | avg_r:   234.371048 | e:   0.625350 | Q: 514.183105 | won: False 
# 2253 | steps_t:  7496 | t: 413.223100 | r:   396.200000 | avg_r:   234.442876 | e:   0.625200 | Q: 641.705078 | won: False 
# 2254 | steps_t:  7497 | t: 413.294821 | r:   197.800000 | avg_r:   234.426619 | e:   0.625150 | Q: 795.758972 | won: False 
# 2255 | steps_t:  7504 | t: 413.751622 | r:  1188.200000 | avg_r:   234.849579 | e:   0.624800 | Q: 1081.430908 | won: False 
# 2256 | steps_t:  7506 | t: 413.860279 | r:  -154.800000 | avg_r:   234.676862 | e:   0.624700 | Q: 550.916260 | won: False 
# 2257 | steps_t:  7509 | t: 414.046971 | r:   140.200000 | avg_r:   234.635002 | e:   0.624550 | Q: 617.033936 | won: False 
# 2258 | steps_t:  7511 | t: 414.173947 | r:   257.600000 | avg_r:   234.645173 | e:   0.624450 | Q: 606.802673 | won: False 
# 2259 | steps_t:  7518 | t: 414.577962 | r:   874.200000 | avg_r:   234.928287 | e:   0.624100 | Q: 1025.665527 | won: False 
# 2260 | steps_t:  7519 | t: 414.646375 | r:   -78.600000 | avg_r:   234.789558 | e:   0.624050 | Q: 552.478333 | won: False 
# 2261 | steps_t:  7522 | t: 414.842012 | r:  1078.200000 | avg_r:   235.162583 | e:   0.623900 | Q: 1085.487183 | won: False 
# 2262 | steps_t:  7524 | t: 414.964559 | r:   155.800000 | avg_r:   235.127498 | e:   0.623800 | Q: 580.862549 | won: False 
# 2263 | steps_t:  7527 | t: 415.142139 | r:    79.200000 | avg_r:   235.058595 | e:   0.623650 | Q: 643.541443 | won: False 
# 2264 | steps_t:  7532 | t: 415.437265 | r:  1458.000000 | avg_r:   235.598763 | e:   0.623400 | Q: 1007.490906 | won: False 
# 2265 | steps_t:  7534 | t: 415.555000 | r:   -64.200000 | avg_r:   235.466402 | e:   0.623300 | Q: 511.474792 | won: False 
# 2266 | steps_t:  7537 | t: 415.739681 | r:   137.000000 | avg_r:   235.422948 | e:   0.623150 | Q: 599.402222 | won: False 
# 2267 | steps_t:  7539 | t: 415.858300 | r:   -88.800000 | avg_r:   235.279929 | e:   0.623050 | Q: 609.850464 | won: False 
# 2268 | steps_t:  7541 | t: 415.997032 | r:   696.200000 | avg_r:   235.483157 | e:   0.622950 | Q: 791.849304 | won: False 
# 2269 | steps_t:  7543 | t: 416.113669 | r:   159.800000 | avg_r:   235.449802 | e:   0.622850 | Q: 556.239807 | won: False 
# 2270 | steps_t:  7545 | t: 416.229084 | r:   154.200000 | avg_r:   235.414009 | e:   0.622750 | Q: 583.650513 | won: False 
# 2271 | steps_t:  7546 | t: 416.296916 | r:   523.600000 | avg_r:   235.540907 | e:   0.622700 | Q: 739.561218 | won: False 
# 2272 | steps_t:  7549 | t: 416.480078 | r:   697.200000 | avg_r:   235.744102 | e:   0.622550 | Q: 906.364685 | won: False 
# 2273 | steps_t:  7555 | t: 416.854686 | r:   517.200000 | avg_r:   235.867928 | e:   0.622250 | Q: 985.521790 | won: False 
# 2274 | steps_t:  7556 | t: 416.912324 | r:  -362.000000 | avg_r:   235.605013 | e:   0.622200 | Q: 564.935425 | won: False 
# 2275 | steps_t:  7558 | t: 417.029709 | r:   153.800000 | avg_r:   235.569055 | e:   0.622100 | Q: 556.631226 | won: False 
# 2276 | steps_t:  7558 | t: 417.045562 | r:  -375.000000 | avg_r:   235.300791 | e:   0.622100 | Q:        nan | won: False 
# 2277 | steps_t:  7564 | t: 417.402400 | r:   955.000000 | avg_r:   235.616864 | e:   0.621800 | Q: 968.767090 | won: False 
# 2278 | steps_t:  7566 | t: 417.526913 | r:   169.800000 | avg_r:   235.587972 | e:   0.621700 | Q: 499.556854 | won: False 
# 2279 | steps_t:  7568 | t: 417.630197 | r:  -122.200000 | avg_r:   235.430978 | e:   0.621600 | Q: 505.366821 | won: False 
# 2280 | steps_t:  7570 | t: 417.759769 | r:  -145.200000 | avg_r:   235.264035 | e:   0.621500 | Q: 456.161743 | won: False 
# 2281 | steps_t:  7573 | t: 417.950244 | r:  -183.600000 | avg_r:   235.080403 | e:   0.621350 | Q: 521.016113 | won: False 
# 2282 | steps_t:  7582 | t: 418.496223 | r:  1125.200000 | avg_r:   235.470465 | e:   0.620900 | Q: 1048.764648 | won: False 
# 2283 | steps_t:  7591 | t: 419.061641 | r:  3063.400000 | avg_r:   236.709155 | e:   0.620450 | Q: 1017.854675 | won: True 
# 2284 | steps_t:  7594 | t: 419.257469 | r:   781.600000 | avg_r:   236.947723 | e:   0.620300 | Q: 649.875244 | won: False 
# 2285 | steps_t:  7596 | t: 419.376325 | r:   158.600000 | avg_r:   236.913435 | e:   0.620200 | Q: 550.951538 | won: False 
# 2286 | steps_t:  7599 | t: 419.547070 | r:  1566.600000 | avg_r:   237.495101 | e:   0.620050 | Q: 1080.743164 | won: False 
# 2287 | steps_t:  7600 | t: 419.627976 | r:   189.600000 | avg_r:   237.474158 | e:   0.620000 | Q: 556.604431 | won: False 
# 2288 | steps_t:  7612 | t: 420.331260 | r:  1252.200000 | avg_r:   237.917657 | e:   0.619400 | Q: 1189.114380 | won: False 
# 2289 | steps_t:  7614 | t: 420.469191 | r:   461.600000 | avg_r:   238.015378 | e:   0.619300 | Q: 765.272583 | won: False 
# 2290 | steps_t:  7615 | t: 420.529191 | r:   226.400000 | avg_r:   238.010306 | e:   0.619250 | Q: 730.699890 | won: False 
# 2291 | steps_t:  7617 | t: 420.677074 | r:   139.600000 | avg_r:   237.967351 | e:   0.619150 | Q: 927.709778 | won: False 
# 2292 | steps_t:  7619 | t: 420.817692 | r:   637.600000 | avg_r:   238.141710 | e:   0.619050 | Q: 1096.466309 | won: False 
# 2293 | steps_t:  7620 | t: 420.877276 | r:   228.600000 | avg_r:   238.137549 | e:   0.619000 | Q: 692.394287 | won: False 
# 2294 | steps_t:  7621 | t: 420.956958 | r:   766.800000 | avg_r:   238.368003 | e:   0.618950 | Q: 744.831055 | won: False 
# 2295 | steps_t:  7624 | t: 421.127509 | r:  1036.800000 | avg_r:   238.715904 | e:   0.618800 | Q: 888.172668 | won: False 
# 2296 | steps_t:  7626 | t: 421.243565 | r:  -154.000000 | avg_r:   238.544861 | e:   0.618700 | Q: 619.214661 | won: False 
# 2297 | steps_t:  7630 | t: 421.498209 | r:   963.800000 | avg_r:   238.860601 | e:   0.618500 | Q: 1094.289795 | won: False 
# 2298 | steps_t:  7632 | t: 421.600397 | r:   -89.200000 | avg_r:   238.717842 | e:   0.618400 | Q: 573.061340 | won: False 
# 2299 | steps_t:  7633 | t: 421.662243 | r:  1011.400000 | avg_r:   239.053936 | e:   0.618350 | Q: 1025.164795 | won: False 
# 2300 | steps_t:  7635 | t: 421.781227 | r:   548.600000 | avg_r:   239.188522 | e:   0.618250 | Q: 642.047729 | won: False 
# 2301 | steps_t:  7637 | t: 421.905995 | r:   -94.800000 | avg_r:   239.043372 | e:   0.618150 | Q: 636.028687 | won: False 
# 2302 | steps_t:  7641 | t: 422.143901 | r:   628.200000 | avg_r:   239.212424 | e:   0.617950 | Q: 799.661133 | won: False 
# 2303 | steps_t:  7647 | t: 422.496385 | r:  1537.000000 | avg_r:   239.775944 | e:   0.617650 | Q: 1054.042847 | won: False 
# 2304 | steps_t:  7648 | t: 422.546650 | r:   189.600000 | avg_r:   239.754167 | e:   0.617600 | Q: 448.163574 | won: False 
# 2305 | steps_t:  7648 | t: 422.566461 | r:  -347.000000 | avg_r:   239.499610 | e:   0.617600 | Q: 525.604858 | won: False 
# 2306 | steps_t:  7652 | t: 422.801875 | r:    82.200000 | avg_r:   239.431396 | e:   0.617400 | Q: 564.710022 | won: False 
# 2307 | steps_t:  7653 | t: 422.864668 | r:  -128.000000 | avg_r:   239.272128 | e:   0.617350 | Q: 529.729675 | won: False 
# 2308 | steps_t:  7655 | t: 422.981493 | r:   -91.000000 | avg_r:   239.129029 | e:   0.617250 | Q: 467.934418 | won: False 
# 2309 | steps_t:  7662 | t: 423.394457 | r:  1364.600000 | avg_r:   239.616457 | e:   0.616900 | Q: 1016.234558 | won: False 
# 2310 | steps_t:  7664 | t: 423.529536 | r:   213.800000 | avg_r:   239.605281 | e:   0.616800 | Q: 570.413879 | won: False 
# 2311 | steps_t:  7665 | t: 423.597412 | r:   789.800000 | avg_r:   239.843358 | e:   0.616750 | Q: 840.542969 | won: False 
# 2312 | steps_t:  7667 | t: 423.710299 | r:   679.200000 | avg_r:   240.033391 | e:   0.616650 | Q: 1004.682495 | won: False 
# 2313 | steps_t:  7678 | t: 424.350724 | r:  2814.600000 | avg_r:   241.146476 | e:   0.616100 | Q: 1095.826660 | won: True 
# 2314 | steps_t:  7680 | t: 424.472588 | r:   590.000000 | avg_r:   241.297234 | e:   0.616000 | Q: 846.545837 | won: False 
# 2315 | steps_t:  7683 | t: 424.657445 | r:  1366.000000 | avg_r:   241.783067 | e:   0.615850 | Q: 1210.873413 | won: False 
# 2316 | steps_t:  7685 | t: 424.774229 | r:   -60.800000 | avg_r:   241.652418 | e:   0.615750 | Q: 680.801270 | won: False 
# 2317 | steps_t:  7697 | t: 425.486058 | r:   839.400000 | avg_r:   241.910401 | e:   0.615150 | Q: 1117.805786 | won: False 
# 2318 | steps_t:  7701 | t: 425.714263 | r:   883.600000 | avg_r:   242.187230 | e:   0.614950 | Q: 1074.844971 | won: False 
# 2319 | steps_t:  7707 | t: 426.076847 | r:  1148.000000 | avg_r:   242.577835 | e:   0.614650 | Q: 1093.137695 | won: False 
# 2320 | steps_t:  7711 | t: 426.307382 | r:   993.800000 | avg_r:   242.901638 | e:   0.614450 | Q: 896.035828 | won: False 
# 2321 | steps_t:  7712 | t: 426.378029 | r:   498.200000 | avg_r:   243.011633 | e:   0.614400 | Q: 647.429199 | won: False 
# 2322 | steps_t:  7713 | t: 426.434625 | r:   -44.800000 | avg_r:   242.887683 | e:   0.614350 | Q: 570.406921 | won: False 
# 2323 | steps_t:  7715 | t: 426.558518 | r:   464.400000 | avg_r:   242.983039 | e:   0.614250 | Q: 634.395813 | won: False 
# 2324 | steps_t:  7716 | t: 426.631135 | r:   -10.800000 | avg_r:   242.873838 | e:   0.614200 | Q: 576.851807 | won: False 
# 2325 | steps_t:  7718 | t: 426.751430 | r:   266.000000 | avg_r:   242.883785 | e:   0.614100 | Q: 586.451294 | won: False 
# 2326 | steps_t:  7724 | t: 427.115107 | r:  1103.000000 | avg_r:   243.253568 | e:   0.613800 | Q: 1096.300903 | won: False 
# 2327 | steps_t:  7729 | t: 427.432025 | r:  1572.000000 | avg_r:   243.824581 | e:   0.613550 | Q: 998.238586 | won: False 
# 2328 | steps_t:  7731 | t: 427.563344 | r:  -127.400000 | avg_r:   243.665120 | e:   0.613450 | Q: 595.369263 | won: False 
# 2329 | steps_t:  7736 | t: 427.869358 | r:   615.800000 | avg_r:   243.824903 | e:   0.613200 | Q: 771.370239 | won: False 
# 2330 | steps_t:  7737 | t: 427.934689 | r:   184.600000 | avg_r:   243.799485 | e:   0.613150 | Q: 610.602173 | won: False 
# 2331 | steps_t:  7743 | t: 428.314032 | r:  3076.600000 | avg_r:   245.014758 | e:   0.612850 | Q: 1048.787720 | won: True 
# 2332 | steps_t:  7747 | t: 428.563311 | r:  1304.800000 | avg_r:   245.469211 | e:   0.612650 | Q: 1028.754028 | won: False 
# 2333 | steps_t:  7749 | t: 428.680559 | r:   216.000000 | avg_r:   245.456580 | e:   0.612550 | Q: 513.722778 | won: False 
# 2334 | steps_t:  7750 | t: 428.747041 | r:  -152.000000 | avg_r:   245.286290 | e:   0.612500 | Q: 557.642151 | won: False 
# 2335 | steps_t:  7751 | t: 428.813259 | r:  -415.000000 | avg_r:   245.003512 | e:   0.612450 | Q: 592.004822 | won: False 
# 2336 | steps_t:  7755 | t: 429.057168 | r:   640.200000 | avg_r:   245.172688 | e:   0.612250 | Q: 943.083862 | won: False 
# 2337 | steps_t:  7757 | t: 429.167950 | r:   187.800000 | avg_r:   245.148139 | e:   0.612150 | Q: 740.012573 | won: False 
# 2338 | steps_t:  7768 | t: 429.752753 | r:  1219.400000 | avg_r:   245.564842 | e:   0.611600 | Q: 1221.106201 | won: False 
# 2339 | steps_t:  7777 | t: 430.258306 | r:  2895.200000 | avg_r:   246.697649 | e:   0.611150 | Q: 1166.292969 | won: True 
# 2340 | steps_t:  7778 | t: 430.311878 | r:  -376.000000 | avg_r:   246.431538 | e:   0.611100 | Q: 595.464966 | won: False 
# 2341 | steps_t:  7781 | t: 430.473373 | r:   543.000000 | avg_r:   246.558223 | e:   0.610950 | Q: 771.400391 | won: False 
# 2342 | steps_t:  7782 | t: 430.528869 | r:  -143.000000 | avg_r:   246.391887 | e:   0.610900 | Q: 507.323303 | won: False 
# 2343 | steps_t:  7783 | t: 430.588917 | r:   218.200000 | avg_r:   246.379855 | e:   0.610850 | Q: 681.206726 | won: False 
# 2344 | steps_t:  7785 | t: 430.708950 | r:   640.000000 | avg_r:   246.547782 | e:   0.610750 | Q: 860.460693 | won: False 
# 2345 | steps_t:  7788 | t: 430.886649 | r:   898.200000 | avg_r:   246.825672 | e:   0.610600 | Q: 991.176575 | won: False 
# 2346 | steps_t:  7790 | t: 430.982735 | r:   600.000000 | avg_r:   246.976215 | e:   0.610500 | Q: 631.654419 | won: False 
# 2347 | steps_t:  7791 | t: 431.048506 | r:  -141.000000 | avg_r:   246.810908 | e:   0.610450 | Q: 493.073242 | won: False 
# 2348 | steps_t:  7796 | t: 431.323608 | r:  1219.200000 | avg_r:   247.225043 | e:   0.610200 | Q: 1035.811890 | won: False 
# 2349 | steps_t:  7803 | t: 431.709991 | r:   471.400000 | avg_r:   247.320477 | e:   0.609850 | Q: 1081.762817 | won: False 
# 2350 | steps_t:  7807 | t: 431.930974 | r:   217.600000 | avg_r:   247.307830 | e:   0.609650 | Q: 796.369080 | won: False 
# 2351 | steps_t:  7808 | t: 432.003399 | r:   -69.800000 | avg_r:   247.172948 | e:   0.609600 | Q: 564.026489 | won: False 
# 2352 | steps_t:  7810 | t: 432.115897 | r:  1051.600000 | avg_r:   247.514966 | e:   0.609500 | Q: 868.932617 | won: False 
# 2353 | steps_t:  7814 | t: 432.332372 | r:   249.200000 | avg_r:   247.515682 | e:   0.609300 | Q: 867.533264 | won: False 
# 2354 | steps_t:  7821 | t: 432.701833 | r:   -28.000000 | avg_r:   247.398641 | e:   0.608950 | Q: 591.952271 | won: False 
# 2355 | steps_t:  7823 | t: 432.834127 | r:   409.000000 | avg_r:   247.467261 | e:   0.608850 | Q: 1045.804077 | won: False 
# 2356 | steps_t:  7826 | t: 432.996570 | r:    89.200000 | avg_r:   247.400085 | e:   0.608700 | Q: 591.543030 | won: False 
# 2357 | steps_t:  7831 | t: 433.271996 | r:  1588.400000 | avg_r:   247.969028 | e:   0.608450 | Q: 1138.786743 | won: False 
# 2358 | steps_t:  7833 | t: 433.384011 | r:  1022.800000 | avg_r:   248.297625 | e:   0.608350 | Q: 951.813538 | won: False 
# 2359 | steps_t:  7835 | t: 433.499351 | r:  -431.000000 | avg_r:   248.009665 | e:   0.608250 | Q:        nan | won: False 
# 2360 | steps_t:  7841 | t: 433.850020 | r:     9.600000 | avg_r:   247.908644 | e:   0.607950 | Q: 654.781555 | won: False 
# 2361 | steps_t:  7844 | t: 434.019770 | r:   733.000000 | avg_r:   248.114104 | e:   0.607800 | Q: 910.377930 | won: False 
# 2362 | steps_t:  7846 | t: 434.138189 | r:   159.400000 | avg_r:   248.076545 | e:   0.607700 | Q: 730.526489 | won: False 
# 2363 | steps_t:  7846 | t: 434.146734 | r:  -371.000000 | avg_r:   247.814558 | e:   0.607700 | Q: 567.840332 | won: False 
# 2364 | steps_t:  7849 | t: 434.334196 | r:  1236.600000 | avg_r:   248.232826 | e:   0.607550 | Q: 1085.918335 | won: False 
# 2365 | steps_t:  7850 | t: 434.398452 | r:   733.800000 | avg_r:   248.438140 | e:   0.607500 | Q: 953.325378 | won: False 
# 2366 | steps_t:  7860 | t: 434.983915 | r:  1330.800000 | avg_r:   248.895604 | e:   0.607000 | Q: 1102.774414 | won: False 
# 2367 | steps_t:  7861 | t: 435.044929 | r:  -109.600000 | avg_r:   248.744149 | e:   0.606950 | Q: 624.843079 | won: False 
# 2368 | steps_t:  7862 | t: 435.111391 | r:   600.800000 | avg_r:   248.892821 | e:   0.606900 | Q: 813.441528 | won: False 
# 2369 | steps_t:  7864 | t: 435.209568 | r:  -389.000000 | avg_r:   248.623554 | e:   0.606800 | Q: 564.190674 | won: False 
# 2370 | steps_t:  7873 | t: 435.743015 | r:  1189.800000 | avg_r:   249.020675 | e:   0.606350 | Q: 1162.228516 | won: False 
# 2371 | steps_t:  7874 | t: 435.810752 | r:   264.600000 | avg_r:   249.027246 | e:   0.606300 | Q: 567.495422 | won: False 
# 2372 | steps_t:  7876 | t: 435.922058 | r:  -400.000000 | avg_r:   248.753626 | e:   0.606200 | Q: 576.654114 | won: False 
# 2373 | steps_t:  7894 | t: 436.974214 | r:   617.800000 | avg_r:   248.909145 | e:   0.605300 | Q: 1100.651367 | won: False 
# 2374 | steps_t:  7896 | t: 437.082644 | r:  -116.200000 | avg_r:   248.755350 | e:   0.605200 | Q: 509.456360 | won: False 
# 2375 | steps_t:  7898 | t: 437.216485 | r:   154.400000 | avg_r:   248.715621 | e:   0.605100 | Q: 619.914673 | won: False 
# 2376 | steps_t:  7900 | t: 437.329531 | r:   436.400000 | avg_r:   248.794613 | e:   0.605000 | Q: 876.000000 | won: False 
# 2377 | steps_t:  7903 | t: 437.498201 | r:   450.200000 | avg_r:   248.879344 | e:   0.604850 | Q: 593.307556 | won: False 
# 2378 | steps_t:  7906 | t: 437.673882 | r:   116.000000 | avg_r:   248.823465 | e:   0.604700 | Q: 643.380920 | won: False 
# 2379 | steps_t:  7908 | t: 437.788411 | r:   121.800000 | avg_r:   248.770071 | e:   0.604600 | Q: 503.219696 | won: False 
# 2380 | steps_t:  7911 | t: 437.959356 | r:   125.800000 | avg_r:   248.718403 | e:   0.604450 | Q: 515.743042 | won: False 
# 2381 | steps_t:  7913 | t: 438.073306 | r:   770.400000 | avg_r:   248.937505 | e:   0.604350 | Q: 664.422729 | won: False 
# 2382 | steps_t:  7915 | t: 438.188487 | r:   517.800000 | avg_r:   249.050378 | e:   0.604250 | Q: 921.982117 | won: False 
# 2383 | steps_t:  7920 | t: 438.487374 | r:  3165.800000 | avg_r:   250.274360 | e:   0.604000 | Q: 992.470581 | won: True 
# 2384 | steps_t:  7934 | t: 439.292548 | r:  1144.600000 | avg_r:   250.649497 | e:   0.603300 | Q: 1119.219360 | won: False 
# 2385 | steps_t:  7935 | t: 439.360137 | r:   204.000000 | avg_r:   250.629937 | e:   0.603250 | Q: 585.312988 | won: False 
# 2386 | steps_t:  7945 | t: 439.932023 | r:  1272.000000 | avg_r:   251.058005 | e:   0.602750 | Q: 1246.656128 | won: False 
# 2387 | steps_t:  7947 | t: 440.052836 | r:   479.800000 | avg_r:   251.153833 | e:   0.602650 | Q: 685.735840 | won: False 
# 2388 | steps_t:  7948 | t: 440.113346 | r:   192.200000 | avg_r:   251.129146 | e:   0.602600 | Q: 725.375549 | won: False 
# 2389 | steps_t:  7957 | t: 440.618277 | r:   -84.600000 | avg_r:   250.988614 | e:   0.602150 | Q: 719.115051 | won: False 
# 2390 | steps_t:  7958 | t: 440.681152 | r:  -458.000000 | avg_r:   250.691967 | e:   0.602100 | Q: 476.362732 | won: False 
# 2391 | steps_t:  7960 | t: 440.805992 | r:   -98.600000 | avg_r:   250.545880 | e:   0.602000 | Q: 551.976013 | won: False 
# 2392 | steps_t:  7961 | t: 440.866050 | r:   227.000000 | avg_r:   250.536037 | e:   0.601950 | Q: 632.193237 | won: False 
# 2393 | steps_t:  7965 | t: 441.103470 | r:  1259.000000 | avg_r:   250.957459 | e:   0.601750 | Q: 989.651306 | won: False 
# 2394 | steps_t:  7977 | t: 441.807971 | r:   547.400000 | avg_r:   251.081287 | e:   0.601150 | Q: 1085.166870 | won: False 
# 2395 | steps_t:  7978 | t: 441.863720 | r:   -82.000000 | avg_r:   250.942213 | e:   0.601100 | Q: 493.230499 | won: False 
# 2396 | steps_t:  7987 | t: 442.429967 | r:  2943.000000 | avg_r:   252.065776 | e:   0.600650 | Q: 1084.697388 | won: True 
# 2397 | steps_t:  7988 | t: 442.497562 | r:   489.400000 | avg_r:   252.164789 | e:   0.600600 | Q: 778.977600 | won: False 
# 2398 | steps_t:  7990 | t: 442.621776 | r:  -144.400000 | avg_r:   251.999416 | e:   0.600500 | Q: 619.611572 | won: False 
# 2399 | steps_t:  7995 | t: 442.913664 | r:   619.400000 | avg_r:   252.152564 | e:   0.600250 | Q: 767.484497 | won: False 
# 2400 | steps_t:  7996 | t: 442.981381 | r:   712.000000 | avg_r:   252.344167 | e:   0.600200 | Q: 1098.363770 | won: False 
# 2401 | steps_t:  7997 | t: 443.039832 | r:  -119.800000 | avg_r:   252.189171 | e:   0.600150 | Q: 616.931580 | won: False 
# 2402 | steps_t:  8000 | t: 443.203269 | r:   453.600000 | avg_r:   252.273022 | e:   0.600000 | Q: 692.587341 | won: False 
# 2403 | steps_t:  8002 | t: 443.329380 | r:   181.200000 | avg_r:   252.243446 | e:   0.599900 | Q: 683.055725 | won: False 
# 2404 | steps_t:  8005 | t: 443.496340 | r:   118.200000 | avg_r:   252.187687 | e:   0.599750 | Q: 630.781006 | won: False 
# 2405 | steps_t:  8012 | t: 443.930938 | r:  1115.400000 | avg_r:   252.546611 | e:   0.599400 | Q: 1130.402588 | won: False 
# 2406 | steps_t:  8014 | t: 444.056439 | r:  -150.600000 | avg_r:   252.379052 | e:   0.599300 | Q: 569.762573 | won: False 
# 2407 | steps_t:  8016 | t: 444.163863 | r:   -66.800000 | avg_r:   252.246448 | e:   0.599200 | Q: 525.000000 | won: False 
# 2408 | steps_t:  8017 | t: 444.223044 | r:  -362.000000 | avg_r:   251.991362 | e:   0.599150 | Q: 405.345276 | won: False 
# 2409 | steps_t:  8019 | t: 444.346645 | r:   502.800000 | avg_r:   252.095475 | e:   0.599050 | Q: 737.249878 | won: False 
# 2410 | steps_t:  8020 | t: 444.406659 | r:   254.400000 | avg_r:   252.096432 | e:   0.599000 | Q: 535.047058 | won: False 
# 2411 | steps_t:  8023 | t: 444.575947 | r:   413.600000 | avg_r:   252.163418 | e:   0.598850 | Q: 687.707214 | won: False 
# 2412 | steps_t:  8025 | t: 444.699902 | r:  -202.600000 | avg_r:   251.974876 | e:   0.598750 | Q: 490.933960 | won: False 
# 2413 | steps_t:  8030 | t: 444.996211 | r:  1185.000000 | avg_r:   252.361542 | e:   0.598500 | Q: 1032.717529 | won: False 
# 2414 | steps_t:  8032 | t: 445.120102 | r:   -87.000000 | avg_r:   252.220961 | e:   0.598400 | Q: 611.556396 | won: False 
# 2415 | steps_t:  8034 | t: 445.253658 | r:   411.200000 | avg_r:   252.286791 | e:   0.598300 | Q: 592.911926 | won: False 
# 2416 | steps_t:  8041 | t: 445.658665 | r:  1525.000000 | avg_r:   252.813576 | e:   0.597950 | Q: 1067.540405 | won: False 
# 2417 | steps_t:  8044 | t: 445.868470 | r:  1272.200000 | avg_r:   253.235333 | e:   0.597800 | Q: 1011.608398 | won: False 
# 2418 | steps_t:  8045 | t: 445.932059 | r:   285.000000 | avg_r:   253.248470 | e:   0.597750 | Q: 525.860596 | won: False 
# 2419 | steps_t:  8047 | t: 446.066632 | r:   170.200000 | avg_r:   253.214138 | e:   0.597650 | Q: 697.393555 | won: False 
# 2420 | steps_t:  8048 | t: 446.117926 | r:   222.400000 | avg_r:   253.201405 | e:   0.597600 | Q: 573.333252 | won: False 
# 2421 | steps_t:  8051 | t: 446.299906 | r:   987.600000 | avg_r:   253.504750 | e:   0.597450 | Q: 1015.285828 | won: False 
# 2422 | steps_t:  8053 | t: 446.430963 | r:   104.000000 | avg_r:   253.443022 | e:   0.597350 | Q: 621.549194 | won: False 
# 2423 | steps_t:  8057 | t: 446.657494 | r:  1031.800000 | avg_r:   253.764259 | e:   0.597150 | Q: 1117.006470 | won: False 
# 2424 | steps_t:  8068 | t: 447.321707 | r:  1111.400000 | avg_r:   254.118069 | e:   0.596600 | Q: 1106.382568 | won: False 
# 2425 | steps_t:  8079 | t: 447.973595 | r:   737.200000 | avg_r:   254.317278 | e:   0.596050 | Q: 888.009644 | won: False 
# 2426 | steps_t:  8080 | t: 448.035821 | r:   -92.000000 | avg_r:   254.174526 | e:   0.596000 | Q: 514.825012 | won: False 
# 2427 | steps_t:  8084 | t: 448.259265 | r:   142.400000 | avg_r:   254.128471 | e:   0.595800 | Q: 609.533997 | won: False 
# 2428 | steps_t:  8092 | t: 448.735450 | r:  1210.200000 | avg_r:   254.522241 | e:   0.595400 | Q: 1113.782227 | won: False 
# 2429 | steps_t:  8093 | t: 448.801938 | r:   -96.200000 | avg_r:   254.377851 | e:   0.595350 | Q: 493.930939 | won: False 
# 2430 | steps_t:  8095 | t: 448.917149 | r:   220.200000 | avg_r:   254.363786 | e:   0.595250 | Q: 578.558289 | won: False 
# 2431 | steps_t:  8096 | t: 448.979079 | r:   -56.800000 | avg_r:   254.235788 | e:   0.595200 | Q: 592.014648 | won: False 
# 2432 | steps_t:  8099 | t: 449.160674 | r:  -330.400000 | avg_r:   253.995395 | e:   0.595050 | Q: 519.135742 | won: False 
# 2433 | steps_t:  8100 | t: 449.220472 | r:  -353.000000 | avg_r:   253.745910 | e:   0.595000 | Q: 497.223297 | won: False 
# 2434 | steps_t:  8103 | t: 449.392849 | r:   178.200000 | avg_r:   253.714873 | e:   0.594850 | Q: 592.542358 | won: False 
# 2435 | steps_t:  8105 | t: 449.514971 | r:   460.400000 | avg_r:   253.799754 | e:   0.594750 | Q: 718.008423 | won: False 
# 2436 | steps_t:  8107 | t: 449.642475 | r:   677.800000 | avg_r:   253.973810 | e:   0.594650 | Q: 1015.652832 | won: False 
# 2437 | steps_t:  8110 | t: 449.813779 | r:   444.600000 | avg_r:   254.052031 | e:   0.594500 | Q: 956.397949 | won: False 
# 2438 | steps_t:  8112 | t: 449.928028 | r:  -160.800000 | avg_r:   253.881870 | e:   0.594400 | Q: 575.715088 | won: False 
# 2439 | steps_t:  8115 | t: 450.127157 | r:   505.600000 | avg_r:   253.985076 | e:   0.594250 | Q: 889.620972 | won: False 
# 2440 | steps_t:  8117 | t: 450.227864 | r:   125.800000 | avg_r:   253.932541 | e:   0.594150 | Q: 544.911926 | won: False 
# 2441 | steps_t:  8118 | t: 450.303992 | r:  -147.400000 | avg_r:   253.768128 | e:   0.594100 | Q: 655.353333 | won: False 
# 2442 | steps_t:  8121 | t: 450.482031 | r:  -160.800000 | avg_r:   253.598362 | e:   0.593950 | Q: 589.175415 | won: False 
# 2443 | steps_t:  8123 | t: 450.609968 | r:   739.400000 | avg_r:   253.797217 | e:   0.593850 | Q: 776.095703 | won: False 
# 2444 | steps_t:  8125 | t: 450.734164 | r:   156.800000 | avg_r:   253.757529 | e:   0.593750 | Q: 577.678955 | won: False 
# 2445 | steps_t:  8129 | t: 450.974924 | r:  1233.800000 | avg_r:   254.158364 | e:   0.593550 | Q: 1025.560425 | won: False 
# 2446 | steps_t:  8132 | t: 451.147492 | r:    71.800000 | avg_r:   254.083810 | e:   0.593400 | Q: 608.365112 | won: False 
# 2447 | steps_t:  8134 | t: 451.276389 | r:  1002.200000 | avg_r:   254.389538 | e:   0.593300 | Q: 1041.471191 | won: False 
# 2448 | steps_t:  8140 | t: 451.634979 | r:   633.200000 | avg_r:   254.544281 | e:   0.593000 | Q: 1104.898804 | won: False 
# 2449 | steps_t:  8142 | t: 451.760233 | r:   525.600000 | avg_r:   254.654961 | e:   0.592900 | Q: 852.235046 | won: False 
# 2450 | steps_t:  8145 | t: 451.939648 | r:   632.400000 | avg_r:   254.809143 | e:   0.592750 | Q: 1080.266846 | won: False 
# 2451 | steps_t:  8147 | t: 452.059802 | r:   414.400000 | avg_r:   254.874255 | e:   0.592650 | Q: 593.018250 | won: False 
# 2452 | steps_t:  8151 | t: 452.309978 | r:   657.200000 | avg_r:   255.038336 | e:   0.592450 | Q: 1013.017456 | won: False 
# 2453 | steps_t:  8153 | t: 452.427024 | r:   561.200000 | avg_r:   255.163147 | e:   0.592350 | Q: 939.325256 | won: False 
# 2454 | steps_t:  8154 | t: 452.493368 | r:  -112.800000 | avg_r:   255.013203 | e:   0.592300 | Q: 541.189819 | won: False 
# 2455 | steps_t:  8156 | t: 452.619019 | r:   -88.800000 | avg_r:   254.873157 | e:   0.592200 | Q: 590.484680 | won: False 
# 2456 | steps_t:  8165 | t: 453.162233 | r:  1034.400000 | avg_r:   255.190554 | e:   0.591750 | Q: 1082.041260 | won: False 
# 2457 | steps_t:  8175 | t: 453.772688 | r:  2820.800000 | avg_r:   256.234758 | e:   0.591250 | Q: 1096.212402 | won: True 
# 2458 | steps_t:  8179 | t: 454.015402 | r:    76.800000 | avg_r:   256.161758 | e:   0.591050 | Q: 579.160706 | won: False 
# 2459 | steps_t:  8181 | t: 454.129981 | r:   563.000000 | avg_r:   256.286539 | e:   0.590950 | Q: 592.690552 | won: False 
# 2460 | steps_t:  8182 | t: 454.193190 | r:   184.200000 | avg_r:   256.257236 | e:   0.590900 | Q: 526.141052 | won: False 
# 2461 | steps_t:  8183 | t: 454.261634 | r:    84.400000 | avg_r:   256.187403 | e:   0.590850 | Q: 959.206238 | won: False 
# 2462 | steps_t:  8189 | t: 454.627221 | r:  1441.800000 | avg_r:   256.668968 | e:   0.590550 | Q: 1160.703735 | won: False 
# 2463 | steps_t:  8191 | t: 454.754523 | r:   434.600000 | avg_r:   256.741210 | e:   0.590450 | Q: 858.257996 | won: False 
# 2464 | steps_t:  8197 | t: 455.128237 | r:  1482.400000 | avg_r:   257.238636 | e:   0.590150 | Q: 1207.928955 | won: False 
# 2465 | steps_t:  8206 | t: 455.663186 | r:  2708.600000 | avg_r:   258.233103 | e:   0.589700 | Q: 1167.659302 | won: True 
# 2466 | steps_t:  8212 | t: 456.026291 | r:   376.400000 | avg_r:   258.281022 | e:   0.589400 | Q: 680.443848 | won: False 
# 2467 | steps_t:  8215 | t: 456.197374 | r:   139.200000 | avg_r:   258.232752 | e:   0.589250 | Q: 622.995422 | won: False 
# 2468 | steps_t:  8217 | t: 456.323975 | r:  -117.400000 | avg_r:   258.080551 | e:   0.589150 | Q: 612.930054 | won: False 
# 2469 | steps_t:  8223 | t: 456.682152 | r:  1194.600000 | avg_r:   258.459862 | e:   0.588850 | Q: 1068.155029 | won: False 
# 2470 | steps_t:  8224 | t: 456.753760 | r:  -117.200000 | avg_r:   258.307773 | e:   0.588800 | Q: 552.395081 | won: False 
# 2471 | steps_t:  8229 | t: 457.058032 | r:   990.600000 | avg_r:   258.604128 | e:   0.588550 | Q: 1076.089844 | won: False 
# 2472 | steps_t:  8231 | t: 457.175036 | r:   458.800000 | avg_r:   258.685113 | e:   0.588450 | Q: 528.611511 | won: False 
# 2473 | steps_t:  8232 | t: 457.238163 | r:  -366.000000 | avg_r:   258.432511 | e:   0.588400 | Q: 541.163452 | won: False 
# 2474 | steps_t:  8242 | t: 457.848659 | r:   653.800000 | avg_r:   258.592320 | e:   0.587900 | Q: 1114.995728 | won: False 
# 2475 | steps_t:  8243 | t: 457.912171 | r:   199.400000 | avg_r:   258.568404 | e:   0.587850 | Q: 572.478210 | won: False 
# 2476 | steps_t:  8244 | t: 457.985926 | r:   -72.200000 | avg_r:   258.434814 | e:   0.587800 | Q: 557.138733 | won: False 
# 2477 | steps_t:  8246 | t: 458.096349 | r:   575.400000 | avg_r:   258.562778 | e:   0.587700 | Q: 794.707825 | won: False 
# 2478 | steps_t:  8252 | t: 458.464313 | r:   569.600000 | avg_r:   258.688297 | e:   0.587400 | Q: 1158.597046 | won: False 
# 2479 | steps_t:  8257 | t: 458.760866 | r:   721.800000 | avg_r:   258.875111 | e:   0.587150 | Q: 1066.351807 | won: False 
# 2480 | steps_t:  8259 | t: 458.884174 | r:   483.000000 | avg_r:   258.965484 | e:   0.587050 | Q: 758.593689 | won: False 
# 2481 | steps_t:  8260 | t: 458.951169 | r:  -112.600000 | avg_r:   258.815719 | e:   0.587000 | Q: 658.760437 | won: False 
# 2482 | steps_t:  8262 | t: 459.071394 | r:  -126.000000 | avg_r:   258.660677 | e:   0.586900 | Q: 700.483521 | won: False 
# 2483 | steps_t:  8269 | t: 459.476712 | r:  1493.000000 | avg_r:   259.157793 | e:   0.586550 | Q: 1248.348999 | won: False 
# 2484 | steps_t:  8272 | t: 459.651466 | r:   381.200000 | avg_r:   259.206924 | e:   0.586400 | Q: 876.804565 | won: False 
# 2485 | steps_t:  8277 | t: 459.957788 | r:   896.800000 | avg_r:   259.463501 | e:   0.586150 | Q: 1174.554321 | won: False 
# 2486 | steps_t:  8278 | t: 460.013938 | r:   290.800000 | avg_r:   259.476106 | e:   0.586100 | Q: 646.813660 | won: False 
# 2487 | steps_t:  8281 | t: 460.200063 | r:   968.600000 | avg_r:   259.761238 | e:   0.585950 | Q: 1020.028687 | won: False 
# 2488 | steps_t:  8283 | t: 460.311943 | r:  -117.200000 | avg_r:   259.609727 | e:   0.585850 | Q: 620.626770 | won: False 
# 2489 | steps_t:  8285 | t: 460.426265 | r:   418.600000 | avg_r:   259.673604 | e:   0.585750 | Q: 1101.170410 | won: False 
# 2490 | steps_t:  8288 | t: 460.620135 | r:  1391.200000 | avg_r:   260.128032 | e:   0.585600 | Q: 1187.235107 | won: False 
# 2491 | steps_t:  8291 | t: 460.808170 | r:  1169.200000 | avg_r:   260.492975 | e:   0.585450 | Q: 1145.483521 | won: False 
# 2492 | steps_t:  8293 | t: 460.916392 | r:   503.800000 | avg_r:   260.590610 | e:   0.585350 | Q: 624.752563 | won: False 
# 2493 | steps_t:  8294 | t: 460.983770 | r:  -389.000000 | avg_r:   260.330044 | e:   0.585300 | Q: 565.406860 | won: False 
# 2494 | steps_t:  8296 | t: 461.092759 | r:   534.000000 | avg_r:   260.439775 | e:   0.585200 | Q: 853.843384 | won: False 
# 2495 | steps_t:  8297 | t: 461.160161 | r:   288.600000 | avg_r:   260.451062 | e:   0.585150 | Q: 666.122681 | won: False 
# 2496 | steps_t:  8299 | t: 461.278689 | r:   242.800000 | avg_r:   260.443990 | e:   0.585050 | Q: 660.926575 | won: False 
# 2497 | steps_t:  8317 | t: 462.329305 | r:   642.400000 | avg_r:   260.596956 | e:   0.584150 | Q: 1239.161987 | won: False 
# 2498 | steps_t:  8323 | t: 462.688194 | r:  1238.800000 | avg_r:   260.988551 | e:   0.583850 | Q: 1203.924805 | won: False 
# 2499 | steps_t:  8324 | t: 462.760325 | r:   -82.600000 | avg_r:   260.851060 | e:   0.583800 | Q: 601.748169 | won: False 
# 2500 | steps_t:  8327 | t: 462.943307 | r:   947.400000 | avg_r:   261.125680 | e:   0.583650 | Q: 1164.860474 | won: False 
# 2501 | steps_t:  8328 | t: 463.009943 | r:  1050.800000 | avg_r:   261.441423 | e:   0.583600 | Q: 1097.804810 | won: False 
# 2502 | steps_t:  8332 | t: 463.235466 | r:  1003.800000 | avg_r:   261.738129 | e:   0.583400 | Q: 1066.767212 | won: False 
# 2503 | steps_t:  8334 | t: 463.350567 | r:  -103.600000 | avg_r:   261.592169 | e:   0.583300 | Q: 517.686035 | won: False 
# 2504 | steps_t:  8335 | t: 463.425878 | r:   855.800000 | avg_r:   261.829473 | e:   0.583250 | Q: 918.799805 | won: False 
# 2505 | steps_t:  8338 | t: 463.594079 | r:   686.800000 | avg_r:   261.999122 | e:   0.583100 | Q: 1074.525146 | won: False 
# 2506 | steps_t:  8342 | t: 463.845157 | r:  1155.600000 | avg_r:   262.355706 | e:   0.582900 | Q: 1186.967407 | won: False 
# 2507 | steps_t:  8343 | t: 463.908723 | r:   253.600000 | avg_r:   262.352214 | e:   0.582850 | Q: 599.241577 | won: False 
# 2508 | steps_t:  8344 | t: 463.961806 | r:   183.000000 | avg_r:   262.320574 | e:   0.582800 | Q: 650.365662 | won: False 
# 2509 | steps_t:  8355 | t: 464.624163 | r:  1135.800000 | avg_r:   262.668713 | e:   0.582250 | Q: 1217.074951 | won: False 
# 2510 | steps_t:  8357 | t: 464.760648 | r:   128.200000 | avg_r:   262.615139 | e:   0.582150 | Q: 687.471313 | won: False 
# 2511 | steps_t:  8361 | t: 464.993061 | r:  1312.200000 | avg_r:   263.033134 | e:   0.581950 | Q: 1154.609863 | won: False 
# 2512 | steps_t:  8365 | t: 465.230320 | r:   734.800000 | avg_r:   263.220939 | e:   0.581750 | Q: 1079.854492 | won: False 
# 2513 | steps_t:  8368 | t: 465.411912 | r:  -116.400000 | avg_r:   263.069877 | e:   0.581600 | Q: 632.367615 | won: False 
# 2514 | steps_t:  8371 | t: 465.594935 | r:  -311.200000 | avg_r:   262.841448 | e:   0.581450 | Q: 498.756409 | won: False 
# 2515 | steps_t:  8376 | t: 465.916944 | r:  1227.000000 | avg_r:   263.224811 | e:   0.581200 | Q: 1093.663208 | won: False 
# 2516 | steps_t:  8377 | t: 465.979564 | r:   268.000000 | avg_r:   263.226709 | e:   0.581150 | Q: 549.213379 | won: False 
# 2517 | steps_t:  8379 | t: 466.098668 | r:   270.400000 | avg_r:   263.229559 | e:   0.581050 | Q: 760.583801 | won: False 
# 2518 | steps_t:  8380 | t: 466.162285 | r:   -94.000000 | avg_r:   263.087689 | e:   0.581000 | Q: 567.823975 | won: False 
# 2519 | steps_t:  8382 | t: 466.296290 | r:   684.000000 | avg_r:   263.254784 | e:   0.580900 | Q: 1004.129211 | won: False 
# 2520 | steps_t:  8383 | t: 466.348072 | r:   -98.000000 | avg_r:   263.111429 | e:   0.580850 | Q: 492.704224 | won: False 
# 2521 | steps_t:  8384 | t: 466.411615 | r:  -143.000000 | avg_r:   262.950337 | e:   0.580800 | Q: 581.579834 | won: False 
# 2522 | steps_t:  8389 | t: 466.732435 | r:  1596.000000 | avg_r:   263.478906 | e:   0.580550 | Q: 1058.538940 | won: False 
# 2523 | steps_t:  8392 | t: 466.927637 | r:  1036.800000 | avg_r:   263.785414 | e:   0.580400 | Q: 996.131165 | won: False 
# 2524 | steps_t:  8395 | t: 467.110962 | r:   138.800000 | avg_r:   263.735895 | e:   0.580250 | Q: 596.883789 | won: False 
# 2525 | steps_t:  8399 | t: 467.356265 | r:  1016.400000 | avg_r:   264.033980 | e:   0.580050 | Q: 941.756348 | won: False 
# 2526 | steps_t:  8401 | t: 467.475591 | r:  1300.400000 | avg_r:   264.444260 | e:   0.579950 | Q: 907.159668 | won: False 
# 2527 | steps_t:  8402 | t: 467.547416 | r:  -360.000000 | avg_r:   264.197151 | e:   0.579900 | Q: 471.306885 | won: False 
# 2528 | steps_t:  8403 | t: 467.613151 | r:   166.200000 | avg_r:   264.158386 | e:   0.579850 | Q: 669.626587 | won: False 
# 2529 | steps_t:  8405 | t: 467.735212 | r:  -209.600000 | avg_r:   263.971056 | e:   0.579750 | Q: 764.091492 | won: False 
# 2530 | steps_t:  8408 | t: 467.929881 | r:   412.400000 | avg_r:   264.029723 | e:   0.579600 | Q: 839.606323 | won: False 
# 2531 | steps_t:  8410 | t: 468.056352 | r:   489.600000 | avg_r:   264.118846 | e:   0.579500 | Q: 1083.532837 | won: False 
# 2532 | steps_t:  8413 | t: 468.241969 | r:   486.800000 | avg_r:   264.206793 | e:   0.579350 | Q: 933.527649 | won: False 
# 2533 | steps_t:  8414 | t: 468.293764 | r:   -71.000000 | avg_r:   264.074457 | e:   0.579300 | Q: 490.407349 | won: False 
# 2534 | steps_t:  8416 | t: 468.425886 | r:   269.200000 | avg_r:   264.076480 | e:   0.579200 | Q: 540.957581 | won: False 
# 2535 | steps_t:  8418 | t: 468.547905 | r:   149.600000 | avg_r:   264.031321 | e:   0.579100 | Q: 658.188416 | won: False 
# 2536 | steps_t:  8419 | t: 468.613222 | r:  -106.800000 | avg_r:   263.885095 | e:   0.579050 | Q: 551.999084 | won: False 
# 2537 | steps_t:  8422 | t: 468.813954 | r:   978.600000 | avg_r:   264.166811 | e:   0.578900 | Q: 971.880554 | won: False 
# 2538 | steps_t:  8426 | t: 469.064917 | r:   361.800000 | avg_r:   264.205280 | e:   0.578700 | Q: 882.670044 | won: False 
# 2539 | steps_t:  8430 | t: 469.327259 | r:   828.200000 | avg_r:   264.427412 | e:   0.578500 | Q: 1035.935059 | won: False 
# 2540 | steps_t:  8433 | t: 469.521764 | r:   522.000000 | avg_r:   264.528819 | e:   0.578350 | Q: 1051.329346 | won: False 
# 2541 | steps_t:  8436 | t: 469.728622 | r:   889.800000 | avg_r:   264.774892 | e:   0.578200 | Q: 1167.921509 | won: False 
# 2542 | steps_t:  8439 | t: 469.932007 | r:   435.400000 | avg_r:   264.842014 | e:   0.578050 | Q: 668.070862 | won: False 
# 2543 | steps_t:  8441 | t: 470.058360 | r:   745.000000 | avg_r:   265.030830 | e:   0.577950 | Q: 845.424438 | won: False 
# 2544 | steps_t:  8443 | t: 470.193050 | r:   801.800000 | avg_r:   265.241824 | e:   0.577850 | Q: 933.865112 | won: False 
# 2545 | steps_t:  8446 | t: 470.380789 | r:  -200.800000 | avg_r:   265.058703 | e:   0.577700 | Q: 658.483215 | won: False 
# 2546 | steps_t:  8450 | t: 470.651365 | r:  1011.800000 | avg_r:   265.352003 | e:   0.577500 | Q: 1038.281616 | won: False 
# 2547 | steps_t:  8451 | t: 470.728931 | r:  -118.000000 | avg_r:   265.201492 | e:   0.577450 | Q: 585.068665 | won: False 
# 2548 | steps_t:  8454 | t: 470.927208 | r:   632.000000 | avg_r:   265.345447 | e:   0.577300 | Q: 1015.202148 | won: False 
# 2549 | steps_t:  8456 | t: 471.047524 | r:   848.600000 | avg_r:   265.574264 | e:   0.577200 | Q: 714.623230 | won: False 
# 2550 | steps_t:  8458 | t: 471.178713 | r:   502.000000 | avg_r:   265.666980 | e:   0.577100 | Q: 611.350220 | won: False 
# 2551 | steps_t:  8459 | t: 471.261902 | r:   235.000000 | avg_r:   265.654959 | e:   0.577050 | Q: 553.030945 | won: False 
# 2552 | steps_t:  8466 | t: 471.712561 | r:  1555.200000 | avg_r:   266.160266 | e:   0.576700 | Q: 1048.474121 | won: False 
# 2553 | steps_t:  8468 | t: 471.855991 | r:   559.600000 | avg_r:   266.275206 | e:   0.576600 | Q: 940.737854 | won: False 
# 2554 | steps_t:  8471 | t: 472.058791 | r:   487.600000 | avg_r:   266.361864 | e:   0.576450 | Q: 923.494141 | won: False 
# 2555 | steps_t:  8472 | t: 472.122481 | r:   198.800000 | avg_r:   266.335421 | e:   0.576400 | Q: 508.791382 | won: False 
# 2556 | steps_t:  8474 | t: 472.249714 | r:   505.000000 | avg_r:   266.428795 | e:   0.576300 | Q: 956.491516 | won: False 
# 2557 | steps_t:  8475 | t: 472.328403 | r:   275.400000 | avg_r:   266.432303 | e:   0.576250 | Q: 779.534790 | won: False 
# 2558 | steps_t:  8476 | t: 472.391748 | r:   -61.600000 | avg_r:   266.304066 | e:   0.576200 | Q: 593.447876 | won: False 
# 2559 | steps_t:  8478 | t: 472.518743 | r:   479.000000 | avg_r:   266.387182 | e:   0.576100 | Q: 870.970642 | won: False 
# 2560 | steps_t:  8481 | t: 472.709564 | r:   706.800000 | avg_r:   266.559219 | e:   0.575950 | Q: 701.551514 | won: False 
# 2561 | steps_t:  8482 | t: 472.782419 | r:   -60.400000 | avg_r:   266.431550 | e:   0.575900 | Q: 562.634399 | won: False 
# 2562 | steps_t:  8484 | t: 472.915687 | r:   461.600000 | avg_r:   266.507728 | e:   0.575800 | Q: 1050.262695 | won: False 
# 2563 | steps_t:  8486 | t: 473.046745 | r:  -145.400000 | avg_r:   266.347015 | e:   0.575700 | Q: 547.336182 | won: False 
# 2564 | steps_t:  8491 | t: 473.376417 | r:   679.600000 | avg_r:   266.508190 | e:   0.575450 | Q: 1139.071411 | won: False 
# 2565 | steps_t:  8496 | t: 473.694119 | r:   923.000000 | avg_r:   266.764133 | e:   0.575200 | Q: 1040.390991 | won: False 
# 2566 | steps_t:  8509 | t: 474.505867 | r:  1175.000000 | avg_r:   267.118083 | e:   0.574550 | Q: 1187.751953 | won: False 
# 2567 | steps_t:  8512 | t: 474.713937 | r:   286.600000 | avg_r:   267.125672 | e:   0.574400 | Q: 650.260437 | won: False 
# 2568 | steps_t:  8513 | t: 474.776801 | r:   -95.000000 | avg_r:   266.984657 | e:   0.574350 | Q: 558.186279 | won: False 
# 2569 | steps_t:  8514 | t: 474.837696 | r:   -80.000000 | avg_r:   266.849591 | e:   0.574300 | Q: 608.441101 | won: False 
# 2570 | steps_t:  8515 | t: 474.900620 | r:   -91.800000 | avg_r:   266.710039 | e:   0.574250 | Q: 595.553162 | won: False 
# 2571 | steps_t:  8520 | t: 475.232880 | r:  1217.000000 | avg_r:   267.079658 | e:   0.574000 | Q: 1126.149048 | won: False 
# 2572 | steps_t:  8546 | t: 477.001830 | r:   721.800000 | avg_r:   267.256454 | e:   0.572700 | Q: 1157.772461 | won: False 
# 2573 | steps_t:  8550 | t: 477.267284 | r:   299.200000 | avg_r:   267.268869 | e:   0.572500 | Q: 803.089172 | won: False 
# 2574 | steps_t:  8552 | t: 477.393926 | r:   -96.800000 | avg_r:   267.127428 | e:   0.572400 | Q: 577.271973 | won: False 
# 2575 | steps_t:  8555 | t: 477.586916 | r:   166.000000 | avg_r:   267.088155 | e:   0.572250 | Q: 651.931580 | won: False 
# 2576 | steps_t:  8556 | t: 477.655075 | r:   214.000000 | avg_r:   267.067547 | e:   0.572200 | Q: 577.395203 | won: False 
# 2577 | steps_t:  8559 | t: 477.862252 | r:   422.400000 | avg_r:   267.127823 | e:   0.572050 | Q: 693.881653 | won: False 
# 2578 | steps_t:  8567 | t: 478.423655 | r:  1302.400000 | avg_r:   267.529403 | e:   0.571650 | Q: 1166.649536 | won: False 
# 2579 | steps_t:  8570 | t: 478.629865 | r:   965.800000 | avg_r:   267.800155 | e:   0.571500 | Q: 1126.963989 | won: False 
# 2580 | steps_t:  8574 | t: 478.881832 | r:  1281.800000 | avg_r:   268.193178 | e:   0.571300 | Q: 1081.100830 | won: False 
# 2581 | steps_t:  8576 | t: 479.007709 | r:   450.200000 | avg_r:   268.263696 | e:   0.571200 | Q: 881.807068 | won: False 
# 2582 | steps_t:  8578 | t: 479.154643 | r:   112.800000 | avg_r:   268.203486 | e:   0.571100 | Q: 594.081482 | won: False 
# 2583 | steps_t:  8578 | t: 479.158646 | r:   -70.600000 | avg_r:   268.072319 | e:   0.571100 | Q: 594.982605 | won: False 
# 2584 | steps_t:  8580 | t: 479.297869 | r:   196.600000 | avg_r:   268.044659 | e:   0.571000 | Q: 715.858643 | won: False 
# 2585 | steps_t:  8589 | t: 479.895442 | r:  1213.000000 | avg_r:   268.410213 | e:   0.570550 | Q: 1070.481689 | won: False 
# 2586 | steps_t:  8590 | t: 479.962128 | r:  -128.000000 | avg_r:   268.256922 | e:   0.570500 | Q: 545.978760 | won: False 
# 2587 | steps_t:  8611 | t: 481.344835 | r:   632.200000 | avg_r:   268.397603 | e:   0.569450 | Q: 1142.738892 | won: False 
# 2588 | steps_t:  8613 | t: 481.479418 | r:   456.600000 | avg_r:   268.470325 | e:   0.569350 | Q: 747.600220 | won: False 
# 2589 | steps_t:  8624 | t: 482.186220 | r:  1120.600000 | avg_r:   268.799459 | e:   0.568800 | Q: 1158.416138 | won: False 
# 2590 | steps_t:  8626 | t: 482.310854 | r:   473.800000 | avg_r:   268.878610 | e:   0.568700 | Q: 913.508850 | won: False 
# 2591 | steps_t:  8630 | t: 482.567815 | r:   718.800000 | avg_r:   269.052258 | e:   0.568500 | Q: 844.473816 | won: False 
# 2592 | steps_t:  8631 | t: 482.633327 | r:   -88.800000 | avg_r:   268.914198 | e:   0.568450 | Q: 646.084167 | won: False 
# 2593 | steps_t:  8635 | t: 482.901071 | r:   536.800000 | avg_r:   269.017509 | e:   0.568250 | Q: 1143.257568 | won: False 
# 2594 | steps_t:  8642 | t: 483.361926 | r:  1483.800000 | avg_r:   269.485813 | e:   0.567900 | Q: 1150.349487 | won: False 
# 2595 | steps_t:  8646 | t: 483.626107 | r:  1298.200000 | avg_r:   269.882235 | e:   0.567700 | Q: 1092.704346 | won: False 
# 2596 | steps_t:  8648 | t: 483.753968 | r:   513.400000 | avg_r:   269.976040 | e:   0.567600 | Q: 798.522949 | won: False 
# 2597 | steps_t:  8649 | t: 483.822453 | r:  -105.600000 | avg_r:   269.831421 | e:   0.567550 | Q: 554.949646 | won: False 
# 2598 | steps_t:  8652 | t: 484.009586 | r:   229.000000 | avg_r:   269.815704 | e:   0.567400 | Q: 781.558838 | won: False 
# 2599 | steps_t:  8654 | t: 484.143738 | r:   535.600000 | avg_r:   269.917968 | e:   0.567300 | Q: 820.772644 | won: False 
# 2600 | steps_t:  8655 | t: 484.207426 | r:  -149.000000 | avg_r:   269.756846 | e:   0.567250 | Q: 444.134216 | won: False 
# 2601 | steps_t:  8657 | t: 484.348808 | r:   419.600000 | avg_r:   269.814456 | e:   0.567150 | Q: 709.051697 | won: False 
# 2602 | steps_t:  8668 | t: 485.051363 | r:  1332.400000 | avg_r:   270.222829 | e:   0.566600 | Q: 1105.137451 | won: False 
# 2603 | steps_t:  8669 | t: 485.120304 | r:   -47.000000 | avg_r:   270.100960 | e:   0.566550 | Q: 644.582581 | won: False 
# 2604 | steps_t:  8670 | t: 485.186722 | r:  -387.000000 | avg_r:   269.848618 | e:   0.566500 | Q: 544.746094 | won: False 
# 2605 | steps_t:  8672 | t: 485.318226 | r:  -179.800000 | avg_r:   269.676008 | e:   0.566400 | Q: 718.677307 | won: False 
# 2606 | steps_t:  8679 | t: 485.775964 | r:  1104.600000 | avg_r:   269.996393 | e:   0.566050 | Q: 1155.932007 | won: False 
# 2607 | steps_t:  8686 | t: 486.218972 | r:   677.400000 | avg_r:   270.152666 | e:   0.565700 | Q: 1159.984741 | won: False 
# 2608 | steps_t:  8698 | t: 487.011662 | r:   794.800000 | avg_r:   270.353834 | e:   0.565100 | Q: 1246.701050 | won: False 
# 2609 | steps_t:  8709 | t: 487.716807 | r:   612.200000 | avg_r:   270.484860 | e:   0.564550 | Q: 1187.152710 | won: False 
# 2610 | steps_t:  8710 | t: 487.774828 | r:   -11.000000 | avg_r:   270.377011 | e:   0.564500 | Q: 582.589844 | won: False 
# 2611 | steps_t:  8712 | t: 487.899330 | r:   159.200000 | avg_r:   270.334431 | e:   0.564400 | Q: 762.136841 | won: False 
# 2612 | steps_t:  8714 | t: 488.025846 | r:   492.200000 | avg_r:   270.419372 | e:   0.564300 | Q: 1056.414551 | won: False 
# 2613 | steps_t:  8722 | t: 488.568149 | r:  1183.000000 | avg_r:   270.768618 | e:   0.563900 | Q: 1166.605713 | won: False 
# 2614 | steps_t:  8723 | t: 488.635977 | r:   503.600000 | avg_r:   270.857689 | e:   0.563850 | Q: 741.948303 | won: False 
# 2615 | steps_t:  8725 | t: 488.767542 | r:  1089.600000 | avg_r:   271.170784 | e:   0.563750 | Q: 886.145325 | won: False 
# 2616 | steps_t:  8726 | t: 488.830926 | r:   239.800000 | avg_r:   271.158792 | e:   0.563700 | Q: 652.492065 | won: False 
# 2617 | steps_t:  8731 | t: 489.166206 | r:   872.400000 | avg_r:   271.388536 | e:   0.563450 | Q: 1070.941895 | won: False 
# 2618 | steps_t:  8733 | t: 489.294978 | r:   786.200000 | avg_r:   271.585180 | e:   0.563350 | Q: 930.466553 | won: False 
# 2619 | steps_t:  8734 | t: 489.364017 | r:   245.800000 | avg_r:   271.575334 | e:   0.563300 | Q: 598.417786 | won: False 
# 2620 | steps_t:  8736 | t: 489.499552 | r:   142.000000 | avg_r:   271.525878 | e:   0.563200 | Q: 608.478455 | won: False 
# 2621 | steps_t:  8745 | t: 490.098417 | r:  1366.400000 | avg_r:   271.943609 | e:   0.562750 | Q: 1029.014893 | won: False 
# 2622 | steps_t:  8748 | t: 490.291488 | r:   742.600000 | avg_r:   272.123112 | e:   0.562600 | Q: 1011.495117 | won: False 
# 2623 | steps_t:  8750 | t: 490.435707 | r:   441.600000 | avg_r:   272.187724 | e:   0.562500 | Q: 1004.002197 | won: False 
# 2624 | steps_t:  8751 | t: 490.500471 | r:   256.400000 | avg_r:   272.181707 | e:   0.562450 | Q: 571.188904 | won: False 
# 2625 | steps_t:  8761 | t: 491.155097 | r:  1027.800000 | avg_r:   272.469562 | e:   0.561950 | Q: 1116.376465 | won: False 
# 2626 | steps_t:  8762 | t: 491.235420 | r:  -108.800000 | avg_r:   272.324372 | e:   0.561900 | Q: 630.705750 | won: False 
# 2627 | steps_t:  8764 | t: 491.375443 | r:   164.600000 | avg_r:   272.283365 | e:   0.561800 | Q: 683.771057 | won: False 
# 2628 | steps_t:  8766 | t: 491.507412 | r:   -85.800000 | avg_r:   272.147108 | e:   0.561700 | Q: 607.661621 | won: False 
# 2629 | steps_t:  8771 | t: 491.859723 | r:  -179.200000 | avg_r:   271.975428 | e:   0.561450 | Q: 652.692993 | won: False 
# 2630 | steps_t:  8773 | t: 491.987507 | r:   145.400000 | avg_r:   271.927300 | e:   0.561350 | Q: 832.960693 | won: False 
# 2631 | steps_t:  8776 | t: 492.177477 | r:   671.400000 | avg_r:   272.079133 | e:   0.561200 | Q: 1114.718628 | won: False 
# 2632 | steps_t:  8778 | t: 492.291696 | r:  -101.000000 | avg_r:   271.937386 | e:   0.561100 | Q: 617.472351 | won: False 
# 2633 | steps_t:  8781 | t: 492.480186 | r:   782.600000 | avg_r:   272.131333 | e:   0.560950 | Q: 983.303650 | won: False 
# 2634 | steps_t:  8782 | t: 492.543852 | r:   770.200000 | avg_r:   272.320425 | e:   0.560900 | Q: 916.750854 | won: False 
# 2635 | steps_t:  8783 | t: 492.610508 | r:   478.600000 | avg_r:   272.398710 | e:   0.560850 | Q: 696.520325 | won: False 
# 2636 | steps_t:  8786 | t: 492.805072 | r:  -105.400000 | avg_r:   272.255387 | e:   0.560700 | Q: 588.617432 | won: False 
# 2637 | steps_t:  8799 | t: 493.612637 | r:   957.800000 | avg_r:   272.515358 | e:   0.560050 | Q: 1105.065552 | won: False 
# 2638 | steps_t:  8803 | t: 493.862227 | r:   947.800000 | avg_r:   272.771342 | e:   0.559850 | Q: 1052.503662 | won: False 
# 2639 | steps_t:  8806 | t: 494.050986 | r:    94.400000 | avg_r:   272.703751 | e:   0.559700 | Q: 611.424255 | won: False 
# 2640 | steps_t:  8808 | t: 494.193331 | r:   442.200000 | avg_r:   272.767955 | e:   0.559600 | Q: 983.593079 | won: False 
# 2641 | steps_t:  8809 | t: 494.250499 | r:   -97.600000 | avg_r:   272.627717 | e:   0.559550 | Q: 472.026428 | won: False 
# 2642 | steps_t:  8810 | t: 494.310661 | r:   284.400000 | avg_r:   272.632173 | e:   0.559500 | Q: 551.619934 | won: False 
# 2643 | steps_t:  8812 | t: 494.440895 | r:   508.400000 | avg_r:   272.721377 | e:   0.559400 | Q: 698.938599 | won: False 
# 2644 | steps_t:  8813 | t: 494.513637 | r:  -440.000000 | avg_r:   272.451815 | e:   0.559350 | Q: 462.048553 | won: False 
# 2645 | steps_t:  8814 | t: 494.576565 | r:   -75.800000 | avg_r:   272.320151 | e:   0.559300 | Q: 524.370911 | won: False 
# 2646 | steps_t:  8819 | t: 494.882742 | r:   966.200000 | avg_r:   272.582389 | e:   0.559050 | Q: 976.670471 | won: False 
# 2647 | steps_t:  8821 | t: 494.991192 | r:   180.400000 | avg_r:   272.547563 | e:   0.558950 | Q: 610.146484 | won: False 
# 2648 | steps_t:  8824 | t: 495.149284 | r:   738.400000 | avg_r:   272.723489 | e:   0.558800 | Q: 948.456055 | won: False 
# 2649 | steps_t:  8827 | t: 495.306576 | r:    88.600000 | avg_r:   272.653983 | e:   0.558650 | Q: 599.415771 | won: False 
# 2650 | steps_t:  8828 | t: 495.355793 | r:   183.800000 | avg_r:   272.620453 | e:   0.558600 | Q: 571.469788 | won: False 
# 2651 | steps_t:  8836 | t: 495.784127 | r:  3097.800000 | avg_r:   273.686156 | e:   0.558200 | Q: 1131.081665 | won: True 
# 2652 | steps_t:  8842 | t: 496.086419 | r:   929.400000 | avg_r:   273.933409 | e:   0.557900 | Q: 1129.885864 | won: False 
# 2653 | steps_t:  8844 | t: 496.194801 | r:   654.800000 | avg_r:   274.076969 | e:   0.557800 | Q: 996.339417 | won: False 
# 2654 | steps_t:  8852 | t: 496.628277 | r:  1407.600000 | avg_r:   274.504069 | e:   0.557400 | Q: 1185.998657 | won: False 
# 2655 | steps_t:  8859 | t: 496.999715 | r:  1186.800000 | avg_r:   274.847684 | e:   0.557050 | Q: 1172.064087 | won: False 
# 2656 | steps_t:  8860 | t: 497.045018 | r:  -354.000000 | avg_r:   274.610919 | e:   0.557000 | Q: 658.964478 | won: False 
# 2657 | steps_t:  8862 | t: 497.150886 | r:   107.200000 | avg_r:   274.547911 | e:   0.556900 | Q: 674.301697 | won: False 
# 2658 | steps_t:  8870 | t: 497.593560 | r:   852.800000 | avg_r:   274.765463 | e:   0.556500 | Q: 1272.242310 | won: False 
# 2659 | steps_t:  8871 | t: 497.642807 | r:   -92.400000 | avg_r:   274.627379 | e:   0.556450 | Q: 674.017944 | won: False 
# 2660 | steps_t:  8872 | t: 497.719911 | r:   -90.400000 | avg_r:   274.490150 | e:   0.556400 | Q: 747.113037 | won: False 
# 2661 | steps_t:  8875 | t: 497.878150 | r:   686.400000 | avg_r:   274.644946 | e:   0.556250 | Q: 1204.450317 | won: False 
# 2662 | steps_t:  8876 | t: 497.925227 | r:   -77.000000 | avg_r:   274.512847 | e:   0.556200 | Q: 671.115784 | won: False 
# 2663 | steps_t:  8897 | t: 499.018896 | r:   943.400000 | avg_r:   274.764026 | e:   0.555150 | Q: 1218.734131 | won: False 
# 2664 | steps_t:  8902 | t: 499.287710 | r:  3144.600000 | avg_r:   275.841291 | e:   0.554900 | Q: 1180.850586 | won: True 
# 2665 | steps_t:  8906 | t: 499.494368 | r:   348.000000 | avg_r:   275.868368 | e:   0.554700 | Q: 1113.039917 | won: False 
# 2666 | steps_t:  8908 | t: 499.605781 | r:   116.600000 | avg_r:   275.808627 | e:   0.554600 | Q: 634.086243 | won: False 
# 2667 | steps_t:  8911 | t: 499.778808 | r:   728.800000 | avg_r:   275.978478 | e:   0.554450 | Q: 912.613403 | won: False 
# 2668 | steps_t:  8915 | t: 499.999886 | r:  1224.800000 | avg_r:   276.334108 | e:   0.554250 | Q: 1082.697144 | won: False 
# 2669 | steps_t:  8917 | t: 500.110196 | r:   750.000000 | avg_r:   276.511577 | e:   0.554150 | Q: 1063.754883 | won: False 
# 2670 | steps_t:  8918 | t: 500.173727 | r:  -110.800000 | avg_r:   276.366517 | e:   0.554100 | Q: 584.773560 | won: False 
# 2671 | steps_t:  8922 | t: 500.406922 | r:   356.800000 | avg_r:   276.396630 | e:   0.553900 | Q: 714.563660 | won: False 
# 2672 | steps_t:  8925 | t: 500.569259 | r:   365.800000 | avg_r:   276.430090 | e:   0.553750 | Q: 1064.676392 | won: False 
# 2673 | steps_t:  8928 | t: 500.746841 | r:   613.000000 | avg_r:   276.556004 | e:   0.553600 | Q: 1025.692627 | won: False 
# 2674 | steps_t:  8929 | t: 500.811746 | r:   544.600000 | avg_r:   276.656245 | e:   0.553550 | Q: 621.143616 | won: False 
# 2675 | steps_t:  8937 | t: 502.311708 | r:  1356.000000 | avg_r:   277.059738 | e:   0.553150 | Q: 1169.334106 | won: False 
# 2676 | steps_t:  8938 | t: 502.923878 | r:   895.200000 | avg_r:   277.290732 | e:   0.553100 | Q: 999.323059 | won: False 
# 2677 | steps_t:  8940 | t: 503.408518 | r:  1314.600000 | avg_r:   277.678222 | e:   0.553000 | Q: 1105.259399 | won: False 
# 2678 | steps_t:  8941 | t: 503.598775 | r:   169.400000 | avg_r:   277.637789 | e:   0.552950 | Q: 858.337402 | won: False 
# 2679 | steps_t:  8942 | t: 503.651627 | r:  -115.000000 | avg_r:   277.491228 | e:   0.552900 | Q: 626.002197 | won: False 
# 2680 | steps_t:  8944 | t: 503.970402 | r:   227.800000 | avg_r:   277.472687 | e:   0.552800 | Q: 686.480530 | won: False 
# 2681 | steps_t:  8972 | t: 506.485615 | r:   557.400000 | avg_r:   277.577098 | e:   0.551400 | Q: 1164.939087 | won: False 
# 2682 | steps_t:  8973 | t: 506.599755 | r:   763.800000 | avg_r:   277.758389 | e:   0.551350 | Q: 596.418884 | won: False 
# 2683 | steps_t:  8975 | t: 506.773672 | r:   545.800000 | avg_r:   277.858293 | e:   0.551250 | Q: 909.014832 | won: False 
# 2684 | steps_t:  8977 | t: 506.961179 | r:   215.200000 | avg_r:   277.834948 | e:   0.551150 | Q: 569.367676 | won: False 
# 2685 | steps_t:  8980 | t: 507.271595 | r:  1242.200000 | avg_r:   278.194115 | e:   0.551000 | Q: 1061.351318 | won: False 
# 2686 | steps_t:  8982 | t: 507.467643 | r:   228.400000 | avg_r:   278.175577 | e:   0.550900 | Q: 729.589600 | won: False 
# 2687 | steps_t:  8984 | t: 507.641061 | r:  -107.800000 | avg_r:   278.031932 | e:   0.550800 | Q: 558.251221 | won: False 
# 2688 | steps_t:  8988 | t: 507.956240 | r:   618.000000 | avg_r:   278.158408 | e:   0.550600 | Q: 547.701294 | won: False 
# 2689 | steps_t:  8992 | t: 508.253791 | r:   106.400000 | avg_r:   278.094533 | e:   0.550400 | Q: 777.117798 | won: False 
# 2690 | steps_t:  8995 | t: 508.480028 | r:  1269.600000 | avg_r:   278.463123 | e:   0.550250 | Q: 992.656555 | won: False 
# 2691 | steps_t:  8996 | t: 508.553665 | r:   287.800000 | avg_r:   278.466592 | e:   0.550200 | Q: 532.437500 | won: False 
# 2692 | steps_t:  8998 | t: 508.712170 | r:   792.200000 | avg_r:   278.657429 | e:   0.550100 | Q: 829.781494 | won: False 
# 2693 | steps_t:  8999 | t: 508.791097 | r:  -364.000000 | avg_r:   278.418789 | e:   0.550050 | Q: 502.178925 | won: False 
# 2694 | steps_t:  9003 | t: 509.107480 | r:  1538.200000 | avg_r:   278.886414 | e:   0.549850 | Q: 1088.793335 | won: False 
# 2695 | steps_t:  9005 | t: 509.252778 | r:  -108.800000 | avg_r:   278.742560 | e:   0.549750 | Q: 584.641968 | won: False 
# 2696 | steps_t:  9007 | t: 509.422981 | r:   485.600000 | avg_r:   278.819288 | e:   0.549650 | Q: 849.973938 | won: False 
# 2697 | steps_t:  9009 | t: 509.574005 | r:   794.400000 | avg_r:   279.010456 | e:   0.549550 | Q: 955.230957 | won: False 
# 2698 | steps_t:  9010 | t: 509.657303 | r:  -410.000000 | avg_r:   278.755078 | e:   0.549500 | Q: 627.960876 | won: False 
# 2699 | steps_t:  9011 | t: 509.724518 | r:   504.600000 | avg_r:   278.838755 | e:   0.549450 | Q: 683.207947 | won: False 
# 2700 | steps_t:  9013 | t: 509.869088 | r:   -91.800000 | avg_r:   278.701481 | e:   0.549350 | Q: 541.616577 | won: False 
# 2701 | steps_t:  9015 | t: 510.024757 | r:   568.600000 | avg_r:   278.808812 | e:   0.549250 | Q: 764.032410 | won: False 
# 2702 | steps_t:  9016 | t: 510.103618 | r:   804.600000 | avg_r:   279.003405 | e:   0.549200 | Q: 773.051880 | won: False 
# 2703 | steps_t:  9019 | t: 510.335811 | r:   412.000000 | avg_r:   279.052608 | e:   0.549050 | Q: 652.437500 | won: False 
# 2704 | steps_t:  9021 | t: 510.479927 | r:   569.800000 | avg_r:   279.160133 | e:   0.548950 | Q: 833.971130 | won: False 
# 2705 | steps_t:  9023 | t: 510.648988 | r:  1003.600000 | avg_r:   279.427948 | e:   0.548850 | Q: 971.366638 | won: False 
# 2706 | steps_t:  9028 | t: 511.044533 | r:  1202.000000 | avg_r:   279.768884 | e:   0.548600 | Q: 1024.757690 | won: False 
# 2707 | steps_t:  9029 | t: 511.125433 | r:  -160.200000 | avg_r:   279.606354 | e:   0.548550 | Q: 538.937073 | won: False 
# 2708 | steps_t:  9031 | t: 511.273206 | r:   203.800000 | avg_r:   279.578360 | e:   0.548450 | Q: 564.788879 | won: False 
# 2709 | steps_t:  9032 | t: 511.350452 | r:   197.400000 | avg_r:   279.548025 | e:   0.548400 | Q: 572.090027 | won: False 
# 2710 | steps_t:  9034 | t: 511.507807 | r:  -106.000000 | avg_r:   279.405756 | e:   0.548300 | Q: 558.940002 | won: False 
# 2711 | steps_t:  9036 | t: 511.655740 | r:   146.200000 | avg_r:   279.356621 | e:   0.548200 | Q: 678.913574 | won: False 
# 2712 | steps_t:  9037 | t: 511.740104 | r:   -52.200000 | avg_r:   279.234366 | e:   0.548150 | Q: 866.399719 | won: False 
# 2713 | steps_t:  9039 | t: 511.893930 | r:   740.800000 | avg_r:   279.404497 | e:   0.548050 | Q: 809.444763 | won: False 
# 2714 | steps_t:  9042 | t: 512.121168 | r:   850.000000 | avg_r:   279.614738 | e:   0.547900 | Q: 883.830994 | won: False 
# 2715 | steps_t:  9043 | t: 512.186897 | r:   -80.000000 | avg_r:   279.482284 | e:   0.547850 | Q: 574.782593 | won: False 
# 2716 | steps_t:  9045 | t: 512.335291 | r:  -144.400000 | avg_r:   279.326215 | e:   0.547750 | Q: 876.073181 | won: False 
# 2717 | steps_t:  9046 | t: 512.393204 | r:  -114.000000 | avg_r:   279.181450 | e:   0.547700 | Q: 581.256897 | won: False 
# 2718 | steps_t:  9048 | t: 512.542735 | r:  1090.400000 | avg_r:   279.479912 | e:   0.547600 | Q: 845.723389 | won: False 
# 2719 | steps_t:  9049 | t: 512.604131 | r:   -76.600000 | avg_r:   279.348952 | e:   0.547550 | Q: 547.359375 | won: False 
# 2720 | steps_t:  9055 | t: 513.002512 | r:  1161.200000 | avg_r:   279.673162 | e:   0.547250 | Q: 1069.124023 | won: False 
# 2721 | steps_t:  9056 | t: 513.088086 | r:   487.400000 | avg_r:   279.749504 | e:   0.547200 | Q: 674.764832 | won: False 
# 2722 | steps_t:  9062 | t: 513.522723 | r:  1092.200000 | avg_r:   280.047979 | e:   0.546900 | Q: 1058.276611 | won: False 
# 2723 | steps_t:  9064 | t: 513.697935 | r:   504.400000 | avg_r:   280.130371 | e:   0.546800 | Q: 660.894653 | won: False 
# 2724 | steps_t:  9064 | t: 513.709711 | r:   299.800000 | avg_r:   280.137592 | e:   0.546800 | Q: 613.669983 | won: False 
# 2725 | steps_t:  9065 | t: 513.781641 | r:   242.000000 | avg_r:   280.123596 | e:   0.546750 | Q: 579.200684 | won: False 
# 2726 | steps_t:  9067 | t: 513.931010 | r:   356.200000 | avg_r:   280.151504 | e:   0.546650 | Q: 946.009888 | won: False 
# 2727 | steps_t:  9069 | t: 514.067012 | r:   729.200000 | avg_r:   280.316172 | e:   0.546550 | Q: 572.670532 | won: False 
# 2728 | steps_t:  9072 | t: 514.261704 | r:   377.200000 | avg_r:   280.351686 | e:   0.546400 | Q: 758.834900 | won: False 
# 2729 | steps_t:  9073 | t: 514.414845 | r:   235.200000 | avg_r:   280.335141 | e:   0.546350 | Q: 599.610107 | won: False 
# 2730 | steps_t:  9078 | t: 514.818371 | r:  1126.000000 | avg_r:   280.644908 | e:   0.546100 | Q: 1074.315796 | won: False 
# 2731 | steps_t:  9079 | t: 514.910766 | r:   300.600000 | avg_r:   280.652215 | e:   0.546050 | Q: 621.318298 | won: False 
# 2732 | steps_t:  9080 | t: 515.011891 | r:   528.200000 | avg_r:   280.742826 | e:   0.546000 | Q: 907.708435 | won: False 
# 2733 | steps_t:  9087 | t: 515.859803 | r:  1328.200000 | avg_r:   281.126089 | e:   0.545650 | Q: 1238.652100 | won: False 
# 2734 | steps_t:  9091 | t: 516.225998 | r:  1318.400000 | avg_r:   281.505486 | e:   0.545450 | Q: 1174.271484 | won: False 
# 2735 | steps_t:  9093 | t: 516.439116 | r:   507.400000 | avg_r:   281.588080 | e:   0.545350 | Q: 970.107727 | won: False 
# 2736 | steps_t:  9100 | t: 517.020937 | r:  1493.000000 | avg_r:   282.030848 | e:   0.545000 | Q: 1065.775269 | won: False 
# 2737 | steps_t:  9104 | t: 517.339862 | r:   358.400000 | avg_r:   282.058750 | e:   0.544800 | Q: 1007.131104 | won: False 
# 2738 | steps_t:  9108 | t: 517.675848 | r:  1009.200000 | avg_r:   282.324324 | e:   0.544600 | Q: 1097.237061 | won: False 
# 2739 | steps_t:  9112 | t: 518.047710 | r:   585.200000 | avg_r:   282.434903 | e:   0.544400 | Q: 1069.004272 | won: False 
# 2740 | steps_t:  9112 | t: 518.072986 | r:   -87.600000 | avg_r:   282.299854 | e:   0.544400 | Q: 606.360474 | won: False 
# 2741 | steps_t:  9117 | t: 518.513367 | r:   908.000000 | avg_r:   282.528128 | e:   0.544150 | Q: 1075.520996 | won: False 
# 2742 | steps_t:  9118 | t: 518.606736 | r:   271.000000 | avg_r:   282.523924 | e:   0.544100 | Q: 888.884216 | won: False 
# 2743 | steps_t:  9120 | t: 518.806975 | r:   456.800000 | avg_r:   282.587459 | e:   0.544000 | Q: 778.543762 | won: False 
# 2744 | steps_t:  9123 | t: 519.106561 | r:   428.600000 | avg_r:   282.640671 | e:   0.543850 | Q: 889.221252 | won: False 
# 2745 | steps_t:  9125 | t: 519.312764 | r:   844.400000 | avg_r:   282.845319 | e:   0.543750 | Q: 837.235962 | won: False 
# 2746 | steps_t:  9131 | t: 519.879397 | r:  1108.600000 | avg_r:   283.146031 | e:   0.543450 | Q: 1084.838257 | won: False 
# 2747 | steps_t:  9134 | t: 520.188476 | r:   938.200000 | avg_r:   283.384492 | e:   0.543300 | Q: 1039.779419 | won: False 
# 2748 | steps_t:  9136 | t: 520.369131 | r:   520.600000 | avg_r:   283.470815 | e:   0.543200 | Q: 725.253296 | won: False 
# 2749 | steps_t:  9137 | t: 520.447997 | r:   179.000000 | avg_r:   283.432812 | e:   0.543150 | Q: 558.750305 | won: False 
# 2750 | steps_t:  9138 | t: 520.527035 | r:   286.600000 | avg_r:   283.433964 | e:   0.543100 | Q: 706.546143 | won: False 
# 2751 | steps_t:  9140 | t: 520.685202 | r:   839.000000 | avg_r:   283.635914 | e:   0.543000 | Q: 977.199341 | won: False 
# 2752 | steps_t:  9142 | t: 520.843979 | r:   499.400000 | avg_r:   283.714317 | e:   0.542900 | Q: 790.667603 | won: False 
# 2753 | steps_t:  9145 | t: 521.065551 | r:   680.000000 | avg_r:   283.858264 | e:   0.542750 | Q: 954.537476 | won: False 
# 2754 | steps_t:  9153 | t: 521.834914 | r:  1179.400000 | avg_r:   284.183442 | e:   0.542350 | Q: 1097.415405 | won: False 
# 2755 | steps_t:  9159 | t: 522.399660 | r:  1488.000000 | avg_r:   284.620399 | e:   0.542050 | Q: 987.850342 | won: False 
# 2756 | steps_t:  9159 | t: 522.415517 | r:   294.800000 | avg_r:   284.624093 | e:   0.542050 | Q: 532.412231 | won: False 
# 2757 | steps_t:  9161 | t: 522.593763 | r:   468.800000 | avg_r:   284.690896 | e:   0.541950 | Q: 624.084106 | won: False 
# 2758 | steps_t:  9162 | t: 522.672373 | r:   -95.200000 | avg_r:   284.553154 | e:   0.541900 | Q: 509.415558 | won: False 
# 2759 | steps_t:  9164 | t: 522.840962 | r:   855.400000 | avg_r:   284.760058 | e:   0.541800 | Q: 805.186096 | won: False 
# 2760 | steps_t:  9170 | t: 523.299284 | r:  1175.000000 | avg_r:   285.082609 | e:   0.541500 | Q: 1048.390869 | won: False 
# 2761 | steps_t:  9172 | t: 523.436326 | r:   187.000000 | avg_r:   285.047084 | e:   0.541400 | Q: 697.863647 | won: False 
# 2762 | steps_t:  9178 | t: 523.839108 | r:  2956.800000 | avg_r:   286.014410 | e:   0.541100 | Q: 1108.830933 | won: True 
# 2763 | steps_t:  9180 | t: 523.972219 | r:   643.200000 | avg_r:   286.143684 | e:   0.541000 | Q: 1097.193726 | won: False 
# 2764 | steps_t:  9184 | t: 524.190768 | r:   684.800000 | avg_r:   286.287916 | e:   0.540800 | Q: 1090.922363 | won: False 
# 2765 | steps_t:  9185 | t: 524.248210 | r:  -114.000000 | avg_r:   286.143146 | e:   0.540750 | Q: 810.213257 | won: False 
# 2766 | steps_t:  9189 | t: 524.499168 | r:   932.800000 | avg_r:   286.376934 | e:   0.540550 | Q: 1191.773315 | won: False 
# 2767 | steps_t:  9190 | t: 524.558769 | r:   -28.800000 | avg_r:   286.263029 | e:   0.540500 | Q: 602.460754 | won: False 
# 2768 | steps_t:  9193 | t: 524.735253 | r:  1032.000000 | avg_r:   286.532442 | e:   0.540350 | Q: 1133.194458 | won: False 
# 2769 | steps_t:  9196 | t: 524.916804 | r:   872.200000 | avg_r:   286.743951 | e:   0.540200 | Q: 1198.970825 | won: False 
# 2770 | steps_t:  9200 | t: 525.159896 | r:  1000.200000 | avg_r:   287.001516 | e:   0.540000 | Q: 1123.829712 | won: False 
# 2771 | steps_t:  9201 | t: 525.218588 | r:   199.200000 | avg_r:   286.969830 | e:   0.539950 | Q: 684.660583 | won: False 
# 2772 | steps_t:  9203 | t: 525.331933 | r:   287.800000 | avg_r:   286.970130 | e:   0.539850 | Q: 712.550293 | won: False 
# 2773 | steps_t:  9210 | t: 525.754567 | r:  1171.800000 | avg_r:   287.289217 | e:   0.539500 | Q: 1255.758911 | won: False 
# 2774 | steps_t:  9212 | t: 525.883368 | r:   268.000000 | avg_r:   287.282264 | e:   0.539400 | Q: 803.995605 | won: False 
# 2775 | steps_t:  9220 | t: 526.337439 | r:  1319.400000 | avg_r:   287.654198 | e:   0.539000 | Q: 1321.656372 | won: False 
# 2776 | steps_t:  9223 | t: 526.489262 | r:  1522.800000 | avg_r:   288.099135 | e:   0.538850 | Q: 1280.137939 | won: False 
# 2777 | steps_t:  9228 | t: 526.753843 | r:   948.600000 | avg_r:   288.336982 | e:   0.538600 | Q: 1005.158081 | won: False 
# 2778 | steps_t:  9241 | t: 527.460752 | r:  2779.200000 | avg_r:   289.233621 | e:   0.537950 | Q: 1217.015381 | won: True 
# 2779 | steps_t:  9243 | t: 527.573971 | r:   462.600000 | avg_r:   289.296006 | e:   0.537850 | Q: 665.836853 | won: False 
# 2780 | steps_t:  9244 | t: 527.628698 | r:   224.600000 | avg_r:   289.272734 | e:   0.537800 | Q: 625.420898 | won: False 
# 2781 | steps_t:  9246 | t: 527.731856 | r:   527.000000 | avg_r:   289.358216 | e:   0.537700 | Q: 886.933411 | won: False 
# 2782 | steps_t:  9248 | t: 527.840177 | r:   781.600000 | avg_r:   289.535155 | e:   0.537600 | Q: 752.804138 | won: False 
# 2783 | steps_t:  9249 | t: 527.897724 | r:  -131.400000 | avg_r:   289.383902 | e:   0.537550 | Q: 665.041321 | won: False 
# 2784 | steps_t:  9251 | t: 527.998318 | r:   188.200000 | avg_r:   289.347557 | e:   0.537450 | Q: 949.834167 | won: False 
# 2785 | steps_t:  9260 | t: 528.474349 | r:  1127.600000 | avg_r:   289.648546 | e:   0.537000 | Q: 1161.009155 | won: False 
# 2786 | steps_t:  9265 | t: 528.741086 | r:   561.200000 | avg_r:   289.746016 | e:   0.536750 | Q: 1127.184570 | won: False 
# 2787 | steps_t:  9274 | t: 529.237336 | r:  1377.400000 | avg_r:   290.136276 | e:   0.536300 | Q: 1185.005981 | won: False 
# 2788 | steps_t:  9276 | t: 529.350829 | r:   -88.600000 | avg_r:   290.000430 | e:   0.536200 | Q: 668.818604 | won: False 
# 2789 | steps_t:  9277 | t: 529.397462 | r:  -429.000000 | avg_r:   289.742632 | e:   0.536150 | Q: 632.792236 | won: False 
# 2790 | steps_t:  9281 | t: 529.618032 | r:   600.600000 | avg_r:   289.854050 | e:   0.535950 | Q: 1071.063599 | won: False 
# 2791 | steps_t:  9283 | t: 529.729279 | r:   250.000000 | avg_r:   289.839771 | e:   0.535850 | Q: 944.859131 | won: False 
# 2792 | steps_t:  9288 | t: 530.007258 | r:  3075.800000 | avg_r:   290.837607 | e:   0.535600 | Q: 1098.855103 | won: True 
# 2793 | steps_t:  9289 | t: 530.070283 | r:  -342.000000 | avg_r:   290.611028 | e:   0.535550 | Q: 586.938477 | won: False 
# 2794 | steps_t:  9290 | t: 530.118081 | r:   244.600000 | avg_r:   290.594560 | e:   0.535500 | Q: 668.923767 | won: False 
# 2795 | steps_t:  9291 | t: 530.181272 | r:   299.000000 | avg_r:   290.597567 | e:   0.535450 | Q: 620.859558 | won: False 
# 2796 | steps_t:  9292 | t: 530.228838 | r:   184.200000 | avg_r:   290.559514 | e:   0.535400 | Q: 579.038147 | won: False 
# 2797 | steps_t:  9297 | t: 530.482710 | r:   738.800000 | avg_r:   290.719771 | e:   0.535150 | Q: 995.521118 | won: False 
# 2798 | steps_t:  9299 | t: 530.593978 | r:   749.000000 | avg_r:   290.883560 | e:   0.535050 | Q: 875.576294 | won: False 
# 2799 | steps_t:  9300 | t: 530.657479 | r:   284.600000 | avg_r:   290.881315 | e:   0.535000 | Q: 584.346741 | won: False 
# 2800 | steps_t:  9302 | t: 530.754139 | r:   183.600000 | avg_r:   290.843000 | e:   0.534900 | Q: 598.418823 | won: False 
# 2801 | steps_t:  9303 | t: 530.815388 | r:   279.000000 | avg_r:   290.838772 | e:   0.534850 | Q: 789.330750 | won: False 
# 2802 | steps_t:  9304 | t: 530.878670 | r:  -347.000000 | avg_r:   290.611135 | e:   0.534800 | Q: 540.760437 | won: False 
# 2803 | steps_t:  9305 | t: 530.925359 | r:   289.800000 | avg_r:   290.610846 | e:   0.534750 | Q: 880.425049 | won: False 
# 2804 | steps_t:  9305 | t: 530.941285 | r:   -99.800000 | avg_r:   290.471612 | e:   0.534750 | Q: 563.491882 | won: False 
# 2805 | steps_t:  9307 | t: 531.054455 | r:  1038.800000 | avg_r:   290.738396 | e:   0.534650 | Q: 895.113037 | won: False 
# 2806 | steps_t:  9319 | t: 531.687961 | r:   682.200000 | avg_r:   290.877904 | e:   0.534050 | Q: 1158.607666 | won: False 
# 2807 | steps_t:  9323 | t: 531.907007 | r:    43.000000 | avg_r:   290.789597 | e:   0.533850 | Q: 663.386902 | won: False 
# 2808 | steps_t:  9324 | t: 531.970258 | r:   244.400000 | avg_r:   290.773077 | e:   0.533800 | Q: 576.963623 | won: False 
# 2809 | steps_t:  9327 | t: 532.131413 | r:   472.800000 | avg_r:   290.837878 | e:   0.533650 | Q: 789.333984 | won: False 
# 2810 | steps_t:  9329 | t: 532.240103 | r:   747.200000 | avg_r:   291.000285 | e:   0.533550 | Q: 977.884399 | won: False 
# 2811 | steps_t:  9330 | t: 532.303368 | r:   204.400000 | avg_r:   290.969477 | e:   0.533500 | Q: 685.110168 | won: False 
# 2812 | steps_t:  9337 | t: 532.672281 | r:  1204.800000 | avg_r:   291.294452 | e:   0.533150 | Q: 1089.089966 | won: False 
# 2813 | steps_t:  9343 | t: 532.996482 | r:   395.200000 | avg_r:   291.331390 | e:   0.532850 | Q: 1101.945801 | won: False 
# 2814 | steps_t:  9348 | t: 533.268143 | r:  1177.400000 | avg_r:   291.646269 | e:   0.532600 | Q: 1073.595825 | won: False 
# 2815 | steps_t:  9350 | t: 533.379959 | r:   549.200000 | avg_r:   291.737762 | e:   0.532500 | Q: 755.723206 | won: False 
# 2816 | steps_t:  9352 | t: 533.487681 | r:   302.600000 | avg_r:   291.741619 | e:   0.532400 | Q: 1042.010254 | won: False 
# 2817 | steps_t:  9355 | t: 533.659678 | r:   402.200000 | avg_r:   291.780831 | e:   0.532250 | Q: 952.594116 | won: False 
# 2818 | steps_t:  9357 | t: 533.757172 | r:   -78.800000 | avg_r:   291.649326 | e:   0.532150 | Q: 697.057861 | won: False 
# 2819 | steps_t:  9363 | t: 534.087558 | r:  1228.600000 | avg_r:   291.981696 | e:   0.531850 | Q: 1187.937622 | won: False 
# 2820 | steps_t:  9364 | t: 534.141330 | r:   -44.800000 | avg_r:   291.862270 | e:   0.531800 | Q: 661.272766 | won: False 
# 2821 | steps_t:  9377 | t: 534.838569 | r:   964.400000 | avg_r:   292.100674 | e:   0.531150 | Q: 1186.319824 | won: False 
# 2822 | steps_t:  9378 | t: 534.896982 | r:   167.400000 | avg_r:   292.056485 | e:   0.531100 | Q: 636.578186 | won: False 
# 2823 | steps_t:  9381 | t: 535.055554 | r:   127.400000 | avg_r:   291.998158 | e:   0.530950 | Q: 720.962463 | won: False 
# 2824 | steps_t:  9383 | t: 535.153742 | r:   710.600000 | avg_r:   292.146388 | e:   0.530850 | Q: 1074.664307 | won: False 
# 2825 | steps_t:  9384 | t: 535.214166 | r:   503.800000 | avg_r:   292.221310 | e:   0.530800 | Q: 860.327515 | won: False 
# 2826 | steps_t:  9386 | t: 535.331157 | r:   444.400000 | avg_r:   292.275159 | e:   0.530700 | Q: 977.820801 | won: False 
# 2827 | steps_t:  9388 | t: 535.445687 | r:    82.000000 | avg_r:   292.200778 | e:   0.530600 | Q: 1075.619263 | won: False 
# 2828 | steps_t:  9395 | t: 535.817928 | r:  3012.600000 | avg_r:   293.162730 | e:   0.530250 | Q: 1269.231812 | won: True 
# 2829 | steps_t:  9397 | t: 535.928523 | r:   471.600000 | avg_r:   293.225804 | e:   0.530150 | Q: 804.812439 | won: False 
# 2830 | steps_t:  9400 | t: 536.091357 | r:  1314.400000 | avg_r:   293.586643 | e:   0.530000 | Q: 1252.799194 | won: False 
# 2831 | steps_t:  9404 | t: 536.304384 | r:  -235.400000 | avg_r:   293.399788 | e:   0.529800 | Q: 723.115295 | won: False 
# 2832 | steps_t:  9407 | t: 536.462309 | r:  1309.000000 | avg_r:   293.758404 | e:   0.529650 | Q: 1229.305176 | won: False 
# 2833 | steps_t:  9411 | t: 536.691960 | r:   965.000000 | avg_r:   293.995341 | e:   0.529450 | Q: 1152.707275 | won: False 
# 2834 | steps_t:  9412 | t: 536.761633 | r:   180.200000 | avg_r:   293.955187 | e:   0.529400 | Q: 674.150574 | won: False 
# 2835 | steps_t:  9413 | t: 536.809244 | r:   779.400000 | avg_r:   294.126420 | e:   0.529350 | Q: 930.284424 | won: False 
# 2836 | steps_t:  9415 | t: 536.919961 | r:   820.800000 | avg_r:   294.312130 | e:   0.529250 | Q: 1009.663513 | won: False 
# 2837 | steps_t:  9417 | t: 537.029776 | r:  -144.200000 | avg_r:   294.157561 | e:   0.529150 | Q: 664.768372 | won: False 
# 2838 | steps_t:  9420 | t: 537.187439 | r:   355.600000 | avg_r:   294.179211 | e:   0.529000 | Q: 869.508301 | won: False 
# 2839 | steps_t:  9421 | t: 537.238294 | r:   215.000000 | avg_r:   294.151321 | e:   0.528950 | Q: 713.472107 | won: False 
# 2840 | steps_t:  9424 | t: 537.399523 | r:   716.600000 | avg_r:   294.300070 | e:   0.528800 | Q: 964.641418 | won: False 
# 2841 | steps_t:  9426 | t: 537.503145 | r:   444.200000 | avg_r:   294.352834 | e:   0.528700 | Q: 1065.841187 | won: False 
# 2842 | steps_t:  9427 | t: 537.566384 | r:   -28.200000 | avg_r:   294.239338 | e:   0.528650 | Q: 955.802979 | won: False 
# 2843 | steps_t:  9430 | t: 537.724701 | r:  -162.200000 | avg_r:   294.078790 | e:   0.528500 | Q: 656.996399 | won: False 
# 2844 | steps_t:  9432 | t: 537.811271 | r:   -73.600000 | avg_r:   293.949508 | e:   0.528400 | Q: 672.996521 | won: False 
# 2845 | steps_t:  9433 | t: 537.874574 | r:   180.200000 | avg_r:   293.909525 | e:   0.528350 | Q: 657.302185 | won: False 
# 2846 | steps_t:  9434 | t: 537.933638 | r:  -106.400000 | avg_r:   293.768869 | e:   0.528300 | Q: 602.579102 | won: False 
# 2847 | steps_t:  9435 | t: 537.981287 | r:   280.000000 | avg_r:   293.764032 | e:   0.528250 | Q: 642.426208 | won: False 
# 2848 | steps_t:  9436 | t: 538.030885 | r:   504.400000 | avg_r:   293.837992 | e:   0.528200 | Q: 751.575806 | won: False 
# 2849 | steps_t:  9442 | t: 538.557060 | r:   556.800000 | avg_r:   293.930291 | e:   0.527900 | Q: 1149.877930 | won: False 
# 2850 | steps_t:  9443 | t: 538.615979 | r:   774.200000 | avg_r:   294.098807 | e:   0.527850 | Q: 1005.542786 | won: False 
# 2851 | steps_t:  9447 | t: 538.836577 | r:   955.800000 | avg_r:   294.330901 | e:   0.527650 | Q: 1095.445923 | won: False 
# 2852 | steps_t:  9448 | t: 538.900577 | r:   233.400000 | avg_r:   294.309537 | e:   0.527600 | Q: 676.058533 | won: False 
# 2853 | steps_t:  9452 | t: 539.095407 | r:   936.200000 | avg_r:   294.534525 | e:   0.527400 | Q: 1106.649170 | won: False 
# 2854 | steps_t:  9456 | t: 539.314226 | r:  1225.000000 | avg_r:   294.860547 | e:   0.527200 | Q: 1186.937012 | won: False 
# 2855 | steps_t:  9457 | t: 539.375436 | r:   197.000000 | avg_r:   294.826270 | e:   0.527150 | Q: 623.782715 | won: False 
# 2856 | steps_t:  9460 | t: 539.533836 | r:   350.000000 | avg_r:   294.845588 | e:   0.527000 | Q: 1120.588623 | won: False 
# 2857 | steps_t:  9461 | t: 539.581266 | r:   232.800000 | avg_r:   294.823871 | e:   0.526950 | Q: 711.382874 | won: False 
# 2858 | steps_t:  9465 | t: 539.806354 | r:  3182.800000 | avg_r:   295.834360 | e:   0.526750 | Q: 1054.505493 | won: True 
# 2859 | steps_t:  9469 | t: 540.039852 | r:   668.400000 | avg_r:   295.964673 | e:   0.526550 | Q: 1079.768555 | won: False 
# 2860 | steps_t:  9476 | t: 540.404464 | r:  1430.800000 | avg_r:   296.361469 | e:   0.526200 | Q: 1142.032227 | won: False 
# 2861 | steps_t:  9479 | t: 540.550212 | r:   174.400000 | avg_r:   296.318840 | e:   0.526050 | Q: 654.949890 | won: False 
# 2862 | steps_t:  9491 | t: 541.185840 | r:  1177.600000 | avg_r:   296.626765 | e:   0.525450 | Q: 1140.251709 | won: False 
# 2863 | steps_t:  9494 | t: 541.345338 | r:   381.400000 | avg_r:   296.656374 | e:   0.525300 | Q: 886.298950 | won: False 
# 2864 | steps_t:  9501 | t: 541.727806 | r:   996.200000 | avg_r:   296.900628 | e:   0.524950 | Q: 1129.311401 | won: False 
# 2865 | steps_t:  9503 | t: 541.835947 | r:   193.000000 | avg_r:   296.864363 | e:   0.524850 | Q: 656.483948 | won: False 
# 2866 | steps_t:  9504 | t: 541.897303 | r:   275.600000 | avg_r:   296.856943 | e:   0.524800 | Q: 672.861084 | won: False 
# 2867 | steps_t:  9510 | t: 542.236531 | r:   318.200000 | avg_r:   296.864388 | e:   0.524500 | Q: 1080.212524 | won: False 
# 2868 | steps_t:  9513 | t: 542.404526 | r:  -106.600000 | avg_r:   296.723710 | e:   0.524350 | Q: 622.976746 | won: False 
# 2869 | steps_t:  9515 | t: 542.515115 | r:   218.600000 | avg_r:   296.696480 | e:   0.524250 | Q: 728.022156 | won: False 
# 2870 | steps_t:  9517 | t: 542.626597 | r:   141.200000 | avg_r:   296.642300 | e:   0.524150 | Q: 603.019348 | won: False 
# 2871 | steps_t:  9523 | t: 542.934385 | r:  2924.400000 | avg_r:   297.557576 | e:   0.523850 | Q: 1098.775513 | won: True 
# 2872 | steps_t:  9529 | t: 543.244082 | r:  1203.400000 | avg_r:   297.872981 | e:   0.523550 | Q: 1154.722168 | won: False 
# 2873 | steps_t:  9530 | t: 543.293916 | r:   494.600000 | avg_r:   297.941455 | e:   0.523500 | Q: 728.317871 | won: False 
# 2874 | steps_t:  9540 | t: 543.832286 | r:  1241.400000 | avg_r:   298.269729 | e:   0.523000 | Q: 1149.537964 | won: False 
# 2875 | steps_t:  9543 | t: 544.007180 | r:   763.200000 | avg_r:   298.431443 | e:   0.522850 | Q: 1038.878418 | won: False 
# 2876 | steps_t:  9547 | t: 544.213727 | r:  1246.800000 | avg_r:   298.761196 | e:   0.522650 | Q: 1127.826294 | won: False 
# 2877 | steps_t:  9548 | t: 544.266864 | r:  -356.000000 | avg_r:   298.533611 | e:   0.522600 | Q: 649.363464 | won: False 
# 2878 | steps_t:  9550 | t: 544.373512 | r:  -168.600000 | avg_r:   298.371300 | e:   0.522500 | Q: 612.443115 | won: False 
# 2879 | steps_t:  9554 | t: 544.582792 | r:  1200.000000 | avg_r:   298.684474 | e:   0.522300 | Q: 1086.857666 | won: False 
# 2880 | steps_t:  9559 | t: 544.851014 | r:  3105.000000 | avg_r:   299.658889 | e:   0.522050 | Q: 1076.924438 | won: True 
# 2881 | steps_t:  9560 | t: 544.904806 | r:   210.400000 | avg_r:   299.627907 | e:   0.522000 | Q: 665.724487 | won: False 
# 2882 | steps_t:  9561 | t: 544.977976 | r:   539.000000 | avg_r:   299.710965 | e:   0.521950 | Q: 829.039917 | won: False 
# 2883 | steps_t:  9562 | t: 545.029980 | r:   227.000000 | avg_r:   299.685744 | e:   0.521900 | Q: 698.780884 | won: False 
# 2884 | steps_t:  9564 | t: 545.140299 | r:  1263.600000 | avg_r:   300.019972 | e:   0.521800 | Q: 976.230530 | won: False 
# 2885 | steps_t:  9566 | t: 545.250140 | r:  -129.200000 | avg_r:   299.871196 | e:   0.521700 | Q: 621.335388 | won: False 
# 2886 | steps_t:  9571 | t: 545.516543 | r:   701.200000 | avg_r:   300.010256 | e:   0.521450 | Q: 1019.104736 | won: False 
# 2887 | steps_t:  9573 | t: 545.634842 | r:   -68.800000 | avg_r:   299.882508 | e:   0.521350 | Q: 647.631836 | won: False 
# 2888 | steps_t:  9577 | t: 545.864408 | r:  1028.200000 | avg_r:   300.134695 | e:   0.521150 | Q: 1022.697266 | won: False 
# 2889 | steps_t:  9577 | t: 545.864408 | r:  -356.000000 | avg_r:   299.907580 | e:   0.521150 | Q: 646.494141 | won: False 
# 2890 | steps_t:  9578 | t: 545.931230 | r:   503.600000 | avg_r:   299.978062 | e:   0.521100 | Q: 715.313782 | won: False 
# 2891 | steps_t:  9580 | t: 546.038157 | r:   239.800000 | avg_r:   299.957247 | e:   0.521000 | Q: 639.914246 | won: False 
# 2892 | steps_t:  9582 | t: 546.136050 | r:   724.800000 | avg_r:   300.104149 | e:   0.520900 | Q: 949.933655 | won: False 
# 2893 | steps_t:  9591 | t: 546.628716 | r:  1260.600000 | avg_r:   300.436156 | e:   0.520450 | Q: 1142.655396 | won: False 
# 2894 | steps_t:  9592 | t: 546.675864 | r:   -95.000000 | avg_r:   300.299516 | e:   0.520400 | Q: 593.475830 | won: False 
# 2895 | steps_t:  9595 | t: 546.847483 | r:   955.000000 | avg_r:   300.525665 | e:   0.520250 | Q: 1106.529297 | won: False 
# 2896 | steps_t:  9598 | t: 547.022116 | r:  3171.200000 | avg_r:   301.516920 | e:   0.520100 | Q: 1034.338989 | won: True 
# 2897 | steps_t:  9600 | t: 547.133347 | r:  1131.400000 | avg_r:   301.803383 | e:   0.520000 | Q: 976.542358 | won: False 
# 2898 | steps_t:  9601 | t: 547.181090 | r:   204.400000 | avg_r:   301.769772 | e:   0.519950 | Q: 748.243896 | won: False 
# 2899 | steps_t:  9605 | t: 547.404177 | r:  1006.800000 | avg_r:   302.012970 | e:   0.519750 | Q: 1064.338257 | won: False 
# 2900 | steps_t:  9616 | t: 548.022388 | r:  1124.600000 | avg_r:   302.296621 | e:   0.519200 | Q: 1182.621704 | won: False 
# 2901 | steps_t:  9619 | t: 548.180734 | r:   689.000000 | avg_r:   302.429921 | e:   0.519050 | Q: 1034.010376 | won: False 
# 2902 | steps_t:  9622 | t: 548.340693 | r:  1288.600000 | avg_r:   302.769745 | e:   0.518900 | Q: 1153.244263 | won: False 
# 2903 | steps_t:  9626 | t: 548.565033 | r:   979.200000 | avg_r:   303.002756 | e:   0.518700 | Q: 940.397888 | won: False 
# 2904 | steps_t:  9627 | t: 548.617936 | r:   -92.600000 | avg_r:   302.866529 | e:   0.518650 | Q: 758.005859 | won: False 
# 2905 | steps_t:  9630 | t: 548.776322 | r:   965.000000 | avg_r:   303.094458 | e:   0.518500 | Q: 1082.963257 | won: False 
# 2906 | steps_t:  9631 | t: 548.833637 | r:   -11.800000 | avg_r:   302.986098 | e:   0.518450 | Q: 655.239014 | won: False 
# 2907 | steps_t:  9631 | t: 548.833637 | r:   299.800000 | avg_r:   302.985002 | e:   0.518450 | Q: 693.309021 | won: False 
# 2908 | steps_t:  9636 | t: 549.117977 | r:   961.800000 | avg_r:   303.211554 | e:   0.518200 | Q: 1109.548950 | won: False 
# 2909 | steps_t:  9638 | t: 549.217465 | r:   403.600000 | avg_r:   303.246064 | e:   0.518100 | Q: 898.860046 | won: False 
# 2910 | steps_t:  9640 | t: 549.322879 | r:   168.800000 | avg_r:   303.199863 | e:   0.518000 | Q: 885.323120 | won: False 
# 2911 | steps_t:  9643 | t: 549.471585 | r:   684.600000 | avg_r:   303.330883 | e:   0.517850 | Q: 981.677124 | won: False 
# 2912 | steps_t:  9645 | t: 549.583829 | r:   564.000000 | avg_r:   303.420398 | e:   0.517750 | Q: 720.515991 | won: False 
# 2913 | steps_t:  9648 | t: 549.752031 | r:   737.200000 | avg_r:   303.569310 | e:   0.517600 | Q: 823.164673 | won: False 
# 2914 | steps_t:  9650 | t: 549.864947 | r:   880.600000 | avg_r:   303.767330 | e:   0.517500 | Q: 820.576416 | won: False 
# 2915 | steps_t:  9652 | t: 549.988236 | r:   183.600000 | avg_r:   303.726106 | e:   0.517400 | Q: 954.793457 | won: False 
# 2916 | steps_t:  9654 | t: 550.090040 | r:   289.400000 | avg_r:   303.721193 | e:   0.517300 | Q: 768.544189 | won: False 
# 2917 | steps_t:  9658 | t: 550.289850 | r:   920.800000 | avg_r:   303.932739 | e:   0.517100 | Q: 957.116150 | won: False 
# 2918 | steps_t:  9662 | t: 550.501786 | r:  1339.400000 | avg_r:   304.287594 | e:   0.516900 | Q: 976.982117 | won: False 
# 2919 | steps_t:  9663 | t: 550.558700 | r:   -53.600000 | avg_r:   304.164988 | e:   0.516850 | Q: 530.202576 | won: False 
# 2920 | steps_t:  9666 | t: 550.722231 | r:  1306.800000 | avg_r:   304.508356 | e:   0.516700 | Q: 1077.460693 | won: False 
# 2921 | steps_t:  9667 | t: 550.785512 | r:   290.400000 | avg_r:   304.503526 | e:   0.516650 | Q: 840.875061 | won: False 
# 2922 | steps_t:  9672 | t: 551.075999 | r:  1143.800000 | avg_r:   304.790760 | e:   0.516400 | Q: 1176.646118 | won: False 
# 2923 | steps_t:  9673 | t: 551.134028 | r:   290.400000 | avg_r:   304.785836 | e:   0.516350 | Q: 728.342163 | won: False 
# 2924 | steps_t:  9674 | t: 551.187866 | r:  -366.000000 | avg_r:   304.556430 | e:   0.516300 | Q: 713.731689 | won: False 
# 2925 | steps_t:  9678 | t: 551.400337 | r:   556.600000 | avg_r:   304.642598 | e:   0.516100 | Q: 1087.570923 | won: False 
# 2926 | steps_t:  9679 | t: 551.463015 | r:  1284.600000 | avg_r:   304.977512 | e:   0.516050 | Q: 1106.055664 | won: False 
# 2927 | steps_t:  9683 | t: 551.686504 | r:  1498.400000 | avg_r:   305.385241 | e:   0.515850 | Q: 1189.396484 | won: False 
# 2928 | steps_t:  9684 | t: 551.747793 | r:   600.000000 | avg_r:   305.485861 | e:   0.515800 | Q: 846.977051 | won: False 
# 2929 | steps_t:  9689 | t: 552.031546 | r:  3086.000000 | avg_r:   306.435166 | e:   0.515550 | Q: 1202.601807 | won: True 
# 2930 | steps_t:  9693 | t: 552.251494 | r:  1169.200000 | avg_r:   306.729625 | e:   0.515350 | Q: 1125.554565 | won: False 
# 2931 | steps_t:  9694 | t: 552.321832 | r:   538.800000 | avg_r:   306.808802 | e:   0.515300 | Q: 763.729553 | won: False 
# 2932 | steps_t:  9697 | t: 552.492054 | r:   742.000000 | avg_r:   306.957231 | e:   0.515150 | Q: 1169.002075 | won: False 
# 2933 | steps_t:  9698 | t: 552.544856 | r:   298.200000 | avg_r:   306.954245 | e:   0.515100 | Q: 683.512512 | won: False 
# 2934 | steps_t:  9704 | t: 552.881985 | r:   823.000000 | avg_r:   307.130130 | e:   0.514800 | Q: 1189.221069 | won: False 
# 2935 | steps_t:  9706 | t: 552.988210 | r:   128.400000 | avg_r:   307.069233 | e:   0.514700 | Q: 826.146057 | won: False 
# 2936 | steps_t:  9708 | t: 553.091864 | r:   196.400000 | avg_r:   307.031540 | e:   0.514600 | Q: 705.137695 | won: False 
# 2937 | steps_t:  9709 | t: 553.157235 | r:   155.200000 | avg_r:   306.979843 | e:   0.514550 | Q: 645.127441 | won: False 
# 2938 | steps_t:  9710 | t: 553.237207 | r:   280.400000 | avg_r:   306.970796 | e:   0.514500 | Q: 1005.374817 | won: False 
# 2939 | steps_t:  9714 | t: 553.458786 | r:   657.800000 | avg_r:   307.090167 | e:   0.514300 | Q: 1070.582397 | won: False 
# 2940 | steps_t:  9721 | t: 553.859781 | r:  1429.200000 | avg_r:   307.471837 | e:   0.513950 | Q: 1116.222168 | won: False 
# 2941 | steps_t:  9722 | t: 553.919002 | r:   505.400000 | avg_r:   307.539136 | e:   0.513900 | Q: 679.851379 | won: False 
# 2942 | steps_t:  9723 | t: 553.981065 | r:    82.200000 | avg_r:   307.462542 | e:   0.513850 | Q: 593.840027 | won: False 
# 2943 | steps_t:  9725 | t: 554.092172 | r:   262.600000 | avg_r:   307.447299 | e:   0.513750 | Q: 634.141174 | won: False 
# 2944 | steps_t:  9727 | t: 554.198221 | r:   144.400000 | avg_r:   307.391916 | e:   0.513650 | Q: 755.504456 | won: False 
# 2945 | steps_t:  9729 | t: 554.310441 | r:   233.200000 | avg_r:   307.366723 | e:   0.513550 | Q: 651.002502 | won: False 
# 2946 | steps_t:  9730 | t: 554.369403 | r:   600.000000 | avg_r:   307.466056 | e:   0.513500 | Q: 817.086792 | won: False 
# 2947 | steps_t:  9735 | t: 554.649871 | r:   908.600000 | avg_r:   307.670037 | e:   0.513250 | Q: 1035.793701 | won: False 
# 2948 | steps_t:  9736 | t: 554.703835 | r:  -363.000000 | avg_r:   307.442537 | e:   0.513200 | Q: 511.233490 | won: False 
# 2949 | steps_t:  9740 | t: 554.936409 | r:   951.800000 | avg_r:   307.661038 | e:   0.513000 | Q: 1079.315063 | won: False 
# 2950 | steps_t:  9743 | t: 555.101754 | r:   427.800000 | avg_r:   307.701763 | e:   0.512850 | Q: 862.361145 | won: False 
# 2951 | steps_t:  9744 | t: 555.160850 | r:   -91.200000 | avg_r:   307.566588 | e:   0.512800 | Q: 622.252136 | won: False 
# 2952 | steps_t:  9746 | t: 555.274806 | r:   -95.600000 | avg_r:   307.430014 | e:   0.512700 | Q: 691.930603 | won: False 
# 2953 | steps_t:  9750 | t: 555.500945 | r:   931.200000 | avg_r:   307.641246 | e:   0.512500 | Q: 1007.832886 | won: False 
# 2954 | steps_t:  9752 | t: 555.611476 | r:  -171.000000 | avg_r:   307.479215 | e:   0.512400 | Q: 617.459778 | won: False 
# 2955 | steps_t:  9754 | t: 555.710884 | r:   452.800000 | avg_r:   307.528393 | e:   0.512300 | Q: 837.564087 | won: False 
# 2956 | steps_t:  9756 | t: 555.823561 | r:   -96.000000 | avg_r:   307.391881 | e:   0.512200 | Q: 657.141724 | won: False 
# 2957 | steps_t:  9760 | t: 556.039109 | r:   933.200000 | avg_r:   307.603517 | e:   0.512000 | Q: 1042.637939 | won: False 
# 2958 | steps_t:  9761 | t: 556.091383 | r:  -104.600000 | avg_r:   307.464165 | e:   0.511950 | Q: 620.362305 | won: False 
# 2959 | steps_t:  9762 | t: 556.156631 | r:   439.400000 | avg_r:   307.508753 | e:   0.511900 | Q: 1023.804016 | won: False 
# 2960 | steps_t:  9763 | t: 556.210117 | r:   -68.800000 | avg_r:   307.381622 | e:   0.511850 | Q: 635.270020 | won: False 
# 2961 | steps_t:  9769 | t: 556.545875 | r:  1543.600000 | avg_r:   307.799122 | e:   0.511550 | Q: 1163.475098 | won: False 
# 2962 | steps_t:  9770 | t: 556.606614 | r:   214.200000 | avg_r:   307.767522 | e:   0.511500 | Q: 672.361267 | won: False 
# 2963 | steps_t:  9771 | t: 556.672420 | r:  -103.200000 | avg_r:   307.628822 | e:   0.511450 | Q: 632.454834 | won: False 
# 2964 | steps_t:  9774 | t: 556.849757 | r:   624.200000 | avg_r:   307.735628 | e:   0.511300 | Q: 1060.932983 | won: False 
# 2965 | steps_t:  9782 | t: 557.318887 | r:  1326.200000 | avg_r:   308.079123 | e:   0.510900 | Q: 1206.904053 | won: False 
# 2966 | steps_t:  9785 | t: 557.487738 | r:  1097.400000 | avg_r:   308.345246 | e:   0.510750 | Q: 1159.638550 | won: False 
# 2967 | steps_t:  9787 | t: 557.603659 | r:   153.400000 | avg_r:   308.293023 | e:   0.510650 | Q: 745.828918 | won: False 
# 2968 | steps_t:  9788 | t: 557.672557 | r:   243.200000 | avg_r:   308.271092 | e:   0.510600 | Q: 728.527161 | won: False 
# 2969 | steps_t:  9790 | t: 557.772682 | r:   495.600000 | avg_r:   308.334187 | e:   0.510500 | Q: 996.222900 | won: False 
# 2970 | steps_t:  9795 | t: 558.046749 | r:  1212.400000 | avg_r:   308.638586 | e:   0.510250 | Q: 1068.716919 | won: False 
# 2971 | steps_t:  9797 | t: 558.163951 | r:   -73.800000 | avg_r:   308.509862 | e:   0.510150 | Q: 671.992310 | won: False 
# 2972 | steps_t:  9801 | t: 558.369385 | r:  1282.400000 | avg_r:   308.837550 | e:   0.509950 | Q: 1046.617554 | won: False 
# 2973 | steps_t:  9802 | t: 558.424896 | r:  -120.800000 | avg_r:   308.693037 | e:   0.509900 | Q: 589.937988 | won: False 
# 2974 | steps_t:  9804 | t: 558.524106 | r:   160.800000 | avg_r:   308.643309 | e:   0.509800 | Q: 753.853333 | won: False 
# 2975 | steps_t:  9807 | t: 558.687654 | r:  1378.600000 | avg_r:   309.002958 | e:   0.509650 | Q: 996.479248 | won: False 
# 2976 | steps_t:  9808 | t: 558.755159 | r:   590.400000 | avg_r:   309.097513 | e:   0.509600 | Q: 817.440918 | won: False 
# 2977 | steps_t:  9810 | t: 558.870875 | r:   809.800000 | avg_r:   309.265704 | e:   0.509500 | Q: 840.051392 | won: False 
# 2978 | steps_t:  9812 | t: 558.974929 | r:  1370.200000 | avg_r:   309.621961 | e:   0.509400 | Q: 954.752991 | won: False 
# 2979 | steps_t:  9822 | t: 559.563834 | r:  1090.600000 | avg_r:   309.884122 | e:   0.508900 | Q: 1153.403442 | won: False 
# 2980 | steps_t:  9823 | t: 559.619050 | r:   201.200000 | avg_r:   309.847651 | e:   0.508850 | Q: 592.170410 | won: False 
# 2981 | steps_t:  9825 | t: 559.734721 | r:   129.600000 | avg_r:   309.787186 | e:   0.508750 | Q: 1021.566040 | won: False 
# 2982 | steps_t:  9826 | t: 559.794242 | r:   298.200000 | avg_r:   309.783300 | e:   0.508700 | Q: 655.852478 | won: False 
# 2983 | steps_t:  9827 | t: 559.856103 | r:   195.200000 | avg_r:   309.744888 | e:   0.508650 | Q: 652.162659 | won: False 
# 2984 | steps_t:  9828 | t: 559.922340 | r:   -94.600000 | avg_r:   309.609383 | e:   0.508600 | Q: 618.977356 | won: False 
# 2985 | steps_t:  9831 | t: 560.099754 | r:  3277.400000 | avg_r:   310.603618 | e:   0.508450 | Q: 1116.860840 | won: True 
# 2986 | steps_t:  9839 | t: 560.543755 | r:   896.000000 | avg_r:   310.799665 | e:   0.508050 | Q: 1108.355103 | won: False 
# 2987 | steps_t:  9841 | t: 560.653745 | r:   458.600000 | avg_r:   310.849146 | e:   0.507950 | Q: 873.665405 | won: False 
# 2988 | steps_t:  9844 | t: 560.814207 | r:   211.200000 | avg_r:   310.815797 | e:   0.507800 | Q: 702.755066 | won: False 
# 2989 | steps_t:  9845 | t: 560.873761 | r:   -69.800000 | avg_r:   310.688458 | e:   0.507750 | Q: 632.167603 | won: False 
# 2990 | steps_t:  9848 | t: 561.054015 | r:   371.000000 | avg_r:   310.708629 | e:   0.507600 | Q: 704.439880 | won: False 
# 2991 | steps_t:  9849 | t: 561.109409 | r:   512.400000 | avg_r:   310.776062 | e:   0.507550 | Q: 760.685364 | won: False 
# 2992 | steps_t:  9853 | t: 561.347164 | r:   923.200000 | avg_r:   310.980749 | e:   0.507350 | Q: 979.885681 | won: False 
# 2993 | steps_t:  9856 | t: 561.510798 | r:  -194.800000 | avg_r:   310.811761 | e:   0.507200 | Q: 675.148499 | won: False 
# 2994 | steps_t:  9860 | t: 561.715491 | r:   619.400000 | avg_r:   310.914830 | e:   0.507000 | Q: 1125.747559 | won: False 
# 2995 | steps_t:  9863 | t: 561.883944 | r:   903.000000 | avg_r:   311.112521 | e:   0.506850 | Q: 1199.422485 | won: False 
# 2996 | steps_t:  9867 | t: 562.100038 | r:  1306.400000 | avg_r:   311.444726 | e:   0.506650 | Q: 1259.470581 | won: False 
# 2997 | steps_t:  9869 | t: 562.214874 | r:   860.400000 | avg_r:   311.627895 | e:   0.506550 | Q: 1097.859131 | won: False 
# 2998 | steps_t:  9871 | t: 562.335760 | r:   731.000000 | avg_r:   311.767779 | e:   0.506450 | Q: 1224.101685 | won: False 
# 2999 | steps_t:  9880 | t: 562.869532 | r:  1108.800000 | avg_r:   312.033545 | e:   0.506000 | Q: 1285.420654 | won: False 
# 3000 | steps_t:  9883 | t: 563.047576 | r:   367.000000 | avg_r:   312.051867 | e:   0.505850 | Q: 1044.255981 | won: False 
# 3001 | steps_t:  9884 | t: 563.106306 | r:   588.000000 | avg_r:   312.143819 | e:   0.505800 | Q: 967.037109 | won: False 
# 3002 | steps_t:  9887 | t: 563.282732 | r:  1028.200000 | avg_r:   312.382345 | e:   0.505650 | Q: 1298.026733 | won: False 
# 3003 | steps_t:  9888 | t: 563.354473 | r:   588.400000 | avg_r:   312.474259 | e:   0.505600 | Q: 1031.399292 | won: False 
# 3004 | steps_t:  9890 | t: 563.476066 | r:   -70.800000 | avg_r:   312.346671 | e:   0.505500 | Q: 804.696777 | won: False 
# 3005 | steps_t:  9895 | t: 563.773918 | r:  1284.800000 | avg_r:   312.670283 | e:   0.505250 | Q: 1274.832642 | won: False 
# 3006 | steps_t:  9898 | t: 563.950300 | r:    30.600000 | avg_r:   312.576447 | e:   0.505100 | Q: 738.012512 | won: False 
# 3007 | steps_t:  9903 | t: 564.250236 | r:  1113.000000 | avg_r:   312.842634 | e:   0.504850 | Q: 1166.828857 | won: False 
# 3008 | steps_t:  9907 | t: 564.471925 | r:  3267.400000 | avg_r:   313.824867 | e:   0.504650 | Q: 1105.020996 | won: True 
# 3009 | steps_t:  9909 | t: 564.587063 | r:  1398.600000 | avg_r:   314.185377 | e:   0.504550 | Q: 1155.885986 | won: False 
# 3010 | steps_t:  9911 | t: 564.686898 | r:  -127.200000 | avg_r:   314.038738 | e:   0.504450 | Q: 679.772827 | won: False 
# 3011 | steps_t:  9913 | t: 564.803266 | r:   171.400000 | avg_r:   313.991365 | e:   0.504350 | Q: 735.789490 | won: False 
# 3012 | steps_t:  9915 | t: 564.920166 | r:   403.600000 | avg_r:   314.021116 | e:   0.504250 | Q: 1021.214233 | won: False 
# 3013 | steps_t:  9917 | t: 565.024764 | r:   524.800000 | avg_r:   314.091072 | e:   0.504150 | Q: 943.742920 | won: False 
# 3014 | steps_t:  9921 | t: 565.262519 | r:  1181.200000 | avg_r:   314.378766 | e:   0.503950 | Q: 1107.885376 | won: False 
# 3015 | steps_t:  9923 | t: 565.359635 | r:   145.800000 | avg_r:   314.322852 | e:   0.503850 | Q: 626.937988 | won: False 
# 3016 | steps_t:  9925 | t: 565.485910 | r:   743.800000 | avg_r:   314.465252 | e:   0.503750 | Q: 1033.578247 | won: False 
# 3017 | steps_t:  9927 | t: 565.593909 | r:   148.600000 | avg_r:   314.410275 | e:   0.503650 | Q: 750.447449 | won: False 
# 3018 | steps_t:  9928 | t: 565.656331 | r:   -96.400000 | avg_r:   314.274155 | e:   0.503600 | Q: 573.307007 | won: False 
# 3019 | steps_t:  9935 | t: 566.038757 | r:  1546.600000 | avg_r:   314.682345 | e:   0.503250 | Q: 1060.481079 | won: False 
# 3020 | steps_t:  9936 | t: 566.089393 | r:   -94.200000 | avg_r:   314.546954 | e:   0.503200 | Q: 580.164062 | won: False 
# 3021 | steps_t:  9938 | t: 566.191304 | r:   207.600000 | avg_r:   314.511552 | e:   0.503100 | Q: 616.646423 | won: False 
# 3022 | steps_t:  9940 | t: 566.305060 | r:   514.800000 | avg_r:   314.577829 | e:   0.503000 | Q: 809.737122 | won: False 
# 3023 | steps_t:  9946 | t: 566.627117 | r:   919.000000 | avg_r:   314.777770 | e:   0.502700 | Q: 1132.540771 | won: False 
# 3024 | steps_t:  9947 | t: 566.689866 | r:   -82.400000 | avg_r:   314.646429 | e:   0.502650 | Q: 624.387817 | won: False 
# 3025 | steps_t:  9954 | t: 567.072283 | r:  1319.400000 | avg_r:   314.978579 | e:   0.502300 | Q: 1240.521973 | won: False 
# 3026 | steps_t:  9956 | t: 567.185717 | r:   783.600000 | avg_r:   315.133443 | e:   0.502200 | Q: 1166.943970 | won: False 
# 3027 | steps_t:  9959 | t: 567.349824 | r:  3059.000000 | avg_r:   316.039907 | e:   0.502050 | Q: 1185.944824 | won: True 
# 3028 | steps_t:  9963 | t: 567.596390 | r:  1611.600000 | avg_r:   316.467768 | e:   0.501850 | Q: 1246.545410 | won: False 
# 3029 | steps_t:  9965 | t: 567.720340 | r:   169.200000 | avg_r:   316.419148 | e:   0.501750 | Q: 686.255127 | won: False 
# 3030 | steps_t:  9970 | t: 567.994510 | r:  1228.800000 | avg_r:   316.720264 | e:   0.501500 | Q: 1159.071411 | won: False 
# 3031 | steps_t:  9981 | t: 568.630716 | r:  1327.200000 | avg_r:   317.053646 | e:   0.500950 | Q: 1133.390503 | won: False 
# 3032 | steps_t:  9983 | t: 568.752529 | r:   988.000000 | avg_r:   317.274934 | e:   0.500850 | Q: 1136.088989 | won: False 
# 3033 | steps_t:  9985 | t: 568.853534 | r:  1121.800000 | avg_r:   317.540191 | e:   0.500750 | Q: 1133.415649 | won: False 
# 3034 | steps_t:  9987 | t: 568.962267 | r:   192.800000 | avg_r:   317.499077 | e:   0.500650 | Q: 686.388733 | won: False 
# 3035 | steps_t: 10002 | t: 569.767226 | r:  1178.400000 | avg_r:   317.782735 | e:   0.499900 | Q: 1257.041992 | won: False 
# 3036 | steps_t: 10004 | t: 569.870847 | r:   453.800000 | avg_r:   317.827536 | e:   0.499800 | Q: 784.771423 | won: False 
# 3037 | steps_t: 10014 | t: 570.418167 | r:  1310.000000 | avg_r:   318.154231 | e:   0.499300 | Q: 1250.838257 | won: False 
# 3038 | steps_t: 10018 | t: 570.632488 | r:   395.400000 | avg_r:   318.179658 | e:   0.499100 | Q: 1130.999756 | won: False 
# 3039 | steps_t: 10019 | t: 570.692554 | r:   246.600000 | avg_r:   318.156104 | e:   0.499050 | Q: 726.370911 | won: False 
# 3040 | steps_t: 10020 | t: 570.755712 | r:   299.400000 | avg_r:   318.149934 | e:   0.499000 | Q: 965.778870 | won: False 
# 3041 | steps_t: 10021 | t: 570.806456 | r:   504.400000 | avg_r:   318.211181 | e:   0.498950 | Q: 768.713745 | won: False 
# 3042 | steps_t: 10028 | t: 571.178156 | r:  1152.400000 | avg_r:   318.485404 | e:   0.498600 | Q: 1219.911133 | won: False 
# 3043 | steps_t: 10030 | t: 571.280334 | r:  -108.200000 | avg_r:   318.345186 | e:   0.498500 | Q: 683.989014 | won: False 
# 3044 | steps_t: 10036 | t: 571.618262 | r:  1466.400000 | avg_r:   318.722339 | e:   0.498200 | Q: 1256.927734 | won: False 
# 3045 | steps_t: 10040 | t: 571.834857 | r:  3062.200000 | avg_r:   319.623317 | e:   0.498000 | Q: 1204.542358 | won: True 
# 3046 | steps_t: 10049 | t: 572.349540 | r:  1345.600000 | avg_r:   319.960144 | e:   0.497550 | Q: 1185.020386 | won: False 
# 3047 | steps_t: 10051 | t: 572.469518 | r:  -130.600000 | avg_r:   319.812274 | e:   0.497450 | Q: 716.119629 | won: False 
# 3048 | steps_t: 10053 | t: 572.569763 | r:  1039.200000 | avg_r:   320.048294 | e:   0.497350 | Q: 974.835266 | won: False 
# 3049 | steps_t: 10054 | t: 572.624020 | r:   484.600000 | avg_r:   320.102263 | e:   0.497300 | Q: 718.759399 | won: False 
# 3050 | steps_t: 10059 | t: 572.905973 | r:  1106.200000 | avg_r:   320.360000 | e:   0.497050 | Q: 1084.745239 | won: False 
# 3051 | steps_t: 10060 | t: 572.957425 | r:  -350.000000 | avg_r:   320.140282 | e:   0.497000 | Q: 577.467529 | won: False 
# 3052 | steps_t: 10061 | t: 573.022857 | r:   207.000000 | avg_r:   320.103211 | e:   0.496950 | Q: 601.044067 | won: False 
# 3053 | steps_t: 10064 | t: 573.177005 | r:   649.200000 | avg_r:   320.211006 | e:   0.496800 | Q: 924.235779 | won: False 
# 3054 | steps_t: 10066 | t: 573.303181 | r:   796.400000 | avg_r:   320.366929 | e:   0.496700 | Q: 950.641785 | won: False 
# 3055 | steps_t: 10074 | t: 573.724617 | r:   667.800000 | avg_r:   320.480655 | e:   0.496300 | Q: 1110.342529 | won: False 
# 3056 | steps_t: 10075 | t: 573.789840 | r:   -75.800000 | avg_r:   320.350982 | e:   0.496250 | Q: 724.158569 | won: False 
# 3057 | steps_t: 10076 | t: 573.839355 | r:   599.200000 | avg_r:   320.442198 | e:   0.496200 | Q: 875.529541 | won: False 
# 3058 | steps_t: 10083 | t: 574.243074 | r:  1241.400000 | avg_r:   320.743362 | e:   0.495850 | Q: 1221.585571 | won: False 
# 3059 | steps_t: 10084 | t: 574.310213 | r:   191.400000 | avg_r:   320.701079 | e:   0.495800 | Q: 892.758362 | won: False 
# 3060 | steps_t: 10086 | t: 574.441725 | r:   215.400000 | avg_r:   320.666667 | e:   0.495700 | Q: 782.438965 | won: False 
# 3061 | steps_t: 10090 | t: 574.670945 | r:   335.600000 | avg_r:   320.671545 | e:   0.495500 | Q: 966.633240 | won: False 
# 3062 | steps_t: 10093 | t: 574.840675 | r:  1240.800000 | avg_r:   320.972044 | e:   0.495350 | Q: 1210.066040 | won: False 
# 3063 | steps_t: 10095 | t: 574.947046 | r:   835.800000 | avg_r:   321.140124 | e:   0.495250 | Q: 993.129578 | won: False 
# 3064 | steps_t: 10097 | t: 575.059007 | r:   793.200000 | avg_r:   321.294191 | e:   0.495150 | Q: 932.950928 | won: False 
# 3065 | steps_t: 10097 | t: 575.067174 | r:   -94.000000 | avg_r:   321.158695 | e:   0.495150 | Q: 860.790466 | won: False 
# 3066 | steps_t: 10098 | t: 575.133317 | r:  -174.800000 | avg_r:   320.996934 | e:   0.495100 | Q: 682.820435 | won: False 
# 3067 | steps_t: 10100 | t: 575.251530 | r:   712.000000 | avg_r:   321.124421 | e:   0.495000 | Q: 1078.355469 | won: False 
# 3068 | steps_t: 10102 | t: 575.362110 | r:   190.000000 | avg_r:   321.081682 | e:   0.494900 | Q: 677.981934 | won: False 
# 3069 | steps_t: 10108 | t: 575.682995 | r:  1260.400000 | avg_r:   321.387748 | e:   0.494600 | Q: 1190.466309 | won: False 
# 3070 | steps_t: 10109 | t: 575.738408 | r:   504.000000 | avg_r:   321.447231 | e:   0.494550 | Q: 817.137268 | won: False 
# 3071 | steps_t: 10114 | t: 576.035892 | r:  1282.400000 | avg_r:   321.760143 | e:   0.494300 | Q: 1251.688721 | won: False 
# 3072 | steps_t: 10115 | t: 576.088022 | r:  -378.000000 | avg_r:   321.532357 | e:   0.494250 | Q: 758.543518 | won: False 
# 3073 | steps_t: 10116 | t: 576.147073 | r:   553.600000 | avg_r:   321.607875 | e:   0.494200 | Q: 1042.238159 | won: False 
# 3074 | steps_t: 10119 | t: 576.308156 | r:  1289.600000 | avg_r:   321.922772 | e:   0.494050 | Q: 1174.146240 | won: False 
# 3075 | steps_t: 10120 | t: 576.367706 | r:   279.000000 | avg_r:   321.908813 | e:   0.494000 | Q: 746.967346 | won: False 
# 3076 | steps_t: 10120 | t: 576.375721 | r:  -347.000000 | avg_r:   321.691352 | e:   0.494000 | Q: 755.013306 | won: False 
# 3077 | steps_t: 10121 | t: 576.428127 | r:  -109.000000 | avg_r:   321.551381 | e:   0.493950 | Q: 757.133606 | won: False 
# 3078 | steps_t: 10123 | t: 576.532860 | r:   256.200000 | avg_r:   321.530149 | e:   0.493850 | Q: 792.659180 | won: False 
# 3079 | steps_t: 10125 | t: 576.632316 | r:   764.200000 | avg_r:   321.673920 | e:   0.493750 | Q: 1128.668457 | won: False 
# 3080 | steps_t: 10126 | t: 576.695006 | r:   514.400000 | avg_r:   321.736494 | e:   0.493700 | Q: 806.399231 | won: False 
# 3081 | steps_t: 10129 | t: 576.859299 | r:  1014.000000 | avg_r:   321.961181 | e:   0.493550 | Q: 1181.845825 | won: False 
# 3082 | steps_t: 10131 | t: 576.984931 | r:   -72.000000 | avg_r:   321.833355 | e:   0.493450 | Q: 753.814331 | won: False 
# 3083 | steps_t: 10145 | t: 577.757515 | r:  2854.200000 | avg_r:   322.654752 | e:   0.492750 | Q: 1178.955078 | won: True 
# 3084 | steps_t: 10146 | t: 577.814934 | r:   -64.800000 | avg_r:   322.529118 | e:   0.492700 | Q: 648.340820 | won: False 
# 3085 | steps_t: 10147 | t: 577.873831 | r:   190.200000 | avg_r:   322.486224 | e:   0.492650 | Q: 702.843079 | won: False 
# 3086 | steps_t: 10149 | t: 577.990575 | r:   846.600000 | avg_r:   322.656060 | e:   0.492550 | Q: 1071.819946 | won: False 
# 3087 | steps_t: 10151 | t: 578.095718 | r:   414.400000 | avg_r:   322.685779 | e:   0.492450 | Q: 990.884094 | won: False 
# 3088 | steps_t: 10153 | t: 578.202494 | r:   452.200000 | avg_r:   322.727720 | e:   0.492350 | Q: 954.371399 | won: False 
# 3089 | steps_t: 10172 | t: 579.275383 | r:   775.600000 | avg_r:   322.874328 | e:   0.491400 | Q: 1279.838257 | won: False 
# 3090 | steps_t: 10180 | t: 579.746778 | r:  3046.600000 | avg_r:   323.755793 | e:   0.491000 | Q: 1289.447388 | won: True 
# 3091 | steps_t: 10184 | t: 579.971807 | r:   934.000000 | avg_r:   323.953219 | e:   0.490800 | Q: 1147.158813 | won: False 
# 3092 | steps_t: 10186 | t: 580.078078 | r:   189.800000 | avg_r:   323.909832 | e:   0.490700 | Q: 739.276917 | won: False 
# 3093 | steps_t: 10188 | t: 580.179176 | r:   119.600000 | avg_r:   323.843776 | e:   0.490600 | Q: 1103.817871 | won: False 
# 3094 | steps_t: 10193 | t: 580.464072 | r:  3126.800000 | avg_r:   324.749709 | e:   0.490350 | Q: 1187.158203 | won: True 
# 3095 | steps_t: 10194 | t: 580.507233 | r:   178.400000 | avg_r:   324.702423 | e:   0.490300 | Q: 682.564941 | won: False 
# 3096 | steps_t: 10195 | t: 580.581299 | r:   233.200000 | avg_r:   324.672868 | e:   0.490250 | Q: 691.312317 | won: False 
# 3097 | steps_t: 10195 | t: 580.590464 | r:   297.600000 | avg_r:   324.664127 | e:   0.490250 | Q: 661.732666 | won: False 
# 3098 | steps_t: 10198 | t: 580.755554 | r:   680.200000 | avg_r:   324.778890 | e:   0.490100 | Q: 1056.543701 | won: False 
# 3099 | steps_t: 10201 | t: 580.921566 | r:  1006.600000 | avg_r:   324.998903 | e:   0.489950 | Q: 1142.171265 | won: False 
# 3100 | steps_t: 10202 | t: 580.981822 | r:   180.600000 | avg_r:   324.952323 | e:   0.489900 | Q: 677.876099 | won: False 
# 3101 | steps_t: 10204 | t: 581.086278 | r:   253.400000 | avg_r:   324.929249 | e:   0.489800 | Q: 1017.010010 | won: False 
# 3102 | steps_t: 10219 | t: 581.923728 | r:  1170.200000 | avg_r:   325.201741 | e:   0.489050 | Q: 1200.872559 | won: False 
# 3103 | steps_t: 10221 | t: 582.030712 | r:   241.200000 | avg_r:   325.174670 | e:   0.488950 | Q: 697.360413 | won: False 
# 3104 | steps_t: 10224 | t: 582.192868 | r:   358.400000 | avg_r:   325.185374 | e:   0.488800 | Q: 1098.574463 | won: False 
# 3105 | steps_t: 10231 | t: 582.604050 | r:  1065.400000 | avg_r:   325.423768 | e:   0.488450 | Q: 1214.582153 | won: False 
# 3106 | steps_t: 10234 | t: 582.774126 | r:   577.800000 | avg_r:   325.505023 | e:   0.488300 | Q: 907.867493 | won: False 
# 3107 | steps_t: 10241 | t: 583.155910 | r:  1163.800000 | avg_r:   325.774831 | e:   0.487950 | Q: 1222.547607 | won: False 
# 3108 | steps_t: 10245 | t: 583.364183 | r:  3236.200000 | avg_r:   326.711261 | e:   0.487750 | Q: 1202.369385 | won: True 
# 3109 | steps_t: 10247 | t: 583.484345 | r:   816.200000 | avg_r:   326.868704 | e:   0.487650 | Q: 1050.736816 | won: False 
# 3110 | steps_t: 10248 | t: 583.538794 | r:   754.600000 | avg_r:   327.006238 | e:   0.487600 | Q: 995.856201 | won: False 
# 3111 | steps_t: 10249 | t: 583.604348 | r:   774.200000 | avg_r:   327.149984 | e:   0.487550 | Q: 1031.178711 | won: False 
# 3112 | steps_t: 10255 | t: 583.924624 | r:  3079.800000 | avg_r:   328.034512 | e:   0.487250 | Q: 1117.763184 | won: True 
# 3113 | steps_t: 10257 | t: 584.027404 | r:  -365.000000 | avg_r:   327.811886 | e:   0.487150 | Q: 738.367981 | won: False 
# 3114 | steps_t: 10259 | t: 584.128674 | r:   401.200000 | avg_r:   327.835453 | e:   0.487050 | Q: 879.857422 | won: False 
# 3115 | steps_t: 10260 | t: 584.188012 | r:   740.200000 | avg_r:   327.967833 | e:   0.487000 | Q: 1031.030029 | won: False 
# 3116 | steps_t: 10262 | t: 584.303347 | r:   810.200000 | avg_r:   328.122593 | e:   0.486900 | Q: 1082.887207 | won: False 
# 3117 | steps_t: 10265 | t: 584.476440 | r:   686.800000 | avg_r:   328.237664 | e:   0.486750 | Q: 1132.151123 | won: False 
# 3118 | steps_t: 10266 | t: 584.523519 | r:   -95.000000 | avg_r:   328.101924 | e:   0.486700 | Q: 718.696533 | won: False 
# 3119 | steps_t: 10268 | t: 584.637123 | r:   679.400000 | avg_r:   328.214556 | e:   0.486600 | Q: 1055.776611 | won: False 
# 3120 | steps_t: 10270 | t: 584.752247 | r:   973.400000 | avg_r:   328.421346 | e:   0.486500 | Q: 1120.165894 | won: False 
# 3121 | steps_t: 10273 | t: 584.916469 | r:  1310.200000 | avg_r:   328.735918 | e:   0.486350 | Q: 1274.770752 | won: False 
# 3122 | steps_t: 10275 | t: 585.035382 | r:   769.000000 | avg_r:   328.876938 | e:   0.486250 | Q: 1081.087769 | won: False 
# 3123 | steps_t: 10277 | t: 585.140486 | r:   277.600000 | avg_r:   328.860519 | e:   0.486150 | Q: 760.162048 | won: False 
# 3124 | steps_t: 10278 | t: 585.204689 | r:   205.600000 | avg_r:   328.821063 | e:   0.486100 | Q: 763.738464 | won: False 
# 3125 | steps_t: 10279 | t: 585.271143 | r:   -89.800000 | avg_r:   328.687104 | e:   0.486050 | Q: 731.090454 | won: False 
# 3126 | steps_t: 10280 | t: 585.322519 | r:   493.200000 | avg_r:   328.739731 | e:   0.486000 | Q: 864.423828 | won: False 
# 3127 | steps_t: 10283 | t: 585.483436 | r:   438.000000 | avg_r:   328.774672 | e:   0.485850 | Q: 825.681641 | won: False 
# 3128 | steps_t: 10287 | t: 585.714549 | r:  1299.800000 | avg_r:   329.085102 | e:   0.485650 | Q: 1263.019287 | won: False 
# 3129 | steps_t: 10288 | t: 585.772723 | r:   774.000000 | avg_r:   329.227293 | e:   0.485600 | Q: 912.700439 | won: False 
# 3130 | steps_t: 10291 | t: 585.920073 | r:  -134.200000 | avg_r:   329.079233 | e:   0.485450 | Q: 691.451294 | won: False 
# 3131 | steps_t: 10292 | t: 585.987888 | r:   -46.800000 | avg_r:   328.959182 | e:   0.485400 | Q: 717.176453 | won: False 
# 3132 | steps_t: 10293 | t: 586.039299 | r:   -72.000000 | avg_r:   328.831162 | e:   0.485350 | Q: 717.180115 | won: False 
# 3133 | steps_t: 10295 | t: 586.151638 | r:   283.000000 | avg_r:   328.816534 | e:   0.485250 | Q: 899.913330 | won: False 
# 3134 | steps_t: 10301 | t: 586.488775 | r:  1371.800000 | avg_r:   329.149330 | e:   0.484950 | Q: 1169.890015 | won: False 
# 3135 | steps_t: 10306 | t: 586.759391 | r:  1164.000000 | avg_r:   329.415630 | e:   0.484700 | Q: 1144.789551 | won: False 
# 3136 | steps_t: 10308 | t: 586.853923 | r:  -459.000000 | avg_r:   329.164222 | e:   0.484600 | Q: 734.984680 | won: False 
# 3137 | steps_t: 10309 | t: 586.921746 | r:   886.200000 | avg_r:   329.341792 | e:   0.484550 | Q: 874.740784 | won: False 
# 3138 | steps_t: 10314 | t: 587.192740 | r:  1222.200000 | avg_r:   329.626322 | e:   0.484300 | Q: 1162.153564 | won: False 
# 3139 | steps_t: 10319 | t: 587.447965 | r:  1282.000000 | avg_r:   329.929723 | e:   0.484050 | Q: 1225.068726 | won: False 
# 3140 | steps_t: 10320 | t: 587.504934 | r:   484.000000 | avg_r:   329.978790 | e:   0.484000 | Q: 803.290161 | won: False 
# 3141 | steps_t: 10321 | t: 587.570627 | r:   -61.600000 | avg_r:   329.854123 | e:   0.483950 | Q: 648.919800 | won: False 
# 3142 | steps_t: 10322 | t: 587.637665 | r:   590.400000 | avg_r:   329.937046 | e:   0.483900 | Q: 906.737305 | won: False 
# 3143 | steps_t: 10329 | t: 588.022026 | r:  1376.400000 | avg_r:   330.269997 | e:   0.483550 | Q: 1180.176270 | won: False 
# 3144 | steps_t: 10332 | t: 588.182811 | r:   897.400000 | avg_r:   330.450382 | e:   0.483400 | Q: 1129.475830 | won: False 
# 3145 | steps_t: 10333 | t: 588.243165 | r:   205.800000 | avg_r:   330.410747 | e:   0.483350 | Q: 846.274414 | won: False 
# 3146 | steps_t: 10338 | t: 588.510690 | r:  1172.200000 | avg_r:   330.678322 | e:   0.483100 | Q: 1207.447876 | won: False 
# 3147 | steps_t: 10339 | t: 588.565598 | r:   590.400000 | avg_r:   330.760852 | e:   0.483050 | Q: 931.152283 | won: False 
# 3148 | steps_t: 10348 | t: 589.050319 | r:  1435.800000 | avg_r:   331.111881 | e:   0.482600 | Q: 1241.074097 | won: False 
# 3149 | steps_t: 10351 | t: 589.210398 | r:   444.800000 | avg_r:   331.147983 | e:   0.482450 | Q: 918.201294 | won: False 
# 3150 | steps_t: 10352 | t: 589.271949 | r:   -88.800000 | avg_r:   331.014667 | e:   0.482400 | Q: 686.541870 | won: False 
# 3151 | steps_t: 10355 | t: 589.439558 | r:   964.400000 | avg_r:   331.215678 | e:   0.482250 | Q: 1085.180420 | won: False 
# 3152 | steps_t: 10358 | t: 589.600869 | r:   619.000000 | avg_r:   331.306980 | e:   0.482100 | Q: 1096.510254 | won: False 
# 3153 | steps_t: 10360 | t: 589.719207 | r:   482.600000 | avg_r:   331.354964 | e:   0.482000 | Q: 1037.240112 | won: False 
# 3154 | steps_t: 10361 | t: 589.788714 | r:   259.000000 | avg_r:   331.332023 | e:   0.481950 | Q: 700.176880 | won: False 
# 3155 | steps_t: 10364 | t: 589.955807 | r:   406.200000 | avg_r:   331.355753 | e:   0.481800 | Q: 939.890015 | won: False 
# 3156 | steps_t: 10366 | t: 590.069638 | r:  1089.400000 | avg_r:   331.595944 | e:   0.481700 | Q: 1055.598145 | won: False 
# 3157 | steps_t: 10368 | t: 590.185575 | r:   764.800000 | avg_r:   331.733164 | e:   0.481600 | Q: 1061.114624 | won: False 
# 3158 | steps_t: 10371 | t: 590.349088 | r:   261.200000 | avg_r:   331.710830 | e:   0.481450 | Q: 868.965332 | won: False 
# 3159 | steps_t: 10376 | t: 590.609882 | r:   863.000000 | avg_r:   331.879012 | e:   0.481200 | Q: 1121.865601 | won: False 
# 3160 | steps_t: 10378 | t: 590.719712 | r:   502.000000 | avg_r:   331.932848 | e:   0.481100 | Q: 797.281250 | won: False 
# 3161 | steps_t: 10379 | t: 590.780874 | r:   210.600000 | avg_r:   331.894464 | e:   0.481050 | Q: 706.271301 | won: False 
# 3162 | steps_t: 10381 | t: 590.893051 | r:  1324.400000 | avg_r:   332.208349 | e:   0.480950 | Q: 1141.732056 | won: False 
# 3163 | steps_t: 10383 | t: 590.998186 | r:   446.200000 | avg_r:   332.244388 | e:   0.480850 | Q: 887.235168 | won: False 
# 3164 | steps_t: 10384 | t: 591.055769 | r:   -61.800000 | avg_r:   332.119848 | e:   0.480800 | Q: 696.035156 | won: False 
# 3165 | steps_t: 10394 | t: 591.589634 | r:  2889.600000 | avg_r:   332.927899 | e:   0.480300 | Q: 1267.421509 | won: True 
# 3166 | steps_t: 10395 | t: 591.641993 | r:   224.400000 | avg_r:   332.893620 | e:   0.480250 | Q: 643.630005 | won: False 
# 3167 | steps_t: 10396 | t: 591.705701 | r:   492.200000 | avg_r:   332.943922 | e:   0.480200 | Q: 750.904480 | won: False 
# 3168 | steps_t: 10403 | t: 592.102526 | r:   952.800000 | avg_r:   333.139583 | e:   0.479850 | Q: 1132.545532 | won: False 
# 3169 | steps_t: 10405 | t: 592.207435 | r:   496.200000 | avg_r:   333.191038 | e:   0.479750 | Q: 681.078247 | won: False 
# 3170 | steps_t: 10406 | t: 592.279203 | r:   204.200000 | avg_r:   333.150347 | e:   0.479700 | Q: 612.601501 | won: False 
# 3171 | steps_t: 10408 | t: 592.385862 | r:  1115.000000 | avg_r:   333.396909 | e:   0.479600 | Q: 1005.139893 | won: False 
# 3172 | steps_t: 10411 | t: 592.533374 | r:   462.600000 | avg_r:   333.437642 | e:   0.479450 | Q: 811.041382 | won: False 
# 3173 | steps_t: 10417 | t: 592.890328 | r:  1424.400000 | avg_r:   333.781469 | e:   0.479150 | Q: 1201.134888 | won: False 
# 3174 | steps_t: 10417 | t: 592.906869 | r:  -347.000000 | avg_r:   333.566982 | e:   0.479150 | Q: 653.010376 | won: False 
# 3175 | steps_t: 10419 | t: 593.006567 | r:   870.400000 | avg_r:   333.736063 | e:   0.479050 | Q: 826.086792 | won: False 
# 3176 | steps_t: 10423 | t: 593.230899 | r:  1272.800000 | avg_r:   334.031738 | e:   0.478850 | Q: 1142.443481 | won: False 
# 3177 | steps_t: 10424 | t: 593.273266 | r:   300.600000 | avg_r:   334.021215 | e:   0.478800 | Q: 650.601746 | won: False 
# 3178 | steps_t: 10426 | t: 593.379102 | r:   196.400000 | avg_r:   333.977911 | e:   0.478700 | Q: 649.345581 | won: False 
# 3179 | steps_t: 10428 | t: 593.488552 | r:   161.800000 | avg_r:   333.923750 | e:   0.478600 | Q: 744.414368 | won: False 
# 3180 | steps_t: 10429 | t: 593.538921 | r:  -172.000000 | avg_r:   333.764654 | e:   0.478550 | Q: 835.789917 | won: False 
# 3181 | steps_t: 10431 | t: 593.643503 | r:  -415.000000 | avg_r:   333.529268 | e:   0.478450 | Q: 681.885315 | won: False 
# 3182 | steps_t: 10433 | t: 593.753812 | r:   806.400000 | avg_r:   333.677876 | e:   0.478350 | Q: 984.871887 | won: False 
# 3183 | steps_t: 10435 | t: 593.862877 | r:   140.000000 | avg_r:   333.617028 | e:   0.478250 | Q: 793.328430 | won: False 
# 3184 | steps_t: 10437 | t: 593.968776 | r:   735.800000 | avg_r:   333.743342 | e:   0.478150 | Q: 1085.809937 | won: False 
# 3185 | steps_t: 10442 | t: 594.227665 | r:  1257.000000 | avg_r:   334.033218 | e:   0.477900 | Q: 1215.116699 | won: False 
# 3186 | steps_t: 10446 | t: 594.479595 | r:  1500.800000 | avg_r:   334.399435 | e:   0.477700 | Q: 1161.161133 | won: False 
# 3187 | steps_t: 10450 | t: 594.716820 | r:  1239.800000 | avg_r:   334.683527 | e:   0.477500 | Q: 1247.764771 | won: False 
# 3188 | steps_t: 10452 | t: 594.818821 | r:   724.600000 | avg_r:   334.805834 | e:   0.477400 | Q: 1098.059082 | won: False 
# 3189 | steps_t: 10453 | t: 594.875206 | r:   -86.800000 | avg_r:   334.673628 | e:   0.477350 | Q: 687.088623 | won: False 
# 3190 | steps_t: 10459 | t: 595.194644 | r:   992.000000 | avg_r:   334.879687 | e:   0.477050 | Q: 1138.627197 | won: False 
# 3191 | steps_t: 10460 | t: 595.244018 | r:   -87.400000 | avg_r:   334.747352 | e:   0.477000 | Q: 594.868347 | won: False 
# 3192 | steps_t: 10466 | t: 595.566163 | r:  1428.400000 | avg_r:   335.089975 | e:   0.476700 | Q: 1195.455811 | won: False 
# 3193 | steps_t: 10469 | t: 595.733890 | r:   959.400000 | avg_r:   335.285500 | e:   0.476550 | Q: 1090.732056 | won: False 
# 3194 | steps_t: 10484 | t: 596.549678 | r:  1232.600000 | avg_r:   335.566437 | e:   0.475800 | Q: 1193.039551 | won: False 
# 3195 | steps_t: 10485 | t: 596.604577 | r:   270.000000 | avg_r:   335.545915 | e:   0.475750 | Q: 679.808472 | won: False 
# 3196 | steps_t: 10486 | t: 596.671079 | r:   504.000000 | avg_r:   335.598623 | e:   0.475700 | Q: 745.520935 | won: False 
# 3197 | steps_t: 10487 | t: 596.725148 | r:   464.200000 | avg_r:   335.638849 | e:   0.475650 | Q: 790.185425 | won: False 
# 3198 | steps_t: 10490 | t: 596.873915 | r:   828.800000 | avg_r:   335.793058 | e:   0.475500 | Q: 1117.862793 | won: False 
# 3199 | steps_t: 10497 | t: 597.241516 | r:  1485.600000 | avg_r:   336.152485 | e:   0.475150 | Q: 1168.681152 | won: False 
# 3200 | steps_t: 10498 | t: 597.307534 | r:   168.800000 | avg_r:   336.100188 | e:   0.475100 | Q: 666.842285 | won: False 
# 3201 | steps_t: 10502 | t: 597.521225 | r:  3164.600000 | avg_r:   336.983818 | e:   0.474900 | Q: 1180.561279 | won: True 
# 3202 | steps_t: 10510 | t: 597.951915 | r:   573.400000 | avg_r:   337.057651 | e:   0.474500 | Q: 1151.799683 | won: False 
# 3203 | steps_t: 10510 | t: 597.951915 | r:   -66.000000 | avg_r:   336.931814 | e:   0.474500 | Q: 622.494141 | won: False 
# 3204 | steps_t: 10511 | t: 598.026370 | r:   524.800000 | avg_r:   336.990449 | e:   0.474450 | Q: 982.942322 | won: False 
# 3205 | steps_t: 10512 | t: 598.075516 | r:   -68.800000 | avg_r:   336.863838 | e:   0.474400 | Q: 677.930603 | won: False 
# 3206 | steps_t: 10515 | t: 598.227159 | r:   438.600000 | avg_r:   336.895571 | e:   0.474250 | Q: 1022.759949 | won: False 
# 3207 | steps_t: 10522 | t: 598.612729 | r:  1116.000000 | avg_r:   337.138510 | e:   0.473900 | Q: 1159.530273 | won: False 
# 3208 | steps_t: 10525 | t: 598.798745 | r:   985.000000 | avg_r:   337.340461 | e:   0.473750 | Q: 1079.408691 | won: False 
# 3209 | steps_t: 10535 | t: 599.364357 | r:  1421.000000 | avg_r:   337.678155 | e:   0.473250 | Q: 1199.565796 | won: False 
# 3210 | steps_t: 10536 | t: 599.436397 | r:  -133.000000 | avg_r:   337.531526 | e:   0.473200 | Q: 735.600342 | won: False 
# 3211 | steps_t: 10538 | t: 599.553310 | r:  1009.600000 | avg_r:   337.740828 | e:   0.473100 | Q: 1124.632080 | won: False 
# 3212 | steps_t: 10539 | t: 599.605442 | r:   228.000000 | avg_r:   337.706663 | e:   0.473050 | Q: 735.479614 | won: False 
# 3213 | steps_t: 10540 | t: 599.671881 | r:   244.400000 | avg_r:   337.677622 | e:   0.473000 | Q: 674.624207 | won: False 
# 3214 | steps_t: 10542 | t: 599.780857 | r:  -106.000000 | avg_r:   337.539577 | e:   0.472900 | Q: 798.886902 | won: False 
# 3215 | steps_t: 10544 | t: 599.902411 | r:  1615.000000 | avg_r:   337.936921 | e:   0.472800 | Q: 1124.574463 | won: False 
# 3216 | steps_t: 10548 | t: 600.130151 | r:  3262.800000 | avg_r:   338.846393 | e:   0.472600 | Q: 1112.389038 | won: True 
# 3217 | steps_t: 10549 | t: 600.188756 | r:   503.600000 | avg_r:   338.897606 | e:   0.472550 | Q: 733.923157 | won: False 
# 3218 | steps_t: 10551 | t: 600.302183 | r:   144.000000 | avg_r:   338.837042 | e:   0.472450 | Q: 748.680664 | won: False 
# 3219 | steps_t: 10553 | t: 600.418070 | r:   176.400000 | avg_r:   338.786580 | e:   0.472350 | Q: 709.607971 | won: False 
# 3220 | steps_t: 10555 | t: 600.534214 | r:  1028.200000 | avg_r:   339.000683 | e:   0.472250 | Q: 1177.498047 | won: False 
# 3221 | steps_t: 10556 | t: 600.587882 | r:   295.800000 | avg_r:   338.987271 | e:   0.472200 | Q: 955.831421 | won: False 
# 3222 | steps_t: 10557 | t: 600.654394 | r:   144.000000 | avg_r:   338.926754 | e:   0.472150 | Q: 915.229004 | won: False 
# 3223 | steps_t: 10557 | t: 600.673325 | r:   300.800000 | avg_r:   338.914924 | e:   0.472150 | Q: 740.930420 | won: False 
# 3224 | steps_t: 10560 | t: 600.839735 | r:   430.800000 | avg_r:   338.943424 | e:   0.472000 | Q: 889.146729 | won: False 
# 3225 | steps_t: 10566 | t: 601.199127 | r:  1152.600000 | avg_r:   339.195721 | e:   0.471700 | Q: 1098.331299 | won: False 
# 3226 | steps_t: 10568 | t: 601.308356 | r:  -161.600000 | avg_r:   339.040484 | e:   0.471600 | Q: 681.553467 | won: False 
# 3227 | steps_t: 10570 | t: 601.438085 | r:  1386.200000 | avg_r:   339.364983 | e:   0.471500 | Q: 1037.372070 | won: False 
# 3228 | steps_t: 10576 | t: 601.788688 | r:  1524.800000 | avg_r:   339.732218 | e:   0.471200 | Q: 1192.627441 | won: False 
# 3229 | steps_t: 10579 | t: 601.967303 | r:  1191.000000 | avg_r:   339.995850 | e:   0.471050 | Q: 1144.606323 | won: False 
# 3230 | steps_t: 10583 | t: 602.210755 | r:  1187.800000 | avg_r:   340.258328 | e:   0.470850 | Q: 1142.975830 | won: False 
# 3231 | steps_t: 10586 | t: 602.390644 | r:   775.400000 | avg_r:   340.393005 | e:   0.470700 | Q: 1000.164001 | won: False 
# 3232 | steps_t: 10588 | t: 602.501770 | r:   786.200000 | avg_r:   340.530941 | e:   0.470600 | Q: 890.055481 | won: False 
# 3233 | steps_t: 10588 | t: 602.517606 | r:  -345.000000 | avg_r:   340.318899 | e:   0.470600 | Q: 619.125732 | won: False 
# 3234 | steps_t: 10595 | t: 602.922023 | r:   999.800000 | avg_r:   340.522820 | e:   0.470250 | Q: 1280.245850 | won: False 
# 3235 | steps_t: 10595 | t: 602.922023 | r:   -46.600000 | avg_r:   340.403153 | e:   0.470250 | Q: 777.761047 | won: False 
# 3236 | steps_t: 10597 | t: 603.052278 | r:  1013.000000 | avg_r:   340.611001 | e:   0.470150 | Q: 1212.495361 | won: False 
# 3237 | steps_t: 10602 | t: 603.344810 | r:   654.000000 | avg_r:   340.707816 | e:   0.469900 | Q: 1136.014648 | won: False 
# 3238 | steps_t: 10605 | t: 603.517638 | r:  1600.000000 | avg_r:   341.096726 | e:   0.469750 | Q: 1251.507812 | won: False 
# 3239 | steps_t: 10609 | t: 603.762495 | r:  1337.600000 | avg_r:   341.404384 | e:   0.469550 | Q: 1225.069458 | won: False 
# 3240 | steps_t: 10614 | t: 604.048697 | r:  1491.000000 | avg_r:   341.759198 | e:   0.469300 | Q: 1221.661377 | won: False 
# 3241 | steps_t: 10615 | t: 604.122225 | r:   299.800000 | avg_r:   341.746251 | e:   0.469250 | Q: 738.520142 | won: False 
# 3242 | steps_t: 10617 | t: 604.239741 | r:   376.800000 | avg_r:   341.757064 | e:   0.469150 | Q: 1168.188843 | won: False 
# 3243 | steps_t: 10619 | t: 604.362307 | r:  -103.800000 | avg_r:   341.619673 | e:   0.469050 | Q: 797.556335 | won: False 
# 3244 | steps_t: 10621 | t: 604.482544 | r:   589.000000 | avg_r:   341.695931 | e:   0.468950 | Q: 951.430786 | won: False 
# 3245 | steps_t: 10628 | t: 604.908594 | r:  1501.400000 | avg_r:   342.053313 | e:   0.468600 | Q: 1285.581299 | won: False 
# 3246 | steps_t: 10630 | t: 605.034349 | r:   686.200000 | avg_r:   342.159335 | e:   0.468500 | Q: 1110.945312 | won: False 
# 3247 | steps_t: 10632 | t: 605.167585 | r:   981.600000 | avg_r:   342.356267 | e:   0.468400 | Q: 1183.398926 | won: False 
# 3248 | steps_t: 10635 | t: 605.331249 | r:  1111.800000 | avg_r:   342.593165 | e:   0.468250 | Q: 1101.984375 | won: False 
# 3249 | steps_t: 10636 | t: 605.406819 | r:   498.000000 | avg_r:   342.640997 | e:   0.468200 | Q: 1000.180847 | won: False 
# 3250 | steps_t: 10639 | t: 605.569295 | r:   760.600000 | avg_r:   342.769600 | e:   0.468050 | Q: 1106.994751 | won: False 
# 3251 | steps_t: 10641 | t: 605.701353 | r:   793.000000 | avg_r:   342.908090 | e:   0.467950 | Q: 1169.270752 | won: False 
# 3252 | steps_t: 10643 | t: 605.818918 | r:   219.400000 | avg_r:   342.870111 | e:   0.467850 | Q: 775.054504 | won: False 
# 3253 | steps_t: 10645 | t: 605.932153 | r:  1029.600000 | avg_r:   343.081217 | e:   0.467750 | Q: 1163.801636 | won: False 
# 3254 | steps_t: 10646 | t: 605.988206 | r:   194.400000 | avg_r:   343.035526 | e:   0.467700 | Q: 770.824402 | won: False 
# 3255 | steps_t: 10648 | t: 606.118302 | r:   765.000000 | avg_r:   343.165161 | e:   0.467600 | Q: 1080.691772 | won: False 
# 3256 | steps_t: 10653 | t: 606.419353 | r:  1232.400000 | avg_r:   343.438268 | e:   0.467350 | Q: 1243.889771 | won: False 
# 3257 | steps_t: 10654 | t: 606.492859 | r:   178.200000 | avg_r:   343.387535 | e:   0.467300 | Q: 794.473694 | won: False 
# 3258 | steps_t: 10655 | t: 606.554563 | r:   160.400000 | avg_r:   343.331369 | e:   0.467250 | Q: 736.929993 | won: False 
# 3259 | steps_t: 10657 | t: 606.682115 | r:   474.800000 | avg_r:   343.371709 | e:   0.467150 | Q: 915.039001 | won: False 
# 3260 | steps_t: 10659 | t: 606.801191 | r:   166.600000 | avg_r:   343.317485 | e:   0.467050 | Q: 917.323181 | won: False 
# 3261 | steps_t: 10661 | t: 606.917411 | r:  1395.800000 | avg_r:   343.640233 | e:   0.466950 | Q: 1118.423950 | won: False 
# 3262 | steps_t: 10664 | t: 607.112328 | r:   198.800000 | avg_r:   343.595831 | e:   0.466800 | Q: 700.045715 | won: False 
# 3263 | steps_t: 10666 | t: 607.237642 | r:   440.200000 | avg_r:   343.625437 | e:   0.466700 | Q: 1078.604248 | won: False 
# 3264 | steps_t: 10676 | t: 607.872987 | r:  1135.600000 | avg_r:   343.868076 | e:   0.466200 | Q: 1183.919067 | won: False 
# 3265 | steps_t: 10679 | t: 608.048393 | r:   960.600000 | avg_r:   344.056968 | e:   0.466050 | Q: 993.627991 | won: False 
# 3266 | steps_t: 10681 | t: 608.168038 | r:   886.200000 | avg_r:   344.222964 | e:   0.465950 | Q: 847.859009 | won: False 
# 3267 | steps_t: 10682 | t: 608.236684 | r:   466.000000 | avg_r:   344.260239 | e:   0.465900 | Q: 724.151794 | won: False 
# 3268 | steps_t: 10683 | t: 608.288224 | r:   791.600000 | avg_r:   344.397124 | e:   0.465850 | Q: 844.304993 | won: False 
# 3269 | steps_t: 10685 | t: 608.418435 | r:  1009.600000 | avg_r:   344.600612 | e:   0.465750 | Q: 1075.717285 | won: False 
# 3270 | steps_t: 10692 | t: 608.897783 | r:   986.400000 | avg_r:   344.796881 | e:   0.465400 | Q: 1066.570557 | won: False 
# 3271 | steps_t: 10696 | t: 609.132620 | r:    57.600000 | avg_r:   344.709080 | e:   0.465200 | Q: 658.533447 | won: False 
# 3272 | steps_t: 10700 | t: 609.361133 | r:  1362.800000 | avg_r:   345.020232 | e:   0.465000 | Q: 1045.739502 | won: False 
# 3273 | steps_t: 10700 | t: 609.380498 | r:   188.800000 | avg_r:   344.972502 | e:   0.465000 | Q: 606.552551 | won: False 
# 3274 | steps_t: 10710 | t: 609.964075 | r:  1225.000000 | avg_r:   345.241295 | e:   0.464500 | Q: 1135.026001 | won: False 
# 3275 | steps_t: 10711 | t: 610.021787 | r:   174.400000 | avg_r:   345.189130 | e:   0.464450 | Q: 629.048523 | won: False 
# 3276 | steps_t: 10714 | t: 610.207652 | r:   457.800000 | avg_r:   345.223504 | e:   0.464300 | Q: 787.717712 | won: False 
# 3277 | steps_t: 10715 | t: 610.271042 | r:   793.800000 | avg_r:   345.360391 | e:   0.464250 | Q: 978.902771 | won: False 
# 3278 | steps_t: 10716 | t: 610.337172 | r:   -67.800000 | avg_r:   345.234350 | e:   0.464200 | Q: 810.080994 | won: False 
# 3279 | steps_t: 10719 | t: 610.515446 | r:   803.200000 | avg_r:   345.374016 | e:   0.464050 | Q: 1042.560547 | won: False 
# 3280 | steps_t: 10720 | t: 610.595877 | r:   850.800000 | avg_r:   345.528110 | e:   0.464000 | Q: 934.996521 | won: False 
# 3281 | steps_t: 10727 | t: 611.034129 | r:  1304.400000 | avg_r:   345.820360 | e:   0.463650 | Q: 1170.806885 | won: False 
# 3282 | steps_t: 10728 | t: 611.103261 | r:  -365.000000 | avg_r:   345.603778 | e:   0.463600 | Q: 674.099670 | won: False 
# 3283 | steps_t: 10731 | t: 611.298698 | r:  1583.800000 | avg_r:   345.980932 | e:   0.463450 | Q: 1144.915894 | won: False 
# 3284 | steps_t: 10737 | t: 611.654404 | r:  1420.400000 | avg_r:   346.308100 | e:   0.463150 | Q: 1236.099854 | won: False 
# 3285 | steps_t: 10740 | t: 611.832090 | r:   723.400000 | avg_r:   346.422892 | e:   0.463000 | Q: 1029.316040 | won: False 
# 3286 | steps_t: 10741 | t: 611.896831 | r:   200.400000 | avg_r:   346.378454 | e:   0.462950 | Q: 815.169128 | won: False 
# 3287 | steps_t: 10743 | t: 612.009988 | r:   170.200000 | avg_r:   346.324855 | e:   0.462850 | Q: 801.688782 | won: False 
# 3288 | steps_t: 10745 | t: 612.136477 | r:   759.800000 | avg_r:   346.450608 | e:   0.462750 | Q: 1056.420044 | won: False 
# 3289 | steps_t: 10752 | t: 612.568980 | r:   760.000000 | avg_r:   346.576345 | e:   0.462400 | Q: 1202.463257 | won: False 
# 3290 | steps_t: 10754 | t: 612.703606 | r:   120.200000 | avg_r:   346.507538 | e:   0.462300 | Q: 717.669434 | won: False 
# 3291 | steps_t: 10757 | t: 612.895885 | r:  1307.800000 | avg_r:   346.799635 | e:   0.462150 | Q: 1192.760132 | won: False 
# 3292 | steps_t: 10762 | t: 613.204894 | r:  3188.600000 | avg_r:   347.662880 | e:   0.461900 | Q: 1114.396118 | won: True 
# 3293 | steps_t: 10763 | t: 613.272136 | r:   546.400000 | avg_r:   347.723231 | e:   0.461850 | Q: 809.139893 | won: False 
# 3294 | steps_t: 10767 | t: 613.519701 | r:  1321.600000 | avg_r:   348.018883 | e:   0.461650 | Q: 1144.718140 | won: False 
# 3295 | steps_t: 10773 | t: 613.887350 | r:  3154.400000 | avg_r:   348.870592 | e:   0.461350 | Q: 1208.092041 | won: True 
# 3296 | steps_t: 10790 | t: 614.969297 | r:   368.400000 | avg_r:   348.876517 | e:   0.460500 | Q: 1258.061279 | won: False 
# 3297 | steps_t: 10791 | t: 615.039453 | r:   494.000000 | avg_r:   348.920534 | e:   0.460450 | Q: 872.337341 | won: False 
# 3298 | steps_t: 10792 | t: 615.102496 | r:  -345.000000 | avg_r:   348.710127 | e:   0.460400 | Q: 705.383484 | won: False 
# 3299 | steps_t: 10793 | t: 615.170367 | r:   600.400000 | avg_r:   348.786420 | e:   0.460350 | Q: 959.497559 | won: False 
# 3300 | steps_t: 10795 | t: 615.296178 | r:   251.200000 | avg_r:   348.756848 | e:   0.460250 | Q: 1106.495728 | won: False 
# 3301 | steps_t: 10796 | t: 615.354766 | r:   560.400000 | avg_r:   348.820963 | e:   0.460200 | Q: 759.201843 | won: False 
# 3302 | steps_t: 10798 | t: 615.487235 | r:   461.600000 | avg_r:   348.855118 | e:   0.460100 | Q: 869.221985 | won: False 
# 3303 | steps_t: 10799 | t: 615.553545 | r:   193.600000 | avg_r:   348.808114 | e:   0.460050 | Q: 740.381226 | won: False 
# 3304 | steps_t: 10801 | t: 615.699573 | r:   703.000000 | avg_r:   348.915315 | e:   0.459950 | Q: 1108.423950 | won: False 
# 3305 | steps_t: 10803 | t: 615.817316 | r:   749.400000 | avg_r:   349.036490 | e:   0.459850 | Q: 1089.582397 | won: False 
# 3306 | steps_t: 10804 | t: 615.887423 | r:   275.000000 | avg_r:   349.014096 | e:   0.459800 | Q: 695.499695 | won: False 
# 3307 | steps_t: 10805 | t: 615.960632 | r:   194.600000 | avg_r:   348.967402 | e:   0.459750 | Q: 865.263794 | won: False 
# 3308 | steps_t: 10807 | t: 616.086898 | r:   756.000000 | avg_r:   349.090447 | e:   0.459650 | Q: 1072.364624 | won: False 
# 3309 | steps_t: 10818 | t: 616.786389 | r:  1020.600000 | avg_r:   349.293382 | e:   0.459100 | Q: 1236.003784 | won: False 
# 3310 | steps_t: 10823 | t: 617.115698 | r:  1515.600000 | avg_r:   349.645740 | e:   0.458850 | Q: 1131.653564 | won: False 
# 3311 | steps_t: 10829 | t: 617.502058 | r:  1248.200000 | avg_r:   349.917125 | e:   0.458550 | Q: 1213.344849 | won: False 
# 3312 | steps_t: 10834 | t: 617.823283 | r:  1209.800000 | avg_r:   350.176751 | e:   0.458300 | Q: 1240.230347 | won: False 
# 3313 | steps_t: 10835 | t: 617.887891 | r:   493.600000 | avg_r:   350.220042 | e:   0.458250 | Q: 856.249512 | won: False 
# 3314 | steps_t: 10840 | t: 618.222786 | r:   863.400000 | avg_r:   350.374894 | e:   0.458000 | Q: 1263.941406 | won: False 
# 3315 | steps_t: 10841 | t: 618.287716 | r:  -351.000000 | avg_r:   350.163318 | e:   0.457950 | Q: 790.529480 | won: False 
# 3316 | steps_t: 10843 | t: 618.406542 | r:   175.000000 | avg_r:   350.110495 | e:   0.457850 | Q: 879.617798 | won: False 
# 3317 | steps_t: 10844 | t: 618.486616 | r:   814.400000 | avg_r:   350.250467 | e:   0.457800 | Q: 1077.362183 | won: False 
# 3318 | steps_t: 10845 | t: 618.553936 | r:   538.200000 | avg_r:   350.307113 | e:   0.457750 | Q: 1007.239258 | won: False 
# 3319 | steps_t: 10851 | t: 618.928262 | r:   632.800000 | avg_r:   350.392227 | e:   0.457450 | Q: 1181.694214 | won: False 
# 3320 | steps_t: 10855 | t: 619.193304 | r:  1149.600000 | avg_r:   350.632952 | e:   0.457250 | Q: 1204.888794 | won: False 
# 3321 | steps_t: 10860 | t: 619.508960 | r:  1532.800000 | avg_r:   350.988919 | e:   0.457000 | Q: 1209.255615 | won: False 
# 3322 | steps_t: 10863 | t: 619.697626 | r:    -2.600000 | avg_r:   350.882480 | e:   0.456850 | Q: 1068.530396 | won: False 
# 3323 | steps_t: 10864 | t: 619.770035 | r:  -152.400000 | avg_r:   350.731026 | e:   0.456800 | Q: 1013.690125 | won: False 
# 3324 | steps_t: 10867 | t: 619.964911 | r:  1068.200000 | avg_r:   350.946871 | e:   0.456650 | Q: 1178.788818 | won: False 
# 3325 | steps_t: 10868 | t: 620.036555 | r:   -64.800000 | avg_r:   350.821835 | e:   0.456600 | Q: 721.397278 | won: False 
# 3326 | steps_t: 10870 | t: 620.150116 | r:   227.600000 | avg_r:   350.784787 | e:   0.456500 | Q: 785.097778 | won: False 
# 3327 | steps_t: 10871 | t: 620.227053 | r:   794.000000 | avg_r:   350.918004 | e:   0.456450 | Q: 1016.116394 | won: False 
# 3328 | steps_t: 10872 | t: 620.303355 | r:   -26.600000 | avg_r:   350.804567 | e:   0.456400 | Q: 909.652466 | won: False 
# 3329 | steps_t: 10875 | t: 620.498116 | r:  3198.800000 | avg_r:   351.660078 | e:   0.456250 | Q: 1261.335938 | won: True 
# 3330 | steps_t: 10876 | t: 620.586527 | r:   470.000000 | avg_r:   351.695616 | e:   0.456200 | Q: 982.413208 | won: False 
# 3331 | steps_t: 10877 | t: 620.653130 | r:  -123.600000 | avg_r:   351.552927 | e:   0.456150 | Q: 677.865417 | won: False 
# 3332 | steps_t: 10877 | t: 620.653130 | r:   203.800000 | avg_r:   351.508583 | e:   0.456150 | Q: 692.811829 | won: False 
# 3333 | steps_t: 10879 | t: 620.784796 | r:  -117.800000 | avg_r:   351.367777 | e:   0.456050 | Q: 718.669678 | won: False 
# 3334 | steps_t: 10882 | t: 620.980129 | r:  1343.400000 | avg_r:   351.665327 | e:   0.455900 | Q: 1110.868896 | won: False 
# 3335 | steps_t: 10890 | t: 621.510055 | r:  1221.600000 | avg_r:   351.926177 | e:   0.455500 | Q: 1240.035645 | won: False 
# 3336 | steps_t: 10893 | t: 621.728945 | r:   957.400000 | avg_r:   352.107674 | e:   0.455350 | Q: 1153.434326 | won: False 
# 3337 | steps_t: 10895 | t: 621.865598 | r:   155.400000 | avg_r:   352.048726 | e:   0.455250 | Q: 735.155212 | won: False 
# 3338 | steps_t: 10898 | t: 622.078995 | r:   762.000000 | avg_r:   352.171540 | e:   0.455100 | Q: 1023.611816 | won: False 
# 3339 | steps_t: 10899 | t: 622.149336 | r:  -112.800000 | avg_r:   352.032285 | e:   0.455050 | Q: 679.184875 | won: False 
# 3340 | steps_t: 10901 | t: 622.281523 | r:   -16.400000 | avg_r:   351.921976 | e:   0.454950 | Q: 888.465088 | won: False 
# 3341 | steps_t: 10902 | t: 622.358075 | r:   238.200000 | avg_r:   351.887938 | e:   0.454900 | Q: 957.015747 | won: False 
# 3342 | steps_t: 10904 | t: 622.502926 | r:   135.200000 | avg_r:   351.823100 | e:   0.454800 | Q: 871.121399 | won: False 
# 3343 | steps_t: 10905 | t: 622.579174 | r:   216.400000 | avg_r:   351.782590 | e:   0.454750 | Q: 747.815125 | won: False 
# 3344 | steps_t: 10912 | t: 623.032638 | r:  3011.000000 | avg_r:   352.577811 | e:   0.454400 | Q: 1240.239746 | won: True 
# 3345 | steps_t: 10913 | t: 623.102940 | r:   -61.800000 | avg_r:   352.453931 | e:   0.454350 | Q: 750.526794 | won: False 
# 3346 | steps_t: 10914 | t: 623.172242 | r:   497.600000 | avg_r:   352.497310 | e:   0.454300 | Q: 963.788879 | won: False 
# 3347 | steps_t: 10920 | t: 623.543967 | r:  1178.200000 | avg_r:   352.744010 | e:   0.454000 | Q: 1155.647461 | won: False 
# 3348 | steps_t: 10922 | t: 623.686314 | r:   462.000000 | avg_r:   352.776643 | e:   0.453900 | Q: 890.323120 | won: False 
# 3349 | steps_t: 10924 | t: 623.817577 | r:   123.000000 | avg_r:   352.708032 | e:   0.453800 | Q: 688.739685 | won: False 
# 3350 | steps_t: 10926 | t: 623.967088 | r:   998.400000 | avg_r:   352.900776 | e:   0.453700 | Q: 924.903748 | won: False 
# 3351 | steps_t: 10928 | t: 624.100404 | r:   474.600000 | avg_r:   352.937093 | e:   0.453600 | Q: 914.607971 | won: False 
# 3352 | steps_t: 10929 | t: 624.176535 | r:   256.400000 | avg_r:   352.908294 | e:   0.453550 | Q: 691.243958 | won: False 
# 3353 | steps_t: 10934 | t: 624.507280 | r:  1286.800000 | avg_r:   353.186818 | e:   0.453300 | Q: 1139.263184 | won: False 
# 3354 | steps_t: 10937 | t: 624.715442 | r:   672.800000 | avg_r:   353.282111 | e:   0.453150 | Q: 1007.828247 | won: False 
# 3355 | steps_t: 10946 | t: 625.308553 | r:  3065.000000 | avg_r:   354.090373 | e:   0.452700 | Q: 1204.914429 | won: True 
# 3356 | steps_t: 10947 | t: 625.370416 | r:   -91.000000 | avg_r:   353.957747 | e:   0.452650 | Q: 651.887512 | won: False 
# 3357 | steps_t: 10951 | t: 625.617367 | r:   613.600000 | avg_r:   354.035091 | e:   0.452450 | Q: 1133.275024 | won: False 
# 3358 | steps_t: 10953 | t: 625.741143 | r:   166.200000 | avg_r:   353.979154 | e:   0.452350 | Q: 709.363647 | won: False 
# 3359 | steps_t: 10956 | t: 625.924310 | r:  1442.000000 | avg_r:   354.303066 | e:   0.452200 | Q: 1060.123169 | won: False 
# 3360 | steps_t: 10957 | t: 625.992578 | r:   236.600000 | avg_r:   354.268036 | e:   0.452150 | Q: 767.853455 | won: False 
# 3361 | steps_t: 10961 | t: 626.245619 | r:   976.000000 | avg_r:   354.453020 | e:   0.451950 | Q: 1132.182983 | won: False 
# 3362 | steps_t: 10963 | t: 626.367534 | r:   753.000000 | avg_r:   354.571565 | e:   0.451850 | Q: 1087.163330 | won: False 
# 3363 | steps_t: 10965 | t: 626.500035 | r:   474.600000 | avg_r:   354.607255 | e:   0.451750 | Q: 940.850952 | won: False 
# 3364 | steps_t: 10967 | t: 626.632408 | r:   505.600000 | avg_r:   354.652140 | e:   0.451650 | Q: 933.117737 | won: False 
# 3365 | steps_t: 10969 | t: 626.751024 | r:  1022.400000 | avg_r:   354.850579 | e:   0.451550 | Q: 1206.937256 | won: False 
# 3366 | steps_t: 10970 | t: 626.819354 | r:  -390.000000 | avg_r:   354.629293 | e:   0.451500 | Q: 750.153442 | won: False 
# 3367 | steps_t: 10976 | t: 627.201030 | r:  3131.200000 | avg_r:   355.453935 | e:   0.451200 | Q: 1220.100220 | won: True 
# 3368 | steps_t: 10980 | t: 627.458943 | r:  3244.000000 | avg_r:   356.311580 | e:   0.451000 | Q: 1184.758301 | won: True 
# 3369 | steps_t: 10982 | t: 627.591226 | r:   591.600000 | avg_r:   356.381419 | e:   0.450900 | Q: 1035.881226 | won: False 
# 3370 | steps_t: 10990 | t: 628.086806 | r:   965.800000 | avg_r:   356.562255 | e:   0.450500 | Q: 1225.181274 | won: False 
# 3371 | steps_t: 10996 | t: 628.487391 | r:  -252.200000 | avg_r:   356.381667 | e:   0.450200 | Q: 814.747375 | won: False 
# 3372 | steps_t: 10998 | t: 628.614735 | r:  -394.000000 | avg_r:   356.159134 | e:   0.450100 | Q: 887.012390 | won: False 
# 3373 | steps_t: 11004 | t: 629.003124 | r:  3121.800000 | avg_r:   356.979069 | e:   0.449800 | Q: 1379.593750 | won: True 
# 3374 | steps_t: 11006 | t: 629.132092 | r:   -93.800000 | avg_r:   356.845465 | e:   0.449700 | Q: 914.258972 | won: False 
# 3375 | steps_t: 11008 | t: 629.257174 | r:   194.200000 | avg_r:   356.797274 | e:   0.449600 | Q: 945.488953 | won: False 
# 3376 | steps_t: 11014 | t: 629.635495 | r:  1106.000000 | avg_r:   357.019194 | e:   0.449300 | Q: 1327.026123 | won: False 
# 3377 | steps_t: 11015 | t: 629.702097 | r:   503.200000 | avg_r:   357.062481 | e:   0.449250 | Q: 882.659180 | won: False 
# 3378 | steps_t: 11021 | t: 630.055110 | r:  1561.000000 | avg_r:   357.418887 | e:   0.448950 | Q: 1309.392944 | won: False 
# 3379 | steps_t: 11022 | t: 630.119961 | r:   -67.200000 | avg_r:   357.293223 | e:   0.448900 | Q: 717.727417 | won: False 
# 3380 | steps_t: 11023 | t: 630.178527 | r:   291.800000 | avg_r:   357.273846 | e:   0.448850 | Q: 762.885132 | won: False 
# 3381 | steps_t: 11023 | t: 630.189964 | r:   300.600000 | avg_r:   357.257084 | e:   0.448850 | Q: 717.268738 | won: False 
# 3382 | steps_t: 11028 | t: 630.480038 | r:  1517.400000 | avg_r:   357.600118 | e:   0.448600 | Q: 1267.694458 | won: False 
# 3383 | steps_t: 11032 | t: 630.721280 | r:  1261.400000 | avg_r:   357.867278 | e:   0.448400 | Q: 1146.766602 | won: False 
# 3384 | steps_t: 11033 | t: 630.787814 | r:   449.600000 | avg_r:   357.894385 | e:   0.448350 | Q: 672.717163 | won: False 
# 3385 | steps_t: 11035 | t: 630.903390 | r:  1239.200000 | avg_r:   358.154742 | e:   0.448250 | Q: 1142.055420 | won: False 
# 3386 | steps_t: 11042 | t: 631.341072 | r:  1409.000000 | avg_r:   358.465092 | e:   0.447900 | Q: 1152.072632 | won: False 
# 3387 | steps_t: 11048 | t: 631.688706 | r:  1412.800000 | avg_r:   358.776380 | e:   0.447600 | Q: 1277.728271 | won: False 
# 3388 | steps_t: 11050 | t: 631.803720 | r:    84.400000 | avg_r:   358.695396 | e:   0.447500 | Q: 1081.261841 | won: False 
# 3389 | steps_t: 11051 | t: 631.868865 | r:   186.200000 | avg_r:   358.644497 | e:   0.447450 | Q: 789.718933 | won: False 
# 3390 | steps_t: 11053 | t: 631.999840 | r:   705.400000 | avg_r:   358.746785 | e:   0.447350 | Q: 1118.584106 | won: False 
# 3391 | steps_t: 11068 | t: 632.893969 | r:   869.800000 | avg_r:   358.897493 | e:   0.446600 | Q: 1356.210327 | won: False 
# 3392 | steps_t: 11070 | t: 633.002539 | r:   220.400000 | avg_r:   358.856663 | e:   0.446500 | Q: 783.752380 | won: False 
# 3393 | steps_t: 11074 | t: 633.247188 | r:   581.800000 | avg_r:   358.922370 | e:   0.446300 | Q: 1096.950073 | won: False 
# 3394 | steps_t: 11076 | t: 633.383189 | r:  1057.200000 | avg_r:   359.128108 | e:   0.446200 | Q: 1126.412109 | won: False 
# 3395 | steps_t: 11076 | t: 633.383189 | r:   -46.800000 | avg_r:   359.008542 | e:   0.446200 | Q: 680.653381 | won: False 
# 3396 | steps_t: 11076 | t: 633.409172 | r:   -49.800000 | avg_r:   358.888163 | e:   0.446200 | Q: 678.594238 | won: False 
# 3397 | steps_t: 11077 | t: 633.455220 | r:   189.600000 | avg_r:   358.838328 | e:   0.446150 | Q: 895.325439 | won: False 
# 3398 | steps_t: 11077 | t: 633.473747 | r:   173.800000 | avg_r:   358.783873 | e:   0.446150 | Q: 672.796448 | won: False 
# 3399 | steps_t: 11079 | t: 633.584816 | r:   251.600000 | avg_r:   358.752339 | e:   0.446050 | Q: 743.164978 | won: False 
# 3400 | steps_t: 11082 | t: 633.780100 | r:  3152.400000 | avg_r:   359.574000 | e:   0.445900 | Q: 1132.163452 | won: True 
# 3401 | steps_t: 11083 | t: 633.838828 | r:   169.200000 | avg_r:   359.518024 | e:   0.445850 | Q: 906.691467 | won: False 
# 3402 | steps_t: 11085 | t: 633.968526 | r:   702.000000 | avg_r:   359.618695 | e:   0.445750 | Q: 1042.518677 | won: False 
# 3403 | steps_t: 11087 | t: 634.083871 | r:  1026.200000 | avg_r:   359.814575 | e:   0.445650 | Q: 1064.126587 | won: False 
# 3404 | steps_t: 11089 | t: 634.211093 | r:   778.800000 | avg_r:   359.937662 | e:   0.445550 | Q: 788.414368 | won: False 
# 3405 | steps_t: 11091 | t: 634.335310 | r:   427.600000 | avg_r:   359.957533 | e:   0.445450 | Q: 943.460571 | won: False 
# 3406 | steps_t: 11092 | t: 634.386944 | r:  -389.000000 | avg_r:   359.737639 | e:   0.445400 | Q: 645.679016 | won: False 
# 3407 | steps_t: 11094 | t: 634.501846 | r:   459.600000 | avg_r:   359.766950 | e:   0.445300 | Q: 843.492615 | won: False 
# 3408 | steps_t: 11096 | t: 634.624297 | r:   483.400000 | avg_r:   359.803228 | e:   0.445200 | Q: 806.354736 | won: False 
# 3409 | steps_t: 11097 | t: 634.685830 | r:   565.400000 | avg_r:   359.863538 | e:   0.445150 | Q: 902.382874 | won: False 
# 3410 | steps_t: 11098 | t: 634.752458 | r:   -81.000000 | avg_r:   359.734252 | e:   0.445100 | Q: 694.387512 | won: False 
# 3411 | steps_t: 11108 | t: 635.356877 | r:  1045.200000 | avg_r:   359.935210 | e:   0.444600 | Q: 1275.202637 | won: False 
# 3412 | steps_t: 11115 | t: 635.831830 | r:  1032.400000 | avg_r:   360.132298 | e:   0.444250 | Q: 1177.076050 | won: False 
# 3413 | steps_t: 11120 | t: 636.162779 | r:  1463.600000 | avg_r:   360.455611 | e:   0.444000 | Q: 1229.728516 | won: False 
# 3414 | steps_t: 11121 | t: 636.230154 | r:   299.400000 | avg_r:   360.437727 | e:   0.443950 | Q: 679.282715 | won: False 
# 3415 | steps_t: 11123 | t: 636.366863 | r:  1005.400000 | avg_r:   360.626589 | e:   0.443850 | Q: 925.066711 | won: False 
# 3416 | steps_t: 11126 | t: 636.549749 | r:  1554.800000 | avg_r:   360.976171 | e:   0.443700 | Q: 1103.908569 | won: False 
# 3417 | steps_t: 11127 | t: 636.619736 | r:   569.000000 | avg_r:   361.037050 | e:   0.443650 | Q: 864.076660 | won: False 
# 3418 | steps_t: 11129 | t: 636.749481 | r:   496.800000 | avg_r:   361.076770 | e:   0.443550 | Q: 935.345520 | won: False 
# 3419 | steps_t: 11131 | t: 636.882077 | r:   784.400000 | avg_r:   361.200585 | e:   0.443450 | Q: 900.770447 | won: False 
# 3420 | steps_t: 11134 | t: 637.066923 | r:   136.800000 | avg_r:   361.134971 | e:   0.443300 | Q: 757.633728 | won: False 
# 3421 | steps_t: 11135 | t: 637.124164 | r:   213.800000 | avg_r:   361.091903 | e:   0.443250 | Q: 753.542053 | won: False 
# 3422 | steps_t: 11136 | t: 637.205444 | r:   545.800000 | avg_r:   361.145880 | e:   0.443200 | Q: 902.648865 | won: False 
# 3423 | steps_t: 11138 | t: 637.310342 | r:   784.800000 | avg_r:   361.269647 | e:   0.443100 | Q: 905.620422 | won: False 
# 3424 | steps_t: 11140 | t: 637.436844 | r:   628.800000 | avg_r:   361.347780 | e:   0.443000 | Q: 982.626099 | won: False 
# 3425 | steps_t: 11140 | t: 637.455317 | r:   501.400000 | avg_r:   361.388672 | e:   0.443000 | Q: 859.155396 | won: False 
# 3426 | steps_t: 11144 | t: 637.711096 | r:  1162.600000 | avg_r:   361.622534 | e:   0.442800 | Q: 1207.038208 | won: False 
# 3427 | steps_t: 11146 | t: 637.836932 | r:  1109.400000 | avg_r:   361.840735 | e:   0.442700 | Q: 1149.799072 | won: False 
# 3428 | steps_t: 11147 | t: 637.902739 | r:   -55.200000 | avg_r:   361.719078 | e:   0.442650 | Q: 711.722839 | won: False 
# 3429 | steps_t: 11148 | t: 637.969344 | r:   184.800000 | avg_r:   361.667483 | e:   0.442600 | Q: 783.674744 | won: False 
# 3430 | steps_t: 11148 | t: 637.987368 | r:   176.200000 | avg_r:   361.613411 | e:   0.442600 | Q: 719.233154 | won: False 
# 3431 | steps_t: 11151 | t: 638.167185 | r:   981.600000 | avg_r:   361.794113 | e:   0.442450 | Q: 1149.433838 | won: False 
# 3432 | steps_t: 11153 | t: 638.289635 | r:   220.600000 | avg_r:   361.752972 | e:   0.442350 | Q: 754.508728 | won: False 
# 3433 | steps_t: 11154 | t: 638.353763 | r:   295.200000 | avg_r:   361.733586 | e:   0.442300 | Q: 725.218750 | won: False 
# 3434 | steps_t: 11157 | t: 638.549847 | r:   989.800000 | avg_r:   361.916482 | e:   0.442150 | Q: 1195.331055 | won: False 
# 3435 | steps_t: 11159 | t: 638.675899 | r:   257.600000 | avg_r:   361.886114 | e:   0.442050 | Q: 905.469055 | won: False 
# 3436 | steps_t: 11161 | t: 638.800991 | r:  1045.400000 | avg_r:   362.085041 | e:   0.441950 | Q: 1130.177490 | won: False 
# 3437 | steps_t: 11169 | t: 639.294752 | r:  1401.800000 | avg_r:   362.387547 | e:   0.441550 | Q: 1290.167480 | won: False 
# 3438 | steps_t: 11172 | t: 639.466918 | r:   711.600000 | avg_r:   362.489122 | e:   0.441400 | Q: 1142.175293 | won: False 
# 3439 | steps_t: 11176 | t: 639.733917 | r:   655.000000 | avg_r:   362.574179 | e:   0.441200 | Q: 1177.776978 | won: False 
# 3440 | steps_t: 11177 | t: 639.803732 | r:   503.200000 | avg_r:   362.615058 | e:   0.441150 | Q: 816.669556 | won: False 
# 3441 | steps_t: 11184 | t: 640.231659 | r:  1474.400000 | avg_r:   362.938158 | e:   0.440800 | Q: 1276.654175 | won: False 
# 3442 | steps_t: 11189 | t: 640.547132 | r:  1214.000000 | avg_r:   363.185415 | e:   0.440550 | Q: 1235.332153 | won: False 
# 3443 | steps_t: 11190 | t: 640.605699 | r:   251.600000 | avg_r:   363.153006 | e:   0.440500 | Q: 833.243591 | won: False 
# 3444 | steps_t: 11194 | t: 640.878839 | r:  1229.800000 | avg_r:   363.404646 | e:   0.440300 | Q: 1193.420654 | won: False 
# 3445 | steps_t: 11195 | t: 640.936144 | r:   296.000000 | avg_r:   363.385080 | e:   0.440250 | Q: 1038.837891 | won: False 
# 3446 | steps_t: 11196 | t: 641.007691 | r:   300.600000 | avg_r:   363.366860 | e:   0.440200 | Q: 726.954834 | won: False 
# 3447 | steps_t: 11197 | t: 641.101985 | r:   243.200000 | avg_r:   363.331999 | e:   0.440150 | Q: 741.072510 | won: False 
# 3448 | steps_t: 11200 | t: 641.294860 | r:   746.400000 | avg_r:   363.443097 | e:   0.440000 | Q: 1112.644775 | won: False 
# 3449 | steps_t: 11201 | t: 641.382564 | r:   203.800000 | avg_r:   363.396811 | e:   0.439950 | Q: 703.300659 | won: False 
# 3450 | steps_t: 11203 | t: 641.513962 | r:  1165.400000 | avg_r:   363.629275 | e:   0.439850 | Q: 1147.042114 | won: False 
# 3451 | steps_t: 11206 | t: 641.714883 | r:  1396.200000 | avg_r:   363.928484 | e:   0.439700 | Q: 1158.425659 | won: False 
# 3452 | steps_t: 11208 | t: 641.851471 | r:   589.600000 | avg_r:   363.993859 | e:   0.439600 | Q: 922.541687 | won: False 
# 3453 | steps_t: 11208 | t: 641.869428 | r:   297.600000 | avg_r:   363.974631 | e:   0.439600 | Q: 679.671753 | won: False 
# 3454 | steps_t: 11211 | t: 642.064154 | r:  3182.400000 | avg_r:   364.790620 | e:   0.439450 | Q: 1120.882568 | won: True 
# 3455 | steps_t: 11217 | t: 642.452643 | r:  1479.800000 | avg_r:   365.113343 | e:   0.439150 | Q: 1242.782349 | won: False 
# 3456 | steps_t: 11218 | t: 642.518740 | r:   579.200000 | avg_r:   365.175289 | e:   0.439100 | Q: 801.510742 | won: False 
# 3457 | steps_t: 11220 | t: 642.648998 | r:  1436.000000 | avg_r:   365.485045 | e:   0.439000 | Q: 1022.745972 | won: False 
# 3458 | steps_t: 11221 | t: 642.725266 | r:   774.400000 | avg_r:   365.603297 | e:   0.438950 | Q: 984.638245 | won: False 
# 3459 | steps_t: 11225 | t: 642.984614 | r:  1015.200000 | avg_r:   365.791096 | e:   0.438750 | Q: 1215.777100 | won: False 
# 3460 | steps_t: 11231 | t: 643.369457 | r:  1488.400000 | avg_r:   366.115549 | e:   0.438450 | Q: 1250.714966 | won: False 
# 3461 | steps_t: 11232 | t: 643.455143 | r:   564.800000 | avg_r:   366.172956 | e:   0.438400 | Q: 1007.484741 | won: False 
# 3462 | steps_t: 11234 | t: 643.582015 | r:   720.000000 | avg_r:   366.275159 | e:   0.438300 | Q: 1062.622803 | won: False 
# 3463 | steps_t: 11238 | t: 643.874904 | r:   868.800000 | avg_r:   366.420271 | e:   0.438100 | Q: 1263.926270 | won: False 
# 3464 | steps_t: 11241 | t: 644.110279 | r:  1025.800000 | avg_r:   366.610624 | e:   0.437950 | Q: 1137.037720 | won: False 
# 3465 | steps_t: 11242 | t: 644.191912 | r:   208.600000 | avg_r:   366.565022 | e:   0.437900 | Q: 822.825195 | won: False 
# 3466 | steps_t: 11246 | t: 644.491040 | r:   680.200000 | avg_r:   366.655511 | e:   0.437700 | Q: 1135.827759 | won: False 
# 3467 | steps_t: 11259 | t: 645.610223 | r:  1296.000000 | avg_r:   366.923565 | e:   0.437050 | Q: 1396.443970 | won: False 
# 3468 | steps_t: 11261 | t: 645.803953 | r:  1091.400000 | avg_r:   367.132468 | e:   0.436950 | Q: 1224.474365 | won: False 
# 3469 | steps_t: 11263 | t: 645.990818 | r:   496.800000 | avg_r:   367.169847 | e:   0.436850 | Q: 1196.027710 | won: False 
# 3470 | steps_t: 11265 | t: 646.186739 | r:  -436.000000 | avg_r:   366.938386 | e:   0.436750 | Q: 865.841492 | won: False 
# 3471 | steps_t: 11267 | t: 646.323800 | r:   409.800000 | avg_r:   366.950735 | e:   0.436650 | Q: 1127.714966 | won: False 
# 3472 | steps_t: 11268 | t: 646.406584 | r:  -115.800000 | avg_r:   366.811694 | e:   0.436600 | Q: 790.738464 | won: False 
# 3473 | steps_t: 11269 | t: 646.485250 | r:   170.200000 | avg_r:   366.755082 | e:   0.436550 | Q: 783.233521 | won: False 
# 3474 | steps_t: 11270 | t: 646.567744 | r:   187.200000 | avg_r:   366.703397 | e:   0.436500 | Q: 921.278015 | won: False 
# 3475 | steps_t: 11274 | t: 646.916304 | r:   978.000000 | avg_r:   366.879309 | e:   0.436300 | Q: 1220.572266 | won: False 
# 3476 | steps_t: 11276 | t: 647.118964 | r:   873.200000 | avg_r:   367.024971 | e:   0.436200 | Q: 1008.172607 | won: False 
# 3477 | steps_t: 11280 | t: 647.599941 | r:  1118.400000 | avg_r:   367.241070 | e:   0.436000 | Q: 1221.174561 | won: False 
# 3478 | steps_t: 11282 | t: 647.892952 | r:   492.200000 | avg_r:   367.276998 | e:   0.435900 | Q: 940.214966 | won: False 
# 3479 | steps_t: 11283 | t: 648.056956 | r:   536.800000 | avg_r:   367.325726 | e:   0.435850 | Q: 916.125183 | won: False 
# 3480 | steps_t: 11286 | t: 648.445153 | r:  1667.000000 | avg_r:   367.699195 | e:   0.435700 | Q: 1242.795166 | won: False 
# 3481 | steps_t: 11287 | t: 648.526388 | r:   -80.800000 | avg_r:   367.570353 | e:   0.435650 | Q: 718.354980 | won: False 
# 3482 | steps_t: 11289 | t: 648.697151 | r:   -11.400000 | avg_r:   367.461516 | e:   0.435550 | Q: 913.997498 | won: False 
# 3483 | steps_t: 11294 | t: 649.116344 | r:  1636.400000 | avg_r:   367.825840 | e:   0.435300 | Q: 1151.342163 | won: False 
# 3484 | steps_t: 11296 | t: 649.249205 | r:   390.400000 | avg_r:   367.832319 | e:   0.435200 | Q: 845.765503 | won: False 
# 3485 | steps_t: 11298 | t: 649.366400 | r:   487.000000 | avg_r:   367.866514 | e:   0.435100 | Q: 916.544983 | won: False 
# 3486 | steps_t: 11302 | t: 649.645090 | r:   923.000000 | avg_r:   368.025760 | e:   0.434900 | Q: 1194.480591 | won: False 
# 3487 | steps_t: 11303 | t: 649.703495 | r:   243.200000 | avg_r:   367.989963 | e:   0.434850 | Q: 756.045837 | won: False 
# 3488 | steps_t: 11305 | t: 649.817686 | r:   242.600000 | avg_r:   367.954014 | e:   0.434750 | Q: 797.578613 | won: False 
# 3489 | steps_t: 11313 | t: 650.296510 | r:  1328.400000 | avg_r:   368.229292 | e:   0.434350 | Q: 1221.708618 | won: False 
# 3490 | steps_t: 11318 | t: 650.638161 | r:  1495.400000 | avg_r:   368.552264 | e:   0.434100 | Q: 1178.965454 | won: False 
# 3491 | steps_t: 11320 | t: 650.781897 | r:   474.800000 | avg_r:   368.582698 | e:   0.434000 | Q: 864.598999 | won: False 
# 3492 | steps_t: 11323 | t: 650.994535 | r:  1255.600000 | avg_r:   368.836712 | e:   0.433850 | Q: 1136.934204 | won: False 
# 3493 | steps_t: 11333 | t: 651.882684 | r:  1498.200000 | avg_r:   369.160034 | e:   0.433350 | Q: 1205.219238 | won: False 
# 3494 | steps_t: 11338 | t: 652.270786 | r:  1277.400000 | avg_r:   369.419977 | e:   0.433100 | Q: 1094.604492 | won: False 
# 3495 | steps_t: 11352 | t: 653.457165 | r:  1141.000000 | avg_r:   369.640744 | e:   0.432400 | Q: 1207.816528 | won: False 
# 3496 | steps_t: 11354 | t: 653.598028 | r:   -32.200000 | avg_r:   369.525801 | e:   0.432300 | Q: 693.911743 | won: False 
# 3497 | steps_t: 11355 | t: 653.669184 | r:   -46.600000 | avg_r:   369.406806 | e:   0.432250 | Q: 715.580933 | won: False 
# 3498 | steps_t: 11356 | t: 653.736343 | r:   785.600000 | avg_r:   369.525786 | e:   0.432200 | Q: 896.853394 | won: False 
# 3499 | steps_t: 11358 | t: 653.870759 | r:   879.800000 | avg_r:   369.671620 | e:   0.432100 | Q: 956.807739 | won: False 
# 3500 | steps_t: 11359 | t: 654.052050 | r:   183.600000 | avg_r:   369.618457 | e:   0.432050 | Q: 682.328430 | won: False 
# 3501 | steps_t: 11360 | t: 654.118396 | r:  -347.000000 | avg_r:   369.413767 | e:   0.432000 | Q: 692.355957 | won: False 
# 3502 | steps_t: 11362 | t: 654.265033 | r:   739.400000 | avg_r:   369.519417 | e:   0.431900 | Q: 796.528992 | won: False 
# 3503 | steps_t: 11366 | t: 654.544177 | r:   667.400000 | avg_r:   369.604453 | e:   0.431700 | Q: 1119.813965 | won: False 
# 3504 | steps_t: 11373 | t: 655.014873 | r:  1328.200000 | avg_r:   369.878025 | e:   0.431350 | Q: 1219.311646 | won: False 
# 3505 | steps_t: 11375 | t: 655.140720 | r:  -101.600000 | avg_r:   369.743509 | e:   0.431250 | Q: 726.055481 | won: False 
# 3506 | steps_t: 11377 | t: 655.282045 | r:   564.200000 | avg_r:   369.798973 | e:   0.431150 | Q: 934.240601 | won: False 
# 3507 | steps_t: 11377 | t: 655.282045 | r:   297.600000 | avg_r:   369.778386 | e:   0.431150 | Q: 720.894775 | won: False 
# 3508 | steps_t: 11387 | t: 655.927488 | r:  1192.400000 | avg_r:   370.012885 | e:   0.430650 | Q: 1268.595947 | won: False 
# 3509 | steps_t: 11388 | t: 656.002438 | r:   504.400000 | avg_r:   370.051183 | e:   0.430600 | Q: 856.396118 | won: False 
# 3510 | steps_t: 11389 | t: 656.068664 | r:   479.800000 | avg_r:   370.082450 | e:   0.430550 | Q: 1064.718140 | won: False 
# 3511 | steps_t: 11390 | t: 656.135480 | r:   600.000000 | avg_r:   370.147935 | e:   0.430500 | Q: 861.250427 | won: False 
# 3512 | steps_t: 11394 | t: 656.392633 | r:  1175.200000 | avg_r:   370.377164 | e:   0.430300 | Q: 1182.410034 | won: False 
# 3513 | steps_t: 11407 | t: 657.201189 | r:   811.600000 | avg_r:   370.502761 | e:   0.429650 | Q: 1180.101074 | won: False 
# 3514 | steps_t: 11409 | t: 657.315810 | r:   746.600000 | avg_r:   370.609789 | e:   0.429550 | Q: 969.635437 | won: False 
# 3515 | steps_t: 11418 | t: 657.813633 | r:  1298.000000 | avg_r:   370.873627 | e:   0.429100 | Q: 1241.575928 | won: False 
# 3516 | steps_t: 11425 | t: 658.202461 | r:   825.000000 | avg_r:   371.002787 | e:   0.428750 | Q: 1227.133301 | won: False 
# 3517 | steps_t: 11427 | t: 658.316275 | r:  1101.200000 | avg_r:   371.210407 | e:   0.428650 | Q: 1106.701294 | won: False 
# 3518 | steps_t: 11428 | t: 658.385858 | r:   788.800000 | avg_r:   371.329107 | e:   0.428600 | Q: 995.999939 | won: False 
# 3519 | steps_t: 11430 | t: 658.483170 | r:   735.800000 | avg_r:   371.432680 | e:   0.428500 | Q: 1031.627930 | won: False 
# 3520 | steps_t: 11431 | t: 658.557429 | r:   483.400000 | avg_r:   371.464489 | e:   0.428450 | Q: 992.776428 | won: False 
# 3521 | steps_t: 11433 | t: 658.685945 | r:   739.000000 | avg_r:   371.568872 | e:   0.428350 | Q: 890.276245 | won: False 
# 3522 | steps_t: 11438 | t: 658.965919 | r:  1361.400000 | avg_r:   371.849915 | e:   0.428100 | Q: 1201.188477 | won: False 
# 3523 | steps_t: 11452 | t: 659.721412 | r:  1224.600000 | avg_r:   372.091967 | e:   0.427400 | Q: 1209.645020 | won: False 
# 3524 | steps_t: 11462 | t: 660.281707 | r:  1324.400000 | avg_r:   372.362202 | e:   0.426900 | Q: 1195.674683 | won: False 
# 3525 | steps_t: 11464 | t: 660.384168 | r:  1120.800000 | avg_r:   372.574525 | e:   0.426800 | Q: 1108.525024 | won: False 
# 3526 | steps_t: 11465 | t: 660.441571 | r:   194.600000 | avg_r:   372.524050 | e:   0.426750 | Q: 961.387939 | won: False 
# 3527 | steps_t: 11470 | t: 660.701294 | r:  1222.600000 | avg_r:   372.765069 | e:   0.426500 | Q: 1232.252441 | won: False 
# 3528 | steps_t: 11473 | t: 660.869086 | r:   964.200000 | avg_r:   372.932710 | e:   0.426350 | Q: 1155.662720 | won: False 
# 3529 | steps_t: 11477 | t: 661.092222 | r:   694.800000 | avg_r:   373.023916 | e:   0.426150 | Q: 1133.825195 | won: False 
# 3530 | steps_t: 11479 | t: 661.199308 | r:  1028.600000 | avg_r:   373.209632 | e:   0.426050 | Q: 1050.970825 | won: False 
# 3531 | steps_t: 11482 | t: 661.364204 | r:   483.800000 | avg_r:   373.240952 | e:   0.425900 | Q: 945.670532 | won: False 
# 3532 | steps_t: 11488 | t: 661.687657 | r:  1392.600000 | avg_r:   373.529558 | e:   0.425600 | Q: 1299.313232 | won: False 
# 3533 | steps_t: 11491 | t: 661.835398 | r:   466.400000 | avg_r:   373.555845 | e:   0.425450 | Q: 1116.796753 | won: False 
# 3534 | steps_t: 11503 | t: 662.488024 | r:  2992.800000 | avg_r:   374.297001 | e:   0.424850 | Q: 1264.998901 | won: True 
# 3535 | steps_t: 11505 | t: 662.599587 | r:  1336.600000 | avg_r:   374.569222 | e:   0.424750 | Q: 1032.052490 | won: False 
# 3536 | steps_t: 11507 | t: 662.700815 | r:   770.200000 | avg_r:   374.681109 | e:   0.424650 | Q: 942.616272 | won: False 
# 3537 | steps_t: 11509 | t: 662.816332 | r:   523.800000 | avg_r:   374.723268 | e:   0.424550 | Q: 1047.548950 | won: False 
# 3538 | steps_t: 11517 | t: 663.238630 | r:  1477.600000 | avg_r:   375.034992 | e:   0.424150 | Q: 1283.739746 | won: False 
# 3539 | steps_t: 11519 | t: 663.350570 | r:   218.600000 | avg_r:   374.990788 | e:   0.424050 | Q: 747.796387 | won: False 
# 3540 | steps_t: 11522 | t: 663.529803 | r:   695.600000 | avg_r:   375.081356 | e:   0.423900 | Q: 1115.202759 | won: False 
# 3541 | steps_t: 11525 | t: 663.680517 | r:  1033.600000 | avg_r:   375.267326 | e:   0.423750 | Q: 1193.783447 | won: False 
# 3542 | steps_t: 11527 | t: 663.783911 | r:   131.600000 | avg_r:   375.198532 | e:   0.423650 | Q: 764.606445 | won: False 
# 3543 | steps_t: 11528 | t: 663.858142 | r:   294.600000 | avg_r:   375.175783 | e:   0.423600 | Q: 711.308655 | won: False 
# 3544 | steps_t: 11530 | t: 663.970392 | r:  1061.000000 | avg_r:   375.369300 | e:   0.423500 | Q: 1019.048279 | won: False 
# 3545 | steps_t: 11531 | t: 664.033690 | r:   749.400000 | avg_r:   375.474810 | e:   0.423450 | Q: 1031.316895 | won: False 
# 3546 | steps_t: 11532 | t: 664.077500 | r:   -95.000000 | avg_r:   375.342132 | e:   0.423400 | Q: 713.955566 | won: False 
# 3547 | steps_t: 11539 | t: 664.460761 | r:   826.600000 | avg_r:   375.469354 | e:   0.423050 | Q: 1194.718872 | won: False 
# 3548 | steps_t: 11542 | t: 664.627471 | r:   711.800000 | avg_r:   375.564149 | e:   0.422900 | Q: 896.735840 | won: False 
# 3549 | steps_t: 11543 | t: 664.674677 | r:   594.400000 | avg_r:   375.625810 | e:   0.422850 | Q: 880.621460 | won: False 
# 3550 | steps_t: 11545 | t: 664.798606 | r:   477.600000 | avg_r:   375.654535 | e:   0.422750 | Q: 832.160583 | won: False 
# 3551 | steps_t: 11546 | t: 664.852651 | r:   861.000000 | avg_r:   375.791214 | e:   0.422700 | Q: 755.934082 | won: False 
# 3552 | steps_t: 11553 | t: 665.224427 | r:  3039.000000 | avg_r:   376.540991 | e:   0.422350 | Q: 1187.498901 | won: True 
# 3553 | steps_t: 11555 | t: 665.335033 | r:   712.600000 | avg_r:   376.635576 | e:   0.422250 | Q: 928.938721 | won: False 
# 3554 | steps_t: 11559 | t: 665.544534 | r:   656.600000 | avg_r:   376.714350 | e:   0.422050 | Q: 1104.355713 | won: False 
# 3555 | steps_t: 11561 | t: 665.665659 | r:   755.800000 | avg_r:   376.820985 | e:   0.421950 | Q: 983.656372 | won: False 
# 3556 | steps_t: 11564 | t: 665.829923 | r:   947.800000 | avg_r:   376.981552 | e:   0.421800 | Q: 1100.903809 | won: False 
# 3557 | steps_t: 11566 | t: 665.933507 | r:   167.800000 | avg_r:   376.922744 | e:   0.421700 | Q: 841.544800 | won: False 
# 3558 | steps_t: 11567 | t: 665.985649 | r:   180.400000 | avg_r:   376.867510 | e:   0.421650 | Q: 795.743469 | won: False 
# 3559 | steps_t: 11577 | t: 666.576341 | r:  2751.800000 | avg_r:   377.534813 | e:   0.421150 | Q: 1187.579590 | won: True 
# 3560 | steps_t: 11578 | t: 666.637744 | r:  -404.000000 | avg_r:   377.315281 | e:   0.421100 | Q: 678.607788 | won: False 
# 3561 | steps_t: 11579 | t: 666.701066 | r:   -44.800000 | avg_r:   377.196742 | e:   0.421050 | Q: 704.051514 | won: False 
# 3562 | steps_t: 11580 | t: 666.767322 | r:  -142.000000 | avg_r:   377.050983 | e:   0.421000 | Q: 860.408142 | won: False 
# 3563 | steps_t: 11584 | t: 667.009399 | r:  1501.000000 | avg_r:   377.366433 | e:   0.420800 | Q: 1200.210205 | won: False 
# 3564 | steps_t: 11585 | t: 667.068304 | r:  -113.800000 | avg_r:   377.228620 | e:   0.420750 | Q: 711.010254 | won: False 
# 3565 | steps_t: 11588 | t: 667.245485 | r:  -200.000000 | avg_r:   377.066704 | e:   0.420600 | Q: 794.493408 | won: False 
# 3566 | steps_t: 11591 | t: 667.411995 | r:   419.000000 | avg_r:   377.078463 | e:   0.420450 | Q: 997.278381 | won: False 
# 3567 | steps_t: 11595 | t: 667.643144 | r:   539.000000 | avg_r:   377.123858 | e:   0.420250 | Q: 1164.829712 | won: False 
# 3568 | steps_t: 11609 | t: 668.419930 | r:  1011.000000 | avg_r:   377.301513 | e:   0.419550 | Q: 1284.941772 | won: False 
# 3569 | steps_t: 11610 | t: 668.469719 | r:   299.400000 | avg_r:   377.279686 | e:   0.419500 | Q: 919.382385 | won: False 
# 3570 | steps_t: 11612 | t: 668.584098 | r:    76.000000 | avg_r:   377.195294 | e:   0.419400 | Q: 885.618591 | won: False 
# 3571 | steps_t: 11614 | t: 668.689550 | r:   277.000000 | avg_r:   377.167236 | e:   0.419300 | Q: 1001.509583 | won: False 
# 3572 | steps_t: 11618 | t: 668.912240 | r:   647.600000 | avg_r:   377.242945 | e:   0.419100 | Q: 1119.756226 | won: False 
# 3573 | steps_t: 11621 | t: 669.083008 | r:   397.400000 | avg_r:   377.248587 | e:   0.418950 | Q: 1173.367432 | won: False 
# 3574 | steps_t: 11625 | t: 669.327020 | r:  1558.000000 | avg_r:   377.578959 | e:   0.418750 | Q: 1216.065430 | won: False 
# 3575 | steps_t: 11627 | t: 669.442508 | r:   779.400000 | avg_r:   377.691357 | e:   0.418650 | Q: 921.500916 | won: False 
# 3576 | steps_t: 11628 | t: 669.501798 | r:   243.600000 | avg_r:   377.653859 | e:   0.418600 | Q: 806.819336 | won: False 
# 3577 | steps_t: 11637 | t: 669.995405 | r:  1131.800000 | avg_r:   377.864691 | e:   0.418150 | Q: 1171.165649 | won: False 
# 3578 | steps_t: 11639 | t: 670.104250 | r:   196.200000 | avg_r:   377.813918 | e:   0.418050 | Q: 983.025757 | won: False 
# 3579 | steps_t: 11640 | t: 670.169731 | r:   172.200000 | avg_r:   377.756468 | e:   0.418000 | Q: 751.309998 | won: False 
# 3580 | steps_t: 11642 | t: 670.267459 | r:   -91.400000 | avg_r:   377.625419 | e:   0.417900 | Q: 673.148865 | won: False 
# 3581 | steps_t: 11651 | t: 670.765306 | r:  1084.400000 | avg_r:   377.822787 | e:   0.417450 | Q: 1062.209717 | won: False 
# 3582 | steps_t: 11652 | t: 670.834938 | r:   483.600000 | avg_r:   377.852317 | e:   0.417400 | Q: 815.414001 | won: False 
# 3583 | steps_t: 11652 | t: 670.834938 | r:   -21.000000 | avg_r:   377.740999 | e:   0.417400 | Q: 666.874268 | won: False 
# 3584 | steps_t: 11661 | t: 671.324004 | r:  1301.400000 | avg_r:   377.998717 | e:   0.416950 | Q: 1168.021118 | won: False 
# 3585 | steps_t: 11663 | t: 671.427032 | r:   504.400000 | avg_r:   378.033975 | e:   0.416850 | Q: 866.761475 | won: False 
# 3586 | steps_t: 11664 | t: 671.472762 | r:   161.200000 | avg_r:   377.973508 | e:   0.416800 | Q: 691.960876 | won: False 
# 3587 | steps_t: 11666 | t: 671.588808 | r:   450.200000 | avg_r:   377.993644 | e:   0.416700 | Q: 786.183472 | won: False 
# 3588 | steps_t: 11668 | t: 671.702004 | r:   712.600000 | avg_r:   378.086901 | e:   0.416600 | Q: 1019.343445 | won: False 
# 3589 | steps_t: 11669 | t: 671.768353 | r:   -86.400000 | avg_r:   377.957481 | e:   0.416550 | Q: 679.122742 | won: False 
# 3590 | steps_t: 11671 | t: 671.875788 | r:   236.600000 | avg_r:   377.918106 | e:   0.416450 | Q: 740.426025 | won: False 
# 3591 | steps_t: 11672 | t: 671.922412 | r:   196.200000 | avg_r:   377.867502 | e:   0.416400 | Q: 814.582703 | won: False 
# 3592 | steps_t: 11674 | t: 672.048965 | r:   758.200000 | avg_r:   377.973385 | e:   0.416300 | Q: 952.525635 | won: False 
# 3593 | steps_t: 11679 | t: 672.315431 | r:  1140.200000 | avg_r:   378.185527 | e:   0.416050 | Q: 1118.787354 | won: False 
# 3594 | steps_t: 11680 | t: 672.369164 | r:   503.200000 | avg_r:   378.220312 | e:   0.416000 | Q: 815.842529 | won: False 
# 3595 | steps_t: 11682 | t: 672.472298 | r:   885.600000 | avg_r:   378.361446 | e:   0.415900 | Q: 968.190491 | won: False 
# 3596 | steps_t: 11682 | t: 672.487342 | r:   300.600000 | avg_r:   378.339822 | e:   0.415900 | Q: 686.012512 | won: False 
# 3597 | steps_t: 11684 | t: 672.591373 | r:   228.200000 | avg_r:   378.298082 | e:   0.415800 | Q: 749.968262 | won: False 
# 3598 | steps_t: 11686 | t: 672.714490 | r:  1245.800000 | avg_r:   378.539188 | e:   0.415700 | Q: 1080.555176 | won: False 
# 3599 | steps_t: 11686 | t: 672.714490 | r:   280.800000 | avg_r:   378.512031 | e:   0.415700 | Q: 711.040588 | won: False 
# 3600 | steps_t: 11689 | t: 672.888825 | r:  1030.800000 | avg_r:   378.693222 | e:   0.415550 | Q: 1148.749878 | won: False 
# 3601 | steps_t: 11691 | t: 673.000432 | r:   737.800000 | avg_r:   378.792946 | e:   0.415450 | Q: 1074.100708 | won: False 
# 3602 | steps_t: 11692 | t: 673.067645 | r:   232.800000 | avg_r:   378.752415 | e:   0.415400 | Q: 743.092834 | won: False 
# 3603 | steps_t: 11692 | t: 673.067645 | r:   289.800000 | avg_r:   378.727727 | e:   0.415400 | Q: 684.519348 | won: False 
# 3604 | steps_t: 11699 | t: 673.456239 | r:  1508.800000 | avg_r:   379.041287 | e:   0.415050 | Q: 1182.453247 | won: False 
# 3605 | steps_t: 11701 | t: 673.571391 | r:   486.400000 | avg_r:   379.071068 | e:   0.414950 | Q: 739.440918 | won: False 
# 3606 | steps_t: 11704 | t: 673.746085 | r:  1734.600000 | avg_r:   379.446977 | e:   0.414800 | Q: 1030.883301 | won: False 
# 3607 | steps_t: 11705 | t: 673.801206 | r:   287.400000 | avg_r:   379.421458 | e:   0.414750 | Q: 681.224609 | won: False 
# 3608 | steps_t: 11706 | t: 673.866858 | r:  -114.000000 | avg_r:   379.284701 | e:   0.414700 | Q: 789.055115 | won: False 
# 3609 | steps_t: 11708 | t: 673.967799 | r:   462.800000 | avg_r:   379.307842 | e:   0.414600 | Q: 775.660278 | won: False 
# 3610 | steps_t: 11716 | t: 674.414022 | r:  1272.600000 | avg_r:   379.555291 | e:   0.414200 | Q: 1219.016968 | won: False 
# 3611 | steps_t: 11717 | t: 674.484212 | r:   -87.000000 | avg_r:   379.426087 | e:   0.414150 | Q: 667.868958 | won: False 
# 3612 | steps_t: 11719 | t: 674.584216 | r:  1075.200000 | avg_r:   379.618715 | e:   0.414050 | Q: 1048.400269 | won: False 
# 3613 | steps_t: 11720 | t: 674.635529 | r:   -94.000000 | avg_r:   379.487628 | e:   0.414000 | Q: 858.615906 | won: False 
# 3614 | steps_t: 11721 | t: 674.701316 | r:   203.400000 | avg_r:   379.438904 | e:   0.413950 | Q: 696.887085 | won: False 
# 3615 | steps_t: 11729 | t: 675.136719 | r:  1439.800000 | avg_r:   379.732227 | e:   0.413550 | Q: 1187.354126 | won: False 
# 3616 | steps_t: 11730 | t: 675.199009 | r:   504.600000 | avg_r:   379.766759 | e:   0.413500 | Q: 941.750183 | won: False 
# 3617 | steps_t: 11731 | t: 675.247945 | r:  -346.000000 | avg_r:   379.566105 | e:   0.413450 | Q: 693.411377 | won: False 
# 3618 | steps_t: 11732 | t: 675.293164 | r:   175.800000 | avg_r:   379.509784 | e:   0.413400 | Q: 715.614014 | won: False 
# 3619 | steps_t: 11736 | t: 675.513633 | r:   410.200000 | avg_r:   379.518265 | e:   0.413200 | Q: 1186.802124 | won: False 
# 3620 | steps_t: 11737 | t: 675.584047 | r:   455.200000 | avg_r:   379.539171 | e:   0.413150 | Q: 838.795532 | won: False 
# 3621 | steps_t: 11738 | t: 675.636049 | r:   494.600000 | avg_r:   379.570947 | e:   0.413100 | Q: 1003.497131 | won: False 
# 3622 | steps_t: 11739 | t: 675.693802 | r:   499.000000 | avg_r:   379.603920 | e:   0.413050 | Q: 865.059448 | won: False 
# 3623 | steps_t: 11746 | t: 676.070797 | r:   870.400000 | avg_r:   379.739387 | e:   0.412700 | Q: 1183.251953 | won: False 
# 3624 | steps_t: 11749 | t: 676.230719 | r:   447.600000 | avg_r:   379.758113 | e:   0.412550 | Q: 805.109741 | won: False 
# 3625 | steps_t: 11753 | t: 676.447147 | r:  1279.800000 | avg_r:   380.006400 | e:   0.412350 | Q: 1131.499268 | won: False 
# 3626 | steps_t: 11755 | t: 676.552453 | r:   584.600000 | avg_r:   380.062824 | e:   0.412250 | Q: 860.862610 | won: False 
# 3627 | steps_t: 11759 | t: 676.778187 | r:  1225.400000 | avg_r:   380.295892 | e:   0.412050 | Q: 1165.705811 | won: False 
# 3628 | steps_t: 11761 | t: 676.887281 | r:   761.600000 | avg_r:   380.400992 | e:   0.411950 | Q: 991.732483 | won: False 
# 3629 | steps_t: 11762 | t: 676.938620 | r:   491.400000 | avg_r:   380.431579 | e:   0.411900 | Q: 826.997253 | won: False 
# 3630 | steps_t: 11766 | t: 677.176424 | r:   571.400000 | avg_r:   380.484187 | e:   0.411700 | Q: 1132.008789 | won: False 
# 3631 | steps_t: 11767 | t: 677.255100 | r:   229.400000 | avg_r:   380.442578 | e:   0.411650 | Q: 740.827209 | won: False 
# 3632 | steps_t: 11771 | t: 677.475371 | r:  1538.400000 | avg_r:   380.761399 | e:   0.411450 | Q: 1114.591064 | won: False 
# 3633 | steps_t: 11774 | t: 677.646454 | r:   384.800000 | avg_r:   380.762510 | e:   0.411300 | Q: 1157.647583 | won: False 
# 3634 | steps_t: 11775 | t: 677.704076 | r:   504.400000 | avg_r:   380.796533 | e:   0.411250 | Q: 833.615173 | won: False 
# 3635 | steps_t: 11783 | t: 678.147014 | r:  1485.800000 | avg_r:   381.100523 | e:   0.410850 | Q: 1278.690552 | won: False 
# 3636 | steps_t: 11786 | t: 678.297686 | r:   775.000000 | avg_r:   381.208856 | e:   0.410700 | Q: 1186.836670 | won: False 
# 3637 | steps_t: 11787 | t: 678.371255 | r:   178.400000 | avg_r:   381.153093 | e:   0.410650 | Q: 951.946899 | won: False 
# 3638 | steps_t: 11788 | t: 678.434934 | r:   493.200000 | avg_r:   381.183892 | e:   0.410600 | Q: 839.245117 | won: False 
# 3639 | steps_t: 11791 | t: 678.601728 | r:   708.000000 | avg_r:   381.273702 | e:   0.410450 | Q: 1079.077515 | won: False 
# 3640 | steps_t: 11792 | t: 678.661612 | r:   288.600000 | avg_r:   381.248242 | e:   0.410400 | Q: 755.825684 | won: False 
# 3641 | steps_t: 11796 | t: 678.893514 | r:   562.200000 | avg_r:   381.297940 | e:   0.410200 | Q: 1142.905151 | won: False 
# 3642 | steps_t: 11799 | t: 679.055980 | r:  1624.400000 | avg_r:   381.639264 | e:   0.410050 | Q: 1188.303711 | won: False 
# 3643 | steps_t: 11800 | t: 679.102998 | r:   504.400000 | avg_r:   381.672962 | e:   0.410000 | Q: 788.333435 | won: False 
# 3644 | steps_t: 11804 | t: 679.318185 | r:  1370.600000 | avg_r:   381.944347 | e:   0.409800 | Q: 1166.418701 | won: False 
# 3645 | steps_t: 11805 | t: 679.384734 | r:   236.800000 | avg_r:   381.904527 | e:   0.409750 | Q: 884.240540 | won: False 
# 3646 | steps_t: 11818 | t: 680.100386 | r:  1166.000000 | avg_r:   382.119583 | e:   0.409100 | Q: 1314.621582 | won: False 
# 3647 | steps_t: 11820 | t: 680.215262 | r:   699.400000 | avg_r:   382.206581 | e:   0.409000 | Q: 972.968506 | won: False 
# 3648 | steps_t: 11823 | t: 680.387679 | r:  1602.000000 | avg_r:   382.540954 | e:   0.408850 | Q: 1224.347046 | won: False 
# 3649 | steps_t: 11824 | t: 680.451231 | r:   534.400000 | avg_r:   382.582571 | e:   0.408800 | Q: 857.802246 | won: False 
# 3650 | steps_t: 11826 | t: 680.565695 | r:   737.800000 | avg_r:   382.679890 | e:   0.408700 | Q: 1061.627930 | won: False 
# 3651 | steps_t: 11828 | t: 680.665683 | r:   767.200000 | avg_r:   382.785210 | e:   0.408600 | Q: 922.597046 | won: False 
# 3652 | steps_t: 11830 | t: 680.766506 | r:   549.800000 | avg_r:   382.830942 | e:   0.408500 | Q: 859.368896 | won: False 
# 3653 | steps_t: 11835 | t: 681.046821 | r:  1649.600000 | avg_r:   383.177717 | e:   0.408250 | Q: 1175.892700 | won: False 
# 3654 | steps_t: 11837 | t: 681.159267 | r:   -75.800000 | avg_r:   383.052107 | e:   0.408150 | Q: 684.103333 | won: False 
# 3655 | steps_t: 11845 | t: 681.584170 | r:  1020.800000 | avg_r:   383.226594 | e:   0.407750 | Q: 1085.101562 | won: False 
# 3656 | steps_t: 11847 | t: 681.700069 | r:   579.000000 | avg_r:   383.280142 | e:   0.407650 | Q: 800.683228 | won: False 
# 3657 | steps_t: 11848 | t: 681.767348 | r:   -93.000000 | avg_r:   383.149904 | e:   0.407600 | Q: 699.344482 | won: False 
# 3658 | steps_t: 11849 | t: 681.818158 | r:   185.800000 | avg_r:   383.095954 | e:   0.407550 | Q: 630.541626 | won: False 
# 3659 | steps_t: 11853 | t: 682.058340 | r:  1053.400000 | avg_r:   383.279147 | e:   0.407350 | Q: 1057.571777 | won: False 
# 3660 | steps_t: 11855 | t: 682.181409 | r:   456.600000 | avg_r:   383.299180 | e:   0.407250 | Q: 778.609192 | won: False 
# 3661 | steps_t: 11857 | t: 682.289836 | r:   205.600000 | avg_r:   383.250642 | e:   0.407150 | Q: 710.930786 | won: False 
# 3662 | steps_t: 11858 | t: 682.358802 | r:   151.200000 | avg_r:   383.187275 | e:   0.407100 | Q: 648.602905 | won: False 
# 3663 | steps_t: 11860 | t: 682.482025 | r:   742.400000 | avg_r:   383.285340 | e:   0.407000 | Q: 973.425659 | won: False 
# 3664 | steps_t: 11863 | t: 682.662371 | r:  1243.000000 | avg_r:   383.519978 | e:   0.406850 | Q: 1097.415405 | won: False 
# 3665 | steps_t: 11864 | t: 682.718788 | r:   170.200000 | avg_r:   383.461774 | e:   0.406800 | Q: 655.028381 | won: False 
# 3666 | steps_t: 11867 | t: 682.882629 | r:   134.000000 | avg_r:   383.393726 | e:   0.406650 | Q: 935.902649 | won: False 
# 3667 | steps_t: 11868 | t: 682.944291 | r:   504.400000 | avg_r:   383.426725 | e:   0.406600 | Q: 775.453491 | won: False 
# 3668 | steps_t: 11870 | t: 683.064154 | r:  1122.600000 | avg_r:   383.628244 | e:   0.406500 | Q: 1101.116943 | won: False 
# 3669 | steps_t: 11875 | t: 683.339890 | r:  1225.400000 | avg_r:   383.857672 | e:   0.406250 | Q: 1232.874023 | won: False 
# 3670 | steps_t: 11876 | t: 683.402219 | r:   545.800000 | avg_r:   383.901798 | e:   0.406200 | Q: 971.388794 | won: False 
# 3671 | steps_t: 11878 | t: 683.518025 | r:  1029.400000 | avg_r:   384.077636 | e:   0.406100 | Q: 1071.341675 | won: False 
# 3672 | steps_t: 11879 | t: 683.569853 | r:   -57.000000 | avg_r:   383.957516 | e:   0.406050 | Q: 761.271729 | won: False 
# 3673 | steps_t: 11881 | t: 683.684875 | r:   -55.800000 | avg_r:   383.837789 | e:   0.405950 | Q: 751.273621 | won: False 
# 3674 | steps_t: 11889 | t: 684.130784 | r:  1034.600000 | avg_r:   384.014916 | e:   0.405550 | Q: 1155.896973 | won: False 
# 3675 | steps_t: 11891 | t: 684.257124 | r:   569.200000 | avg_r:   384.065306 | e:   0.405450 | Q: 950.284424 | won: False 
# 3676 | steps_t: 11893 | t: 684.380154 | r:   744.200000 | avg_r:   384.163275 | e:   0.405350 | Q: 1128.816040 | won: False 
# 3677 | steps_t: 11895 | t: 684.485347 | r:   278.400000 | avg_r:   384.134512 | e:   0.405250 | Q: 758.742981 | won: False 
# 3678 | steps_t: 11900 | t: 684.771331 | r:  1204.000000 | avg_r:   384.357423 | e:   0.405000 | Q: 1215.061890 | won: False 
# 3679 | steps_t: 11902 | t: 684.888139 | r:   429.800000 | avg_r:   384.369774 | e:   0.404900 | Q: 957.691895 | won: False 
# 3680 | steps_t: 11904 | t: 685.015743 | r:   753.800000 | avg_r:   384.470163 | e:   0.404800 | Q: 993.575500 | won: False 
# 3681 | steps_t: 11906 | t: 685.131700 | r:  -107.400000 | avg_r:   384.336539 | e:   0.404700 | Q: 760.326782 | won: False 
# 3682 | steps_t: 11909 | t: 685.294739 | r:  1001.200000 | avg_r:   384.504074 | e:   0.404550 | Q: 1171.556030 | won: False 
# 3683 | steps_t: 11912 | t: 685.473876 | r:   960.600000 | avg_r:   384.660494 | e:   0.404400 | Q: 1212.375488 | won: False 
# 3684 | steps_t: 11929 | t: 686.406395 | r:  2602.600000 | avg_r:   385.262541 | e:   0.403550 | Q: 1271.673096 | won: True 
# 3685 | steps_t: 11930 | t: 686.452931 | r:   235.200000 | avg_r:   385.221818 | e:   0.403500 | Q: 1184.781860 | won: False 
# 3686 | steps_t: 11935 | t: 686.730656 | r:   632.200000 | avg_r:   385.288823 | e:   0.403250 | Q: 1254.949463 | won: False 
# 3687 | steps_t: 11937 | t: 686.856129 | r:   446.000000 | avg_r:   385.305289 | e:   0.403150 | Q: 1269.132935 | won: False 
# 3688 | steps_t: 11938 | t: 686.917696 | r:   -88.200000 | avg_r:   385.176898 | e:   0.403100 | Q: 990.779846 | won: False 
# 3689 | steps_t: 11940 | t: 687.021121 | r:   770.000000 | avg_r:   385.281214 | e:   0.403000 | Q: 1047.871460 | won: False 
# 3690 | steps_t: 11941 | t: 687.085213 | r:   871.200000 | avg_r:   385.412900 | e:   0.402950 | Q: 1133.593140 | won: False 
# 3691 | steps_t: 11944 | t: 687.261320 | r:   827.200000 | avg_r:   385.532593 | e:   0.402800 | Q: 1189.645752 | won: False 
# 3692 | steps_t: 11947 | t: 687.413350 | r:   916.200000 | avg_r:   385.676327 | e:   0.402650 | Q: 1195.596680 | won: False 
# 3693 | steps_t: 11949 | t: 687.531741 | r:   488.200000 | avg_r:   385.704089 | e:   0.402550 | Q: 788.350098 | won: False 
# 3694 | steps_t: 11950 | t: 687.600792 | r:  -119.800000 | avg_r:   385.567244 | e:   0.402500 | Q: 794.769592 | won: False 
# 3695 | steps_t: 11954 | t: 687.812620 | r:  1261.800000 | avg_r:   385.804384 | e:   0.402300 | Q: 1194.437866 | won: False 
# 3696 | steps_t: 11961 | t: 688.201056 | r:  1283.000000 | avg_r:   386.047132 | e:   0.401950 | Q: 1310.904297 | won: False 
# 3697 | steps_t: 11964 | t: 688.361704 | r:  1025.800000 | avg_r:   386.220179 | e:   0.401800 | Q: 1140.526733 | won: False 
# 3698 | steps_t: 11966 | t: 688.466534 | r:   590.600000 | avg_r:   386.275446 | e:   0.401700 | Q: 937.220032 | won: False 
# 3699 | steps_t: 11967 | t: 688.517424 | r:   172.200000 | avg_r:   386.217572 | e:   0.401650 | Q: 1042.775391 | won: False 
# 3700 | steps_t: 11968 | t: 688.569528 | r:  -355.000000 | avg_r:   386.017243 | e:   0.401600 | Q: 731.390869 | won: False 
# 3701 | steps_t: 11971 | t: 688.746315 | r:   930.000000 | avg_r:   386.164226 | e:   0.401450 | Q: 1257.677246 | won: False 
# 3702 | steps_t: 11973 | t: 688.853711 | r:   636.000000 | avg_r:   386.231713 | e:   0.401350 | Q: 1242.418701 | won: False 
# 3703 | steps_t: 11975 | t: 688.968204 | r:   718.400000 | avg_r:   386.321415 | e:   0.401250 | Q: 1063.287720 | won: False 
# 3704 | steps_t: 11978 | t: 689.135924 | r:  1052.800000 | avg_r:   386.501350 | e:   0.401100 | Q: 1199.494873 | won: False 
# 3705 | steps_t: 11985 | t: 689.535178 | r:  1400.600000 | avg_r:   386.775061 | e:   0.400750 | Q: 1333.058594 | won: False 
# 3706 | steps_t: 11997 | t: 690.353852 | r:   649.800000 | avg_r:   386.846033 | e:   0.400150 | Q: 1275.432739 | won: False 
# 3707 | steps_t: 11999 | t: 690.465789 | r:   221.400000 | avg_r:   386.801403 | e:   0.400050 | Q: 737.665649 | won: False 
# 3708 | steps_t: 12001 | t: 690.597094 | r:   758.600000 | avg_r:   386.901672 | e:   0.399950 | Q: 1004.172546 | won: False 
# 3709 | steps_t: 12002 | t: 690.651268 | r:   187.600000 | avg_r:   386.847937 | e:   0.399900 | Q: 718.082947 | won: False 
# 3710 | steps_t: 12003 | t: 690.716589 | r:  -166.800000 | avg_r:   386.698706 | e:   0.399850 | Q: 701.166321 | won: False 
# 3711 | steps_t: 12010 | t: 691.143551 | r:   922.800000 | avg_r:   386.843169 | e:   0.399500 | Q: 1045.712891 | won: False 
# 3712 | steps_t: 12011 | t: 691.218295 | r:   200.000000 | avg_r:   386.792834 | e:   0.399450 | Q: 705.217041 | won: False 
# 3713 | steps_t: 12013 | t: 691.336308 | r:   563.000000 | avg_r:   386.840291 | e:   0.399350 | Q: 718.029419 | won: False 
# 3714 | steps_t: 12014 | t: 691.400862 | r:   521.200000 | avg_r:   386.876467 | e:   0.399300 | Q: 778.141479 | won: False 
# 3715 | steps_t: 12019 | t: 691.691516 | r:  1419.800000 | avg_r:   387.154509 | e:   0.399050 | Q: 1135.678711 | won: False 
# 3716 | steps_t: 12021 | t: 691.816188 | r:  1023.400000 | avg_r:   387.325727 | e:   0.398950 | Q: 961.007446 | won: False 
# 3717 | steps_t: 12022 | t: 691.883465 | r:   550.400000 | avg_r:   387.369599 | e:   0.398900 | Q: 757.410583 | won: False 
# 3718 | steps_t: 12023 | t: 691.951001 | r:   767.800000 | avg_r:   387.471920 | e:   0.398850 | Q: 908.354126 | won: False 
# 3719 | steps_t: 12024 | t: 692.017406 | r:   264.600000 | avg_r:   387.438881 | e:   0.398800 | Q: 818.948914 | won: False 
# 3720 | steps_t: 12026 | t: 692.131821 | r:   961.800000 | avg_r:   387.593280 | e:   0.398700 | Q: 975.364685 | won: False 
# 3721 | steps_t: 12028 | t: 692.247810 | r:   559.600000 | avg_r:   387.639506 | e:   0.398600 | Q: 768.630432 | won: False 
# 3722 | steps_t: 12029 | t: 692.300820 | r:   204.400000 | avg_r:   387.590274 | e:   0.398550 | Q: 737.144958 | won: False 
# 3723 | steps_t: 12030 | t: 692.367534 | r:   -71.000000 | avg_r:   387.467096 | e:   0.398500 | Q: 647.520264 | won: False 
# 3724 | steps_t: 12038 | t: 692.815420 | r:  1408.600000 | avg_r:   387.741300 | e:   0.398100 | Q: 1224.067505 | won: False 
# 3725 | steps_t: 12045 | t: 693.246965 | r:  1516.600000 | avg_r:   388.044349 | e:   0.397750 | Q: 1173.105347 | won: False 
# 3726 | steps_t: 12046 | t: 693.301009 | r:    -0.200000 | avg_r:   387.940150 | e:   0.397700 | Q: 683.316223 | won: False 
# 3727 | steps_t: 12048 | t: 693.415437 | r:  1025.600000 | avg_r:   388.111242 | e:   0.397600 | Q: 1022.441956 | won: False 
# 3728 | steps_t: 12051 | t: 693.578600 | r:  3219.800000 | avg_r:   388.870815 | e:   0.397450 | Q: 1192.927124 | won: True 
# 3729 | steps_t: 12056 | t: 693.888077 | r:  3171.200000 | avg_r:   389.616948 | e:   0.397200 | Q: 1245.430664 | won: True 
# 3730 | steps_t: 12058 | t: 693.985223 | r:   160.400000 | avg_r:   389.555496 | e:   0.397100 | Q: 874.056824 | won: False 
# 3731 | steps_t: 12061 | t: 694.164289 | r:   754.600000 | avg_r:   389.653337 | e:   0.396950 | Q: 1101.379150 | won: False 
# 3732 | steps_t: 12063 | t: 694.283414 | r:   488.400000 | avg_r:   389.679796 | e:   0.396850 | Q: 937.877747 | won: False 
# 3733 | steps_t: 12069 | t: 694.652880 | r:   911.400000 | avg_r:   389.819555 | e:   0.396550 | Q: 1151.703247 | won: False 
# 3734 | steps_t: 12075 | t: 694.987393 | r:  3093.000000 | avg_r:   390.543492 | e:   0.396250 | Q: 1295.548340 | won: True 
# 3735 | steps_t: 12078 | t: 695.152209 | r:   777.800000 | avg_r:   390.647175 | e:   0.396100 | Q: 1157.716919 | won: False 
# 3736 | steps_t: 12083 | t: 695.454555 | r:  1011.000000 | avg_r:   390.813223 | e:   0.395850 | Q: 1116.685059 | won: False 
# 3737 | steps_t: 12085 | t: 695.564424 | r:   186.400000 | avg_r:   390.758523 | e:   0.395750 | Q: 778.554260 | won: False 
# 3738 | steps_t: 12086 | t: 695.637886 | r:   154.800000 | avg_r:   390.695399 | e:   0.395700 | Q: 997.087402 | won: False 
# 3739 | steps_t: 12088 | t: 695.763527 | r:  1070.200000 | avg_r:   390.877133 | e:   0.395600 | Q: 995.312866 | won: False 
# 3740 | steps_t: 12090 | t: 695.889175 | r:   114.200000 | avg_r:   390.803155 | e:   0.395500 | Q: 778.361938 | won: False 
# 3741 | steps_t: 12091 | t: 695.951007 | r:   -92.800000 | avg_r:   390.673884 | e:   0.395450 | Q: 671.546265 | won: False 
# 3742 | steps_t: 12094 | t: 696.127692 | r:  1002.000000 | avg_r:   390.837253 | e:   0.395300 | Q: 1070.214722 | won: False 
# 3743 | steps_t: 12095 | t: 696.200054 | r:   224.000000 | avg_r:   390.792680 | e:   0.395250 | Q: 679.849487 | won: False 
# 3744 | steps_t: 12097 | t: 696.313641 | r:   806.200000 | avg_r:   390.903632 | e:   0.395150 | Q: 982.406799 | won: False 
# 3745 | steps_t: 12099 | t: 696.470258 | r:  1125.200000 | avg_r:   391.099706 | e:   0.395050 | Q: 1071.298828 | won: False 
# 3746 | steps_t: 12103 | t: 696.736884 | r:  3173.600000 | avg_r:   391.842499 | e:   0.394850 | Q: 1153.453491 | won: True 
# 3747 | steps_t: 12105 | t: 696.856611 | r:   535.400000 | avg_r:   391.880811 | e:   0.394750 | Q: 937.995422 | won: False 
# 3748 | steps_t: 12107 | t: 696.986870 | r:   174.400000 | avg_r:   391.822785 | e:   0.394650 | Q: 760.148132 | won: False 
# 3749 | steps_t: 12110 | t: 697.169922 | r:  1632.400000 | avg_r:   392.153694 | e:   0.394500 | Q: 1094.815063 | won: False 
# 3750 | steps_t: 12111 | t: 697.240799 | r:   -91.200000 | avg_r:   392.024800 | e:   0.394450 | Q: 648.591125 | won: False 
# 3751 | steps_t: 12113 | t: 697.374105 | r:   542.800000 | avg_r:   392.064996 | e:   0.394350 | Q: 806.070007 | won: False 
# 3752 | steps_t: 12116 | t: 697.556505 | r:  1274.000000 | avg_r:   392.300053 | e:   0.394200 | Q: 1032.496582 | won: False 
# 3753 | steps_t: 12122 | t: 697.908370 | r:  1236.600000 | avg_r:   392.525020 | e:   0.393900 | Q: 1071.181519 | won: False 
# 3754 | steps_t: 12123 | t: 697.972582 | r:   804.600000 | avg_r:   392.634790 | e:   0.393850 | Q: 889.525208 | won: False 
# 3755 | steps_t: 12126 | t: 698.136345 | r:  1013.800000 | avg_r:   392.800213 | e:   0.393700 | Q: 1091.701294 | won: False 
# 3756 | steps_t: 12127 | t: 698.197467 | r:   299.000000 | avg_r:   392.775240 | e:   0.393650 | Q: 713.101074 | won: False 
# 3757 | steps_t: 12128 | t: 698.259835 | r:   193.000000 | avg_r:   392.722065 | e:   0.393600 | Q: 747.817993 | won: False 
# 3758 | steps_t: 12129 | t: 698.330638 | r:    61.400000 | avg_r:   392.633901 | e:   0.393550 | Q: 701.177551 | won: False 
# 3759 | steps_t: 12131 | t: 698.444191 | r:   438.000000 | avg_r:   392.645970 | e:   0.393450 | Q: 769.193848 | won: False 
# 3760 | steps_t: 12132 | t: 698.499552 | r:   237.200000 | avg_r:   392.604628 | e:   0.393400 | Q: 721.120972 | won: False 
# 3761 | steps_t: 12134 | t: 698.610909 | r:  -412.000000 | avg_r:   392.390694 | e:   0.393300 | Q: 716.504883 | won: False 
# 3762 | steps_t: 12135 | t: 698.674431 | r:   489.800000 | avg_r:   392.416587 | e:   0.393250 | Q: 1032.303101 | won: False 
# 3763 | steps_t: 12136 | t: 698.736567 | r:   494.200000 | avg_r:   392.443635 | e:   0.393200 | Q: 975.287170 | won: False 
# 3764 | steps_t: 12138 | t: 698.857832 | r:  3167.200000 | avg_r:   393.180818 | e:   0.393100 | Q: 1163.060547 | won: True 
# 3765 | steps_t: 12139 | t: 698.924233 | r:  1174.600000 | avg_r:   393.388367 | e:   0.393050 | Q: 1095.443970 | won: False 
# 3766 | steps_t: 12141 | t: 699.035923 | r:   473.400000 | avg_r:   393.409612 | e:   0.392950 | Q: 1023.144104 | won: False 
# 3767 | steps_t: 12147 | t: 699.378103 | r:  1093.200000 | avg_r:   393.595381 | e:   0.392650 | Q: 1213.903687 | won: False 
# 3768 | steps_t: 12151 | t: 699.602406 | r:  3204.200000 | avg_r:   394.341295 | e:   0.392450 | Q: 1261.785400 | won: True 
# 3769 | steps_t: 12154 | t: 699.776967 | r:  1285.800000 | avg_r:   394.577819 | e:   0.392300 | Q: 1178.885742 | won: False 
# 3770 | steps_t: 12157 | t: 699.951674 | r:  1319.400000 | avg_r:   394.823130 | e:   0.392150 | Q: 1197.672607 | won: False 
# 3771 | steps_t: 12160 | t: 700.115698 | r:  1069.200000 | avg_r:   395.001962 | e:   0.392000 | Q: 1094.877563 | won: False 
# 3772 | steps_t: 12168 | t: 700.581965 | r:  1069.600000 | avg_r:   395.180806 | e:   0.391600 | Q: 1267.256958 | won: False 
# 3773 | steps_t: 12173 | t: 700.858950 | r:   617.600000 | avg_r:   395.239756 | e:   0.391350 | Q: 1185.898926 | won: False 
# 3774 | steps_t: 12177 | t: 701.078522 | r:   927.600000 | avg_r:   395.380816 | e:   0.391150 | Q: 1247.972412 | won: False 
# 3775 | steps_t: 12180 | t: 701.265499 | r:  -209.800000 | avg_r:   395.220503 | e:   0.391000 | Q: 756.389282 | won: False 
# 3776 | steps_t: 12182 | t: 701.384853 | r:   573.600000 | avg_r:   395.267744 | e:   0.390900 | Q: 904.722839 | won: False 
# 3777 | steps_t: 12183 | t: 701.443153 | r:  -113.600000 | avg_r:   395.133016 | e:   0.390850 | Q: 688.874878 | won: False 
# 3778 | steps_t: 12190 | t: 701.870080 | r:  1502.800000 | avg_r:   395.426204 | e:   0.390500 | Q: 1253.278931 | won: False 
# 3779 | steps_t: 12192 | t: 701.984410 | r:   220.400000 | avg_r:   395.379889 | e:   0.390400 | Q: 720.547852 | won: False 
# 3780 | steps_t: 12195 | t: 702.163934 | r:  1291.600000 | avg_r:   395.616984 | e:   0.390250 | Q: 1068.039795 | won: False 
# 3781 | steps_t: 12197 | t: 702.273537 | r:   461.000000 | avg_r:   395.634277 | e:   0.390150 | Q: 927.932556 | won: False 
# 3782 | steps_t: 12199 | t: 702.388453 | r:  -129.000000 | avg_r:   395.495558 | e:   0.390050 | Q: 783.126160 | won: False 
# 3783 | steps_t: 12210 | t: 703.021754 | r:  1100.200000 | avg_r:   395.681840 | e:   0.389500 | Q: 1145.101440 | won: False 
# 3784 | steps_t: 12211 | t: 703.077928 | r:   -41.400000 | avg_r:   395.566332 | e:   0.389450 | Q: 710.134827 | won: False 
# 3785 | steps_t: 12212 | t: 703.129154 | r:   297.600000 | avg_r:   395.540449 | e:   0.389400 | Q: 667.270813 | won: False 
# 3786 | steps_t: 12213 | t: 703.192330 | r:  1126.000000 | avg_r:   395.733386 | e:   0.389350 | Q: 954.882874 | won: False 
# 3787 | steps_t: 12218 | t: 703.480492 | r:  1218.800000 | avg_r:   395.950726 | e:   0.389100 | Q: 1167.595947 | won: False 
# 3788 | steps_t: 12221 | t: 703.642534 | r:  1354.600000 | avg_r:   396.203801 | e:   0.388950 | Q: 1118.902954 | won: False 
# 3789 | steps_t: 12222 | t: 703.702123 | r:   300.800000 | avg_r:   396.178622 | e:   0.388900 | Q: 783.720459 | won: False 
# 3790 | steps_t: 12224 | t: 703.818133 | r:   598.800000 | avg_r:   396.232084 | e:   0.388800 | Q: 909.793701 | won: False 
# 3791 | steps_t: 12225 | t: 703.891009 | r:   105.800000 | avg_r:   396.155473 | e:   0.388750 | Q: 736.863159 | won: False 
# 3792 | steps_t: 12226 | t: 703.962544 | r:   155.400000 | avg_r:   396.091983 | e:   0.388700 | Q: 744.155151 | won: False 
# 3793 | steps_t: 12229 | t: 704.149435 | r:   818.400000 | avg_r:   396.203322 | e:   0.388550 | Q: 1132.882202 | won: False 
# 3794 | steps_t: 12230 | t: 704.219629 | r:   861.000000 | avg_r:   396.325830 | e:   0.388500 | Q: 934.100830 | won: False 
# 3795 | steps_t: 12231 | t: 704.287717 | r:   255.600000 | avg_r:   396.288748 | e:   0.388450 | Q: 805.045898 | won: False 
